cod_mun,Município,UF,Area equipada total   ,area_arroz,Area equipada por irrigação por Municipio (Café),Area equipada por Municipio (cana de açucar, Irrigada e Fertirrigada),Area equipada por irrigação por Municipio (Outras culturas),Area potencial de ser colhida irrigada por municipio por cultura  (Arroz ),Area potencial de ser colhida irrigada por municipio por cultura  (Café),Area potencial de ser colhida irrigada por municipio por cultura (Cana),Area potencial de ser colhida irrigada por municipio por cultura (Outras Culturas),Area potencial de ser colhida irrigada por municipio por cultura ,Valor da produção total do município (1000 R$) do Arroz ,Valor da produção total do município (1000 R$) do Café ,Valor da produção total do município (1000 R$) da cana de açucar (Irrigada e Fertirrigada) ,Valor da produção total do município (1000 R$) de Outras Culturas ,Valor da produção total do município (1000 R$) ,Area Colhida por municipio (ha) de arroz ,Area Colhida por municipio (ha) Café ,Area Colhida por municipio (ha) cana de açucar (Irrigada e Fertirrigada),Area Colhida  por municipio (ha) Outras Culturas  ,Area Colhida total  (ha) por municipio ,taxa_arroz,Taxa regional media de produção de Café (1000R$/ha) ,Taxa regional media de produção de Cana (1000R$/ha) ,Taxa regional media de produção de Demais culturas (1000R$/ha) ,Taxa regional media de produção (1000R$/ha) ,Produção irrigada por Municipio por cultura (Arroz) (1000 R$),Produção irrigada por Municipio por cultura (Café) (1000 R$),Produção irrigada por Municipio por cultura (Cana) (1000 R$),Produção irrigada por Municipio por cultura (Outras Culturas) (1000 R$),Produção irrigada por Municipio (1000 R$)
2900108,Abaíra,BA,408,0,8,0,400,0,8,0,1000,1008,"R$ 25,00","R$ 1.792,00","R$ 2.038,00","R$ 1.930,00","R$ 5.785,00",14,145,300,471,930,"1,785714286","12,35862069","6,793333333","4,097664544","6,220430108","R$ 0,00","R$ 98,87","R$ 0,00","R$ 4.097,66","R$ 4.196,53",
2900207,Abaré,BA,3.256,0,0,0,3.256,0,0,0,8140,8140,-,-,-,"R$ 50.357,00","R$ 50.357,00",-,-,-,2887,2887,0,0,0,"17,44267406","17,44267406","R$ 0,00","R$ 0,00","R$ 0,00","R$ 141.983,37","R$ 141.983,37",
2900306,Acajutiba,BA,125,0,0,0,125,0,0,0,"312,5","312,5",-,-,-,"R$ 20.145,00","R$ 20.145,00",-,-,-,3518,3518,0,0,0,"5,726264923","5,726264923","R$ 0,00","R$ 0,00","R$ 0,00","R$ 1.789,46","R$ 1.789,46",
2900355,Adustina,BA,3,0,0,0,3,0,0,0,"7,5","7,5",-,-,-,"R$ 149.440,00","R$ 149.440,00",-,-,-,34700,34700,0,0,0,"4,306628242","4,306628242","R$ 0,00","R$ 0,00","R$ 0,00","R$ 32,30","R$ 32,30",
2900405,Água Fria,BA,0,0,0,0,0,0,0,0,0,0,-,-,-,"R$ 1.084,00","R$ 1.084,00",-,-,-,4108,4108,0,0,0,"0,2638753651","0,2638753651","R$ 0,00","R$ 0,00","R$ 0,00","R$ 0,00","R$ 0,00",
2900504,Érico Cardoso,BA,358,0,0,0,358,0,0,0,895,895,"R$ 120,00","R$ 37,00","R$ 1.324,00","R$ 5.685,00","R$ 7.166,00",50,5,240,1192,1487,"2,4","7,4","5,516666667","4,769295302","4,819098857","R$ 0,00","R$ 0,00","R$ 0,00","R$ 4.268,52","R$ 4.268,52",
2900603,Aiquara,BA,107,0,0,0,107,0,0,0,"267,5","267,5",-,"R$ 11,00","R$ 29,00","R$ 25.235,00","R$ 25.275,00",-,2,7,2423,2432,0,"5,5","4,142857143","10,41477507","10,39268092","R$ 0,00","R$ 0,00","R$ 0,00","R$ 2.785,95","R$ 2.785,95",
2900702,Alagoinhas,BA,132,0,0,0,132,0,0,0,330,330,-,-,"R$ 6,00","R$ 38.540,00","R$ 38.546,00",-,-,5,1922,1927,0,0,"1,2","20,05202914","20,00311365","R$ 0,00","R$ 0,00","R$ 0,00","R$ 6.617,17","R$ 6.617,17",
2900801,Alcobaça,BA,303,0,221,0,82,0,221,0,205,426,-,"R$ 57.136,00","R$ 108,00","R$ 45.620,00","R$ 102.864,00",-,1000,20,2903,3923,0,"57,136","5,4","15,71477782","26,22074943","R$ 0,00","R$ 12.627,06","R$ 0,00","R$ 3.221,53","R$ 15.848,59",
2900900,Almadina,BA,10,0,0,0,10,0,0,0,25,25,-,"R$ 1.960,00","R$ 131,00","R$ 30.665,00","R$ 32.756,00",-,84,20,2610,2714,0,"23,33333333","6,55","11,74904215","12,06927045","R$ 0,00","R$ 0,00","R$ 0,00","R$ 293,73","R$ 293,73",
2901007,Amargosa,BA,32,0,0,0,32,0,0,0,80,80,-,"R$ 218,00","R$ 297,00","R$ 37.168,00","R$ 37.683,00",-,31,80,3348,3459,0,"7,032258065","3,7125","11,10155317","10,89418907","R$ 0,00","R$ 0,00","R$ 0,00","R$ 888,12","R$ 888,12",
2901106,Amélia Rodrigues,BA,1.289,0,0,1.222,67,0,0,1222,"167,5","1389,5",-,-,"R$ 5,00","R$ 1.737,00","R$ 1.742,00",-,-,1,194,195,0,0,5,"8,953608247","8,933333333","R$ 0,00","R$ 0,00","R$ 6.110,00","R$ 1.499,73","R$ 7.609,73",
2901155,América Dourada,BA,1.554,0,0,0,1.554,0,0,0,3885,3885,-,-,-,"R$ 66.372,00","R$ 66.372,00",-,-,-,5818,5818,0,0,0,"11,408044","11,408044","R$ 0,00","R$ 0,00","R$ 0,00","R$ 44.320,25","R$ 44.320,25",
2901205,Anagé,BA,559,0,0,0,559,0,0,0,"1397,5","1397,5",-,-,"R$ 97,00","R$ 4.074,00","R$ 4.171,00",-,-,33,1533,1566,0,0,"2,939393939","2,657534247","2,663473819","R$ 0,00","R$ 0,00","R$ 0,00","R$ 3.713,90","R$ 3.713,90",
2901304,Andaraí,BA,190,0,0,0,190,0,0,0,475,475,-,-,-,"R$ 11.896,00","R$ 11.896,00",-,-,-,1448,1448,0,0,0,"8,215469613","8,215469613","R$ 0,00","R$ 0,00","R$ 0,00","R$ 3.902,35","R$ 3.902,35",
2901353,Andorinha,BA,51,0,0,0,51,0,0,0,"127,5","127,5",-,-,-,"R$ 593,00","R$ 593,00",-,-,-,2170,2170,0,0,0,"0,2732718894","0,2732718894","R$ 0,00","R$ 0,00","R$ 0,00","R$ 34,84","R$ 34,84",
2901403,Angical,BA,44,0,0,0,44,0,0,0,110,110,-,-,"R$ 315,00","R$ 12.694,00","R$ 13.009,00",-,-,180,2391,2571,0,0,"1,75","5,309075701","5,059898872","R$ 0,00","R$ 0,00","R$ 0,00","R$ 584,00","R$ 584,00",
2901502,Anguera,BA,0,0,0,0,0,0,0,0,0,0,-,-,-,"R$ 250,00","R$ 250,00",-,-,-,1224,1224,0,0,0,"0,204248366","0,204248366","R$ 0,00","R$ 0,00","R$ 0,00","R$ 0,00","R$ 0,00",
2901601,Antas,BA,0,0,0,0,0,0,0,0,0,0,-,-,-,"R$ 7.984,00","R$ 7.984,00",-,-,-,5353,5353,0,0,0,"1,491500093","1,491500093","R$ 0,00","R$ 0,00","R$ 0,00","R$ 0,00","R$ 0,00",
2901700,Antônio Cardoso,BA,11,0,0,0,11,0,0,0,"27,5","27,5",-,-,-,"R$ 429,00","R$ 429,00",-,-,-,2031,2031,0,0,0,"0,211225997","0,211225997","R$ 0,00","R$ 0,00","R$ 0,00","R$ 5,81","R$ 5,81",
2901809,Antônio Gonçalves,BA,53,0,0,0,53,0,0,0,"132,5","132,5",-,"R$ 41,00","R$ 36,00","R$ 1.862,00","R$ 1.939,00",-,5,5,1034,1044,0,"8,2","7,2","1,800773694","1,857279693","R$ 0,00","R$ 0,00","R$ 0,00","R$ 238,60","R$ 238,60",
2901908,Aporá,BA,6,0,0,0,6,0,0,0,15,15,-,-,-,"R$ 11.807,00","R$ 11.807,00",-,-,-,3363,3363,0,0,0,"3,510853405","3,510853405","R$ 0,00","R$ 0,00","R$ 0,00","R$ 52,66","R$ 52,66",
2901957,Apuarema,BA,21,0,0,0,21,0,0,0,"52,5","52,5",-,-,"R$ 47,00","R$ 40.097,00","R$ 40.144,00",-,-,20,2472,2492,0,0,"2,35","16,22046926","16,10914928","R$ 0,00","R$ 0,00","R$ 0,00","R$ 851,57","R$ 851,57",
2902005,Aracatu,BA,516,0,0,0,516,0,0,0,1290,1290,-,-,-,"R$ 12.253,00","R$ 12.253,00",-,-,-,2414,2414,0,0,0,"5,075807788","5,075807788","R$ 0,00","R$ 0,00","R$ 0,00","R$ 6.547,79","R$ 6.547,79",
2902054,Araçás,BA,60,0,0,0,60,0,0,0,150,150,-,-,"R$ 13,00","R$ 4.629,00","R$ 4.642,00",-,-,4,677,681,0,0,"3,25","6,837518464","6,816446402","R$ 0,00","R$ 0,00","R$ 0,00","R$ 1.025,63","R$ 1.025,63",
2902104,Araci,BA,61,0,0,0,61,0,0,0,"152,5","152,5",-,-,-,"R$ 44.557,00","R$ 44.557,00",-,-,-,9990,9990,0,0,0,"4,46016016","4,46016016","R$ 0,00","R$ 0,00","R$ 0,00","R$ 680,17","R$ 680,17",
2902203,Aramari,BA,64,0,0,0,64,0,0,0,160,160,-,-,-,"R$ 2.803,00","R$ 2.803,00",-,-,-,609,609,0,0,0,"4,602627258","4,602627258","R$ 0,00","R$ 0,00","R$ 0,00","R$ 736,42","R$ 736,42",
2902252,Arataca,BA,0,0,0,0,0,0,0,0,0,0,-,"R$ 20.229,00",-,"R$ 76.138,00","R$ 96.367,00",-,550,-,10043,10593,0,"36,78",0,"7,581200836","9,097234022","R$ 0,00","R$ 0,00","R$ 0,00","R$ 0,00","R$ 0,00",
2902302,Aratuípe,BA,2,0,0,0,2,0,0,0,5,5,-,-,"R$ 140,00","R$ 12.489,00","R$ 12.629,00",-,-,20,1157,1177,0,0,7,"10,79429559","10,72982158","R$ 0,00","R$ 0,00","R$ 0,00","R$ 53,97","R$ 53,97",
2902401,Aurelino Leal,BA,0,0,0,0,0,0,0,0,0,0,-,-,-,"R$ 68.693,00","R$ 68.693,00",-,-,-,5870,5870,0,0,0,"11,70238501","11,70238501","R$ 0,00","R$ 0,00","R$ 0,00","R$ 0,00","R$ 0,00",
2902500,Baianópolis,BA,171,0,0,0,171,0,0,0,"427,5","427,5",-,-,"R$ 152,00","R$ 212.578,00","R$ 212.730,00",-,-,50,25463,25513,0,0,"3,04","8,348505675","8,338102144","R$ 0,00","R$ 0,00","R$ 0,00","R$ 3.568,99","R$ 3.568,99",
2902609,Baixa Grande,BA,27,0,0,0,27,0,0,0,"67,5","67,5",-,-,-,"R$ 1.092,00","R$ 1.092,00",-,-,-,5200,5200,0,0,0,"0,21","0,21","R$ 0,00","R$ 0,00","R$ 0,00","R$ 14,18","R$ 14,18",
2902658,Banzaê,BA,18,0,0,0,18,0,0,0,45,45,-,-,-,"R$ 2.901,00","R$ 2.901,00",-,-,-,4748,4748,0,0,0,"0,6109941028","0,6109941028","R$ 0,00","R$ 0,00","R$ 0,00","R$ 27,49","R$ 27,49",
2902708,Barra,BA,1.297,0,0,0,1297,0,0,0,"3242,5","3242,5",-,-,"R$ 2.597,00","R$ 5.811,00","R$ 8.408,00",-,-,540,1589,2129,0,0,"4,809259259","3,657016992","3,949271959","R$ 0,00","R$ 0,00","R$ 0,00","R$ 11.857,88","R$ 11.857,88",
2902807,Barra da Estiva,BA,1.771,0,1.771,0,0,0,1771,0,0,1771,-,"R$ 285.480,00",-,"R$ 189.155,00","R$ 474.635,00",-,10102,-,3995,14097,0,"28,25975054",0,"47,34793492","33,6692204","R$ 0,00","R$ 50.048,02","R$ 0,00","R$ 0,00","R$ 50.048,02",
2902906,Barra do Choça,BA,5.206,0,4.801,0,405,0,4801,0,"1012,5","5813,5",-,"R$ 339.867,00","R$ 696,00","R$ 64.589,00","R$ 405.152,00",-,16000,80,3899,19979,0,"21,2416875","8,7","16,56552962","20,27889284","R$ 0,00","R$ 101.981,34","R$ 0,00","R$ 16.772,60","R$ 118.753,94",
2903003,Barra do Mendes,BA,246,0,0,0,246,0,0,0,615,615,-,"R$ 571,00",-,"R$ 4.765,00","R$ 5.336,00",-,90,-,1149,1239,0,"6,344444444",0,"4,147084421","4,306698951","R$ 0,00","R$ 0,00","R$ 0,00","R$ 2.550,46","R$ 2.550,46",
2903102,Barra do Rocha,BA,32,0,0,0,32,0,0,0,80,80,-,-,-,"R$ 97.283,00","R$ 97.283,00",-,-,-,5151,5151,0,0,0,"18,88623568","18,88623568","R$ 0,00","R$ 0,00","R$ 0,00","R$ 1.510,90","R$ 1.510,90",
2903201,Barreiras,BA,42.771,0,5.219,0,37.551,0,5219,0,"93877,5","99096,5",-,"R$ 169.300,00","R$ 165,00","R$ 2.890.396,00","R$ 3.059.861,00",-,3536,50,291265,294851,0,"47,87895928","3,3","9,923595351","10,37765176","R$ 0,00","R$ 249.880,29","R$ 0,00","R$ 931.602,32","R$ 1.181.482,61",
2903235,Barro Alto,BA,1.043,0,0,0,1043,0,0,0,"2607,5","2607,5",-,-,-,"R$ 39.363,00","R$ 39.363,00",-,-,-,5233,5233,0,0,0,"7,52207147","7,52207147","R$ 0,00","R$ 0,00","R$ 0,00","R$ 19.613,80","R$ 19.613,80",
2903276,Barrocas,BA,15,0,0,0,15,0,0,0,"37,5","37,5",-,-,-,"R$ 6.106,00","R$ 6.106,00",-,-,-,1440,1440,0,0,0,"4,240277778","4,240277778","R$ 0,00","R$ 0,00","R$ 0,00","R$ 159,01","R$ 159,01",
2903300,Barro Preto,BA,0,0,0,0,0,0,0,0,0,0,-,"R$ 367,00","R$ 3,00","R$ 85.443,00","R$ 85.813,00",-,11,1,7561,7573,0,"33,36363636",3,"11,30048935","11,33144064","R$ 0,00","R$ 0,00","R$ 0,00","R$ 0,00","R$ 0,00",
2903409,Belmonte,BA,1.259,0,0,20,1.239,0,0,20,"3097,5","3117,5",-,"R$ 4.048,00","R$ 80,00","R$ 149.788,00","R$ 153.916,00",-,177,55,13708,13940,0,"22,8700565","1,454545455","10,9270499","11,04131994","R$ 0,00","R$ 0,00","R$ 29,09","R$ 33.846,54","R$ 33.875,63",
2903508,Belo Campo,BA,289,0,0,0,289,0,0,0,"722,5","722,5",-,"R$ 72,00","R$ 19,00","R$ 28.318,00","R$ 28.409,00",-,10,5,3940,3955,0,"7,2","3,8","7,187309645","7,183059418","R$ 0,00","R$ 0,00","R$ 0,00","R$ 5.192,83","R$ 5.192,83",
2903607,Biritinga,BA,37,0,0,0,37,0,0,0,"92,5","92,5",-,-,-,"R$ 1.710,00","R$ 1.710,00",-,-,-,372,372,0,0,0,"4,596774194","4,596774194","R$ 0,00","R$ 0,00","R$ 0,00","R$ 425,20","R$ 425,20",
2903706,Boa Nova,BA,655,0,8,0,647,0,8,0,"1617,5","1625,5",-,"R$ 132,00","R$ 240,00","R$ 17.744,00","R$ 18.116,00",-,14,53,1105,1172,0,"9,428571429","4,528301887","16,05791855","15,45733788","R$ 0,00","R$ 75,43","R$ 0,00","R$ 25.973,68","R$ 26.049,11",
2903805,Boa Vista do Tupim,BA,602,0,0,0,601,0,0,0,"1502,5","1502,5",-,-,-,"R$ 3.179,00","R$ 3.179,00",-,-,-,944,944,0,0,0,"3,367584746","3,367584746","R$ 0,00","R$ 0,00","R$ 0,00","R$ 5.059,80","R$ 5.059,80",
2903904,Bom Jesus da Lapa,BA,9.899,0,0,0,9.900,0,0,0,24750,24750,-,-,"R$ 44,00","R$ 278.596,00","R$ 278.640,00",-,-,8,15490,15498,0,0,"5,5","17,98553906","17,97909408","R$ 0,00","R$ 0,00","R$ 0,00","R$ 445.142,09","R$ 445.142,09",
2903953,Bom Jesus da Serra,BA,40,0,0,0,40,0,0,0,100,100,-,-,"R$ 49,00","R$ 508,00","R$ 557,00",-,-,5,768,773,0,0,"9,8","0,6614583333","0,7205692109","R$ 0,00","R$ 0,00","R$ 0,00","R$ 66,15","R$ 66,15",
2904001,Boninal,BA,422,0,0,0,422,0,0,0,1055,1055,"R$ 9,00","R$ 142,00","R$ 105,00","R$ 7.813,00","R$ 8.069,00",1,7,15,1367,1390,9,"20,28571429",7,"5,71543526","5,805035971","R$ 0,00","R$ 0,00","R$ 0,00","R$ 6.029,78","R$ 6.029,78",
2904050,Bonito,BA,2.313,0,2.247,0,66,0,2247,0,165,2412,-,"R$ 126.126,00",-,"R$ 10.448,00","R$ 136.574,00",-,7231,-,986,8217,0,"17,44240077",0,"10,59634888","16,62090787","R$ 0,00","R$ 39.193,07","R$ 0,00","R$ 1.748,40","R$ 40.941,47",
2904100,Boquira,BA,96,0,0,0,96,0,0,0,240,240,-,-,"R$ 202,00","R$ 1.610,00","R$ 1.812,00",-,-,35,2130,2165,0,0,"5,771428571","0,7558685446","0,8369515012","R$ 0,00","R$ 0,00","R$ 0,00","R$ 181,41","R$ 181,41",
2904209,Botuporã,BA,86,0,0,0,86,0,0,0,215,215,-,-,-,"R$ 1.620,00","R$ 1.620,00",-,-,-,1766,1766,0,0,0,"0,9173272933","0,9173272933","R$ 0,00","R$ 0,00","R$ 0,00","R$ 197,23","R$ 197,23",
2904308,Brejões,BA,908,0,735,0,173,0,735,0,"432,5","1167,5",-,"R$ 12.734,00",-,"R$ 4.432,00","R$ 17.166,00",-,1204,-,573,1777,0,"10,57641196",0,"7,734729494","9,660101294","R$ 0,00","R$ 7.773,66","R$ 0,00","R$ 3.345,27","R$ 11.118,93",
2904407,Brejolândia,BA,65,0,0,0,65,0,0,0,"162,5","162,5",-,-,"R$ 175,00","R$ 560,00","R$ 735,00",-,-,23,223,246,0,0,"7,608695652","2,511210762","2,987804878","R$ 0,00","R$ 0,00","R$ 0,00","R$ 408,07","R$ 408,07",
2904506,Brotas de Macaúbas,BA,28,0,0,0,28,0,0,0,70,70,-,-,"R$ 67,00","R$ 3.066,00","R$ 3.133,00",-,-,24,1132,1156,0,0,"2,791666667","2,708480565","2,710207612","R$ 0,00","R$ 0,00","R$ 0,00","R$ 189,59","R$ 189,59",
2904605,Brumado,BA,1.386,0,0,0,1.386,0,0,0,3465,3465,-,-,-,"R$ 35.649,00","R$ 35.649,00",-,-,-,3911,3911,0,0,0,"9,115060087","9,115060087","R$ 0,00","R$ 0,00","R$ 0,00","R$ 31.583,68","R$ 31.583,68",
2904704,Buerarema,BA,0,0,0,0,0,0,0,0,0,0,-,"R$ 224,00",-,"R$ 56.537,00","R$ 56.761,00",-,10,-,7516,7526,0,"22,4",0,"7,522219266","7,541987776","R$ 0,00","R$ 0,00","R$ 0,00","R$ 0,00","R$ 0,00",
2904753,Buritirama,BA,10,0,0,0,10,0,0,0,25,25,-,-,-,"R$ 1.865,00","R$ 1.865,00",-,-,-,1528,1528,0,0,0,"1,220549738","1,220549738","R$ 0,00","R$ 0,00","R$ 0,00","R$ 30,51","R$ 30,51",
2904803,Caatiba,BA,10,0,0,0,10,0,0,0,25,25,-,"R$ 43,00","R$ 31,00","R$ 8.287,00","R$ 8.361,00",-,4,13,314,331,0,"10,75","2,384615385","26,39171975","25,25981873","R$ 0,00","R$ 0,00","R$ 0,00","R$ 659,79","R$ 659,79",
2904852,Cabaceiras do Paraguaçu,BA,261,0,0,0,261,0,0,0,"652,5","652,5",-,-,-,"R$ 17.947,00","R$ 17.947,00",-,-,-,2684,2684,0,0,0,"6,686661699","6,686661699","R$ 0,00","R$ 0,00","R$ 0,00","R$ 4.363,05","R$ 4.363,05",
2904902,Cachoeira,BA,547,0,0,528,19,0,0,528,"47,5","575,5",-,-,"R$ 83,00","R$ 6.095,00","R$ 6.178,00",-,-,25,994,1019,0,0,"3,32","6,131790744","6,062806673","R$ 0,00","R$ 0,00","R$ 1.752,96","R$ 291,26","R$ 2.044,22",
2905008,Caculé,BA,118,0,0,0,118,0,0,0,295,295,-,"R$ 12,00","R$ 321,00","R$ 10.964,00","R$ 11.297,00",-,1,65,1564,1630,0,12,"4,938461538","7,010230179","6,930674847","R$ 0,00","R$ 0,00","R$ 0,00","R$ 2.068,02","R$ 2.068,02",
2905107,Caém,BA,101,0,0,0,101,0,0,0,"252,5","252,5",-,-,-,"R$ 2.831,00","R$ 2.831,00",-,-,-,621,621,0,0,0,"4,558776167","4,558776167","R$ 0,00","R$ 0,00","R$ 0,00","R$ 1.151,09","R$ 1.151,09",
2905156,Caetanos,BA,278,0,0,0,278,0,0,0,695,695,-,-,-,"R$ 1.387,00","R$ 1.387,00",-,-,-,667,667,0,0,0,"2,07946027","2,07946027","R$ 0,00","R$ 0,00","R$ 0,00","R$ 1.445,22","R$ 1.445,22",
2905206,Caetité,BA,782,0,0,0,782,0,0,0,1955,1955,-,"R$ 70,00","R$ 583,00","R$ 14.949,00","R$ 15.602,00",-,10,185,2750,2945,0,7,"3,151351351","5,436","5,297792869","R$ 0,00","R$ 0,00","R$ 0,00","R$ 10.627,38","R$ 10.627,38",
2905305,Cafarnaum,BA,1.521,0,0,0,1.521,0,0,0,"3802,5","3802,5",-,-,-,"R$ 159.015,00","R$ 159.015,00",-,-,-,6736,6736,0,0,0,"23,6067399","23,6067399","R$ 0,00","R$ 0,00","R$ 0,00","R$ 89.764,63","R$ 89.764,63",
2905404,Cairu,BA,0,0,0,0,0,0,0,0,0,0,-,-,-,"R$ 612,00","R$ 612,00",-,-,-,626,626,0,0,0,"0,9776357827","0,9776357827","R$ 0,00","R$ 0,00","R$ 0,00","R$ 0,00","R$ 0,00",
2905503,Caldeirão Grande,BA,37,0,0,0,37,0,0,0,"92,5","92,5",-,-,-,"R$ 2.925,00","R$ 2.925,00",-,-,-,1014,1014,0,0,0,"2,884615385","2,884615385","R$ 0,00","R$ 0,00","R$ 0,00","R$ 266,83","R$ 266,83",
2905602,Camacan,BA,84,0,0,0,84,0,0,0,210,210,-,"R$ 25.146,00",-,"R$ 51.827,00","R$ 76.973,00",-,900,-,7922,8822,0,"27,94",0,"6,54216107","8,725119021","R$ 0,00","R$ 0,00","R$ 0,00","R$ 1.373,85","R$ 1.373,85",
2905701,Camaçari,BA,296,0,0,0,296,0,0,0,740,740,-,-,"R$ 5,00","R$ 6.142,00","R$ 6.147,00",-,-,1,528,529,0,0,5,"11,63257576","11,62003781","R$ 0,00","R$ 0,00","R$ 0,00","R$ 8.608,11","R$ 8.608,11",
2905800,Camamu,BA,413,0,0,0,413,0,0,0,"1032,5","1032,5",-,"R$ 2.493,00","R$ 45,00","R$ 215.572,00","R$ 218.110,00",-,99,9,19384,19492,0,"25,18181818",5,"11,12113083","11,18971886","R$ 0,00","R$ 0,00","R$ 0,00","R$ 11.482,57","R$ 11.482,57",
2905909,Campo Alegre de Lourdes,BA,97,0,0,0,97,0,0,0,"242,5","242,5",-,-,-,"R$ 7.007,00","R$ 7.007,00",-,-,-,6147,6147,0,0,0,"1,139905645","1,139905645","R$ 0,00","R$ 0,00","R$ 0,00","R$ 276,43","R$ 276,43",
2906006,Campo Formoso,BA,211,0,0,0,211,0,0,0,"527,5","527,5","R$ 15,00",-,"R$ 49,00","R$ 157.314,00","R$ 157.378,00",6,-,8,36055,36069,"2,5",0,"6,125","4,363167383","4,363248219","R$ 0,00","R$ 0,00","R$ 0,00","R$ 2.301,57","R$ 2.301,57",
2906105,Canápolis,BA,281,0,0,0,281,0,0,0,"702,5","702,5",-,-,"R$ 3.435,00","R$ 745,00","R$ 4.180,00",-,-,350,549,899,0,0,"9,814285714","1,35701275","4,649610679","R$ 0,00","R$ 0,00","R$ 0,00","R$ 953,30","R$ 953,30",
2906204,Canarana,BA,1.983,0,0,0,1.983,0,0,0,"4957,5","4957,5",-,-,-,"R$ 112.252,00","R$ 112.252,00",-,-,-,7805,7805,0,0,0,"14,38206278","14,38206278","R$ 0,00","R$ 0,00","R$ 0,00","R$ 71.299,08","R$ 71.299,08",
2906303,Canavieiras,BA,466,0,0,0,466,0,0,0,1165,1165,-,"R$ 12.048,00",-,"R$ 84.545,00","R$ 96.593,00",-,334,-,7062,7396,0,"36,07185629",0,"11,97182101","13,06016766","R$ 0,00","R$ 0,00","R$ 0,00","R$ 13.947,17","R$ 13.947,17",
2906402,Candeal,BA,2,0,0,0,2,0,0,0,5,5,-,-,-,"R$ 269,00","R$ 269,00",-,-,-,848,848,0,0,0,"0,3172169811","0,3172169811","R$ 0,00","R$ 0,00","R$ 0,00","R$ 1,59","R$ 1,59",
2906501,Candeias,BA,111,0,0,0,111,0,0,0,"277,5","277,5",-,-,-,"R$ 545,00","R$ 545,00",-,-,-,72,72,0,0,0,"7,569444444","7,569444444","R$ 0,00","R$ 0,00","R$ 0,00","R$ 2.100,52","R$ 2.100,52",
2906600,Candiba,BA,464,0,0,0,464,0,0,0,1160,1160,-,-,"R$ 8,00","R$ 4.820,00","R$ 4.828,00",-,-,2,1910,1912,0,0,4,"2,523560209","2,525104603","R$ 0,00","R$ 0,00","R$ 0,00","R$ 2.927,33","R$ 2.927,33",
2906709,Cândido Sales,BA,207,0,0,0,207,0,0,0,"517,5","517,5",-,"R$ 680,00","R$ 17,00","R$ 13.375,00","R$ 14.072,00",-,45,4,2464,2513,0,"15,11111111","4,25","5,428165584","5,599681655","R$ 0,00","R$ 0,00","R$ 0,00","R$ 2.809,08","R$ 2.809,08",
2906808,Cansanção,BA,104,0,0,0,104,0,0,0,260,260,-,-,-,"R$ 6.352,00","R$ 6.352,00",-,-,-,21150,21150,0,0,0,"0,3003309693","0,3003309693","R$ 0,00","R$ 0,00","R$ 0,00","R$ 78,09","R$ 78,09",
2906824,Canudos,BA,2.275,0,0,0,2.275,0,0,0,"5687,5","5687,5",-,-,-,"R$ 28.263,00","R$ 28.263,00",-,-,-,4380,4380,0,0,0,"6,452739726","6,452739726","R$ 0,00","R$ 0,00","R$ 0,00","R$ 36.699,96","R$ 36.699,96",
2906857,Capela do Alto Alegre,BA,19,0,0,0,19,0,0,0,"47,5","47,5",-,-,-,"R$ 577,00","R$ 577,00",-,-,-,1033,1033,0,0,0,"0,5585672798","0,5585672798","R$ 0,00","R$ 0,00","R$ 0,00","R$ 26,53","R$ 26,53",
2906873,Capim Grosso,BA,59,0,0,0,59,0,0,0,"147,5","147,5",-,-,-,"R$ 788,00","R$ 788,00",-,-,-,511,511,0,0,0,"1,542074364","1,542074364","R$ 0,00","R$ 0,00","R$ 0,00","R$ 227,46","R$ 227,46",
2906899,Caraíbas,BA,850,0,0,0,850,0,0,0,2125,2125,-,-,"R$ 2,00","R$ 11.042,00","R$ 11.044,00",-,-,1,1551,1552,0,0,2,"7,119277885","7,115979381","R$ 0,00","R$ 0,00","R$ 0,00","R$ 15.128,47","R$ 15.128,47",
2906907,Caravelas,BA,5.114,0,0,2.709,2.404,0,0,2709,6010,8719,-,"R$ 46.921,00","R$ 142.371,00","R$ 34.769,00","R$ 224.061,00",-,1100,16000,1398,18498,0,"42,65545455","8,8981875","24,87052933","12,11271489","R$ 0,00","R$ 0,00","R$ 24.105,19","R$ 149.471,88","R$ 173.577,07",
2907004,Cardeal da Silva,BA,0,0,0,0,0,0,0,0,0,0,-,-,-,"R$ 3.607,00","R$ 3.607,00",-,-,-,516,516,0,0,0,"6,990310078","6,990310078","R$ 0,00","R$ 0,00","R$ 0,00","R$ 0,00","R$ 0,00",
2907103,Carinhanha,BA,3.372,0,0,0,3.372,0,0,0,8430,8430,-,-,"R$ 27,00","R$ 66.058,00","R$ 66.085,00",-,-,10,4916,4926,0,0,"2,7","13,43734744","13,41555014","R$ 0,00","R$ 0,00","R$ 0,00","R$ 113.276,84","R$ 113.276,84",
2907202,Casa Nova,BA,12.110,0,0,0,12.110,0,0,0,30275,30275,-,-,-,"R$ 1.068.315,00","R$ 1.068.315,00",-,-,-,14091,14091,0,0,0,"75,81541409","75,81541409","R$ 0,00","R$ 0,00","R$ 0,00","R$ 2.295.311,66","R$ 2.295.311,66",
2907301,Castro Alves,BA,64,0,0,0,64,0,0,0,160,160,-,-,-,"R$ 13.548,00","R$ 13.548,00",-,-,-,1418,1418,0,0,0,"9,554301834","9,554301834","R$ 0,00","R$ 0,00","R$ 0,00","R$ 1.528,69","R$ 1.528,69",
2907400,Catolândia,BA,31,0,0,0,31,0,0,0,"77,5","77,5",-,-,"R$ 304,00","R$ 620,00","R$ 924,00",-,-,45,340,385,0,0,"6,755555556","1,823529412","2,4","R$ 0,00","R$ 0,00","R$ 0,00","R$ 141,32","R$ 141,32",
2907509,Catu,BA,176,0,0,0,176,0,0,0,440,440,-,-,"R$ 2,00","R$ 2.675,00","R$ 2.677,00",-,-,2,494,496,0,0,1,"5,414979757","5,397177419","R$ 0,00","R$ 0,00","R$ 0,00","R$ 2.382,59","R$ 2.382,59",
2907558,Caturama,BA,265,0,0,0,265,0,0,0,"662,5","662,5",-,-,"R$ 1.652,00","R$ 2.085,00","R$ 3.737,00",-,-,250,1433,1683,0,0,"6,608","1,454989532","2,220439691","R$ 0,00","R$ 0,00","R$ 0,00","R$ 963,93","R$ 963,93",
2907608,Central,BA,308,0,0,0,308,0,0,0,770,770,-,-,-,"R$ 5.295,00","R$ 5.295,00",-,-,-,3088,3088,0,0,0,"1,714702073","1,714702073","R$ 0,00","R$ 0,00","R$ 0,00","R$ 1.320,32","R$ 1.320,32",
2907707,Chorrochó,BA,502,0,0,0,502,0,0,0,1255,1255,-,-,-,"R$ 2.443,00","R$ 2.443,00",-,-,-,393,393,0,0,0,"6,216284987","6,216284987","R$ 0,00","R$ 0,00","R$ 0,00","R$ 7.801,44","R$ 7.801,44",
2907806,Cícero Dantas,BA,31,0,0,0,31,0,0,0,"77,5","77,5",-,-,-,"R$ 53.721,00","R$ 53.721,00",-,-,-,22881,22881,0,0,0,"2,347843189","2,347843189","R$ 0,00","R$ 0,00","R$ 0,00","R$ 181,96","R$ 181,96",
2907905,Cipó,BA,219,0,0,0,219,0,0,0,"547,5","547,5",-,-,-,"R$ 1.356,00","R$ 1.356,00",-,-,-,434,434,0,0,0,"3,124423963","3,124423963","R$ 0,00","R$ 0,00","R$ 0,00","R$ 1.710,62","R$ 1.710,62",
2908002,Coaraci,BA,22,0,0,0,22,0,0,0,55,55,-,"R$ 1.350,00","R$ 62,00","R$ 61.893,00","R$ 63.305,00",-,49,30,4664,4743,0,"27,55102041","2,066666667","13,27036878","13,34703774","R$ 0,00","R$ 0,00","R$ 0,00","R$ 729,87","R$ 729,87",
2908101,Cocos,BA,13.565,0,2.537,0,11.028,0,2537,0,27570,30107,"R$ 318,00","R$ 40.939,00","R$ 497,00","R$ 414.599,00","R$ 456.353,00",55,832,95,36019,37001,"5,781818182","49,20552885","5,231578947","11,51056387","12,33353153","R$ 0,00","R$ 124.834,43","R$ 0,00","R$ 317.346,25","R$ 442.180,67",
2908200,Conceição da Feira,BA,21,0,0,0,21,0,0,0,"52,5","52,5",-,-,-,"R$ 3.230,00","R$ 3.230,00",-,-,-,497,497,0,0,0,"6,498993964","6,498993964","R$ 0,00","R$ 0,00","R$ 0,00","R$ 341,20","R$ 341,20",
2908309,Conceição do Almeida,BA,0,0,0,0,0,0,0,0,0,0,-,-,-,"R$ 9.137,00","R$ 9.137,00",-,-,-,1171,1171,0,0,0,"7,802732707","7,802732707","R$ 0,00","R$ 0,00","R$ 0,00","R$ 0,00","R$ 0,00",
2908408,Conceição do Coité,BA,179,0,0,0,179,0,0,0,"447,5","447,5",-,-,-,"R$ 42.847,00","R$ 42.847,00",-,-,-,10917,10917,0,0,0,"3,924796189","3,924796189","R$ 0,00","R$ 0,00","R$ 0,00","R$ 1.756,35","R$ 1.756,35",
2908507,Conceição do Jacuípe,BA,352,0,0,4,348,0,0,4,870,874,-,-,-,"R$ 324,00","R$ 324,00",-,-,-,140,140,0,0,0,"2,314285714","2,314285714","R$ 0,00","R$ 0,00","R$ 0,00","R$ 2.013,43","R$ 2.013,43",
2908606,Conde,BA,885,0,0,0,885,0,0,0,"2212,5","2212,5",-,-,-,"R$ 36.835,00","R$ 36.835,00",-,-,-,11099,11099,0,0,0,"3,318767457","3,318767457","R$ 0,00","R$ 0,00","R$ 0,00","R$ 7.342,77","R$ 7.342,77",
2908705,Condeúba,BA,124,0,0,0,124,0,0,0,310,310,-,-,"R$ 232,00","R$ 1.318,00","R$ 1.550,00",-,-,58,1389,1447,0,0,4,"0,9488840893","1,071181755","R$ 0,00","R$ 0,00","R$ 0,00","R$ 294,15","R$ 294,15",
2908804,Contendas do Sincorá,BA,446,0,18,0,428,0,18,0,1070,1088,-,"R$ 3.381,00","R$ 853,00","R$ 26.269,00","R$ 30.503,00",-,251,170,606,1027,0,"13,47011952","5,017647059","43,34818482","29,70107108","R$ 0,00","R$ 242,46","R$ 0,00","R$ 46.382,56","R$ 46.625,02",
2908903,Coração de Maria,BA,14,0,0,0,14,0,0,0,35,35,-,-,-,"R$ 2.672,00","R$ 2.672,00",-,-,-,2090,2090,0,0,0,"1,2784689","1,2784689","R$ 0,00","R$ 0,00","R$ 0,00","R$ 44,75","R$ 44,75",
2909000,Cordeiros,BA,95,0,0,0,95,0,0,0,"237,5","237,5",-,-,"R$ 239,00","R$ 272,00","R$ 511,00",-,-,72,454,526,0,0,"3,319444444","0,5991189427","0,9714828897","R$ 0,00","R$ 0,00","R$ 0,00","R$ 142,29","R$ 142,29",
2909109,Coribe,BA,1.078,0,0,0,1079,0,0,0,"2697,5","2697,5","R$ 20,00",-,"R$ 1.491,00","R$ 42.058,00","R$ 43.569,00",5,-,110,2135,2250,4,0,"13,55454545","19,69929742","19,364","R$ 0,00","R$ 0,00","R$ 0,00","R$ 53.138,85","R$ 53.138,85",
2909208,Coronel João Sá,BA,45,0,0,0,45,0,0,0,"112,5","112,5",-,-,-,"R$ 19.012,00","R$ 19.012,00",-,-,-,6801,6801,0,0,0,"2,795471254","2,795471254","R$ 0,00","R$ 0,00","R$ 0,00","R$ 314,49","R$ 314,49",
2909307,Correntina,BA,13.733,0,0,0,13.733,0,0,0,"34332,5","34332,5","R$ 290,00",-,"R$ 1.912,00","R$ 2.418.210,00","R$ 2.420.412,00",70,-,180,283411,283661,"4,142857143",0,"10,62222222","8,532519909","8,532762699","R$ 0,00","R$ 0,00","R$ 0,00","R$ 292.942,74","R$ 292.942,74",
2909406,Cotegipe,BA,761,0,0,0,761,0,0,0,"1902,5","1902,5",-,-,"R$ 45,00","R$ 14.362,00","R$ 14.407,00",-,-,25,3985,4010,0,0,"1,8","3,604015056","3,59276808","R$ 0,00","R$ 0,00","R$ 0,00","R$ 6.856,64","R$ 6.856,64",
2909505,Cravolândia,BA,113,0,0,0,113,0,0,0,"282,5","282,5",-,"R$ 14,00",-,"R$ 2.957,00","R$ 2.971,00",-,1,-,212,213,0,14,0,"13,94811321","13,94835681","R$ 0,00","R$ 0,00","R$ 0,00","R$ 3.940,34","R$ 3.940,34",
2909604,Crisópolis,BA,43,0,0,0,43,0,0,0,"107,5","107,5",-,-,-,"R$ 15.698,00","R$ 15.698,00",-,-,-,5205,5205,0,0,0,"3,015946206","3,015946206","R$ 0,00","R$ 0,00","R$ 0,00","R$ 324,21","R$ 324,21",
2909703,Cristópolis,BA,90,0,0,0,90,0,0,0,225,225,-,-,"R$ 659,00","R$ 14.508,00","R$ 15.167,00",-,-,285,2849,3134,0,0,"2,312280702","5,092313092","4,839502234","R$ 0,00","R$ 0,00","R$ 0,00","R$ 1.145,77","R$ 1.145,77",
2909802,Cruz das Almas,BA,15,0,0,0,15,0,0,0,"37,5","37,5",-,-,-,"R$ 20.436,00","R$ 20.436,00",-,-,-,2520,2520,0,0,0,"8,10952381","8,10952381","R$ 0,00","R$ 0,00","R$ 0,00","R$ 304,11","R$ 304,11",
2909901,Curaçá,BA,4.204,0,0,0,4.204,0,0,0,10510,10510,-,-,-,"R$ 206.223,00","R$ 206.223,00",-,-,-,6675,6675,0,0,0,"30,89483146","30,89483146","R$ 0,00","R$ 0,00","R$ 0,00","R$ 324.704,68","R$ 324.704,68",
2910008,Dário Meira,BA,6,0,0,0,6,0,0,0,15,15,-,"R$ 11,00","R$ 131,00","R$ 54.777,00","R$ 54.919,00",-,2,65,3716,3783,0,"5,5","2,015384615","14,74085038","14,5173143","R$ 0,00","R$ 0,00","R$ 0,00","R$ 221,11","R$ 221,11",
2910057,Dias d'Ávila,BA,54,0,0,0,54,0,0,0,135,135,-,-,-,"R$ 504,00","R$ 504,00",-,-,-,39,39,0,0,0,"12,92307692","12,92307692","R$ 0,00","R$ 0,00","R$ 0,00","R$ 1.744,62","R$ 1.744,62",
2910107,Dom Basílio,BA,714,0,0,0,714,0,0,0,1785,1785,-,-,-,"R$ 45.827,00","R$ 45.827,00",-,-,-,2685,2685,0,0,0,"17,06778399","17,06778399","R$ 0,00","R$ 0,00","R$ 0,00","R$ 30.465,99","R$ 30.465,99",
2910206,Dom Macedo Costa,BA,0,0,0,0,0,0,0,0,0,0,-,-,"R$ 24,00","R$ 3.963,00","R$ 3.987,00",-,-,10,322,332,0,0,"2,4","12,30745342","12,00903614","R$ 0,00","R$ 0,00","R$ 0,00","R$ 0,00","R$ 0,00",
2910305,Elísio Medrado,BA,10,0,0,0,10,0,0,0,25,25,-,-,"R$ 1,00","R$ 11.686,00","R$ 11.687,00",-,-,1,1055,1056,0,0,1,"11,07677725","11,06723485","R$ 0,00","R$ 0,00","R$ 0,00","R$ 276,92","R$ 276,92",
2910404,Encruzilhada,BA,5.654,0,4.116,0,1.538,0,4116,0,3845,7961,-,"R$ 76.640,00","R$ 471,00","R$ 4.997,00","R$ 82.108,00",-,5562,100,3080,8742,0,"13,77921611","4,71","1,622402597","9,392358728","R$ 0,00","R$ 56.715,25","R$ 0,00","R$ 6.238,14","R$ 62.953,39",
2910503,Entre Rios,BA,145,0,0,0,145,0,0,0,"362,5","362,5",-,-,-,"R$ 31.738,00","R$ 31.738,00",-,-,-,3711,3711,0,0,0,"8,552411749","8,552411749","R$ 0,00","R$ 0,00","R$ 0,00","R$ 3.100,25","R$ 3.100,25",
2910602,Esplanada,BA,95,0,0,0,95,0,0,0,"237,5","237,5",-,-,-,"R$ 68.281,00","R$ 68.281,00",-,-,-,7881,7881,0,0,0,"8,66400203","8,66400203","R$ 0,00","R$ 0,00","R$ 0,00","R$ 2.057,70","R$ 2.057,70",
2910701,Euclides da Cunha,BA,110,0,0,0,110,0,0,0,275,275,-,-,-,"R$ 67.810,00","R$ 67.810,00",-,-,-,24845,24845,0,0,0,"2,729321795","2,729321795","R$ 0,00","R$ 0,00","R$ 0,00","R$ 750,56","R$ 750,56",
2910727,Eunápolis,BA,1.904,0,1.904,0,0,0,1904,0,0,1904,-,"R$ 235.470,00","R$ 167,00","R$ 63.826,00","R$ 299.463,00",-,4068,30,3217,7315,0,"57,88348083","5,566666667","19,84022381","40,93820916","R$ 0,00","R$ 110.210,15","R$ 0,00","R$ 0,00","R$ 110.210,15",
2910750,Fátima,BA,27,0,0,0,27,0,0,0,"67,5","67,5",-,-,-,"R$ 42.165,00","R$ 42.165,00",-,-,-,16198,16198,0,0,0,"2,603099148","2,603099148","R$ 0,00","R$ 0,00","R$ 0,00","R$ 175,71","R$ 175,71",
2910776,Feira da Mata,BA,280,0,0,0,280,0,0,0,700,700,-,-,"R$ 34,00","R$ 1.851,00","R$ 1.885,00",-,-,20,916,936,0,0,"1,7","2,020742358","2,013888889","R$ 0,00","R$ 0,00","R$ 0,00","R$ 1.414,52","R$ 1.414,52",
2910800,Feira de Santana,BA,254,0,0,0,254,0,0,0,635,635,-,-,-,"R$ 2.813,00","R$ 2.813,00",-,-,-,11010,11010,0,0,0,"0,2554950045","0,2554950045","R$ 0,00","R$ 0,00","R$ 0,00","R$ 162,24","R$ 162,24",
2910859,Filadélfia,BA,125,0,0,0,125,0,0,0,"312,5","312,5",-,-,-,"R$ 1.047,00","R$ 1.047,00",-,-,-,3599,3599,0,0,0,"0,2909141428","0,2909141428","R$ 0,00","R$ 0,00","R$ 0,00","R$ 90,91","R$ 90,91",
2910909,Firmino Alves,BA,0,0,0,0,0,0,0,0,0,0,-,-,-,"R$ 7.745,00","R$ 7.745,00",-,-,-,295,295,0,0,0,"26,25423729","26,25423729","R$ 0,00","R$ 0,00","R$ 0,00","R$ 0,00","R$ 0,00",
2911006,Floresta Azul,BA,0,0,0,0,0,0,0,0,0,0,-,"R$ 656,00",-,"R$ 14.934,00","R$ 15.590,00",-,25,-,2070,2095,0,"26,24",0,"7,214492754","7,441527446","R$ 0,00","R$ 0,00","R$ 0,00","R$ 0,00","R$ 0,00",
2911105,Formosa do Rio Preto,BA,4.580,0,0,0,4.580,0,0,0,11450,11450,"R$ 225,00",-,"R$ 186,00","R$ 4.890.144,00","R$ 4.890.555,00",100,-,75,607473,607648,"2,25",0,"2,48","8,04997753","8,04833555","R$ 0,00","R$ 0,00","R$ 0,00","R$ 92.172,24","R$ 92.172,24",
2911204,Gandu,BA,31,0,0,0,31,0,0,0,"77,5","77,5",-,"R$ 171,00","R$ 31,00","R$ 265.634,00","R$ 265.836,00",-,13,5,9400,9418,0,"13,15384615","6,2","28,25893617","28,22637503","R$ 0,00","R$ 0,00","R$ 0,00","R$ 2.190,07","R$ 2.190,07",
2911253,Gavião,BA,0,0,0,0,0,0,0,0,0,0,-,-,-,"R$ 332,00","R$ 332,00",-,-,-,589,589,0,0,0,"0,5636672326","0,5636672326","R$ 0,00","R$ 0,00","R$ 0,00","R$ 0,00","R$ 0,00",
2911303,Gentio do Ouro,BA,102,0,0,0,102,0,0,0,255,255,-,-,"R$ 108,00","R$ 2.456,00","R$ 2.564,00",-,-,15,721,736,0,0,"7,2","3,406380028","3,483695652","R$ 0,00","R$ 0,00","R$ 0,00","R$ 868,63","R$ 868,63",
2911402,Glória,BA,4.932,0,0,0,4.932,0,0,0,12330,12330,-,-,-,"R$ 17.210,00","R$ 17.210,00",-,-,-,2136,2136,0,0,0,"8,057116105","8,057116105","R$ 0,00","R$ 0,00","R$ 0,00","R$ 99.344,24","R$ 99.344,24",
2911501,Gongogi,BA,10,0,0,0,10,0,0,0,25,25,-,"R$ 22,00","R$ 1,00","R$ 17.036,00","R$ 17.059,00",-,3,2,1137,1142,0,"7,333333333","0,5","14,98328936","14,93782837","R$ 0,00","R$ 0,00","R$ 0,00","R$ 374,58","R$ 374,58",
2911600,Governador Mangabeira,BA,271,0,0,0,271,0,0,0,"677,5","677,5",-,-,-,"R$ 32.332,00","R$ 32.332,00",-,-,-,2273,2273,0,0,0,"14,22437308","14,22437308","R$ 0,00","R$ 0,00","R$ 0,00","R$ 9.637,01","R$ 9.637,01",
2911659,Guajeru,BA,608,0,0,0,608,0,0,0,1520,1520,-,-,-,"R$ 315,00","R$ 315,00",-,-,-,685,685,0,0,0,"0,4598540146","0,4598540146","R$ 0,00","R$ 0,00","R$ 0,00","R$ 698,98","R$ 698,98",
2911709,Guanambi,BA,1.158,0,0,0,1.158,0,0,0,2895,2895,-,-,-,"R$ 41.405,00","R$ 41.405,00",-,-,-,4007,4007,0,0,0,"10,33316696","10,33316696","R$ 0,00","R$ 0,00","R$ 0,00","R$ 29.914,52","R$ 29.914,52",
2911808,Guaratinga,BA,441,0,413,0,29,0,413,0,"72,5","485,5",-,"R$ 52.776,00","R$ 1.038,00","R$ 69.462,00","R$ 123.276,00",-,1611,150,4909,6670,0,"32,75977654","6,92","14,1499287","18,48215892","R$ 0,00","R$ 13.529,79","R$ 0,00","R$ 1.025,87","R$ 14.555,66",
2911857,Heliópolis,BA,59,0,0,0,59,0,0,0,"147,5","147,5",-,-,-,"R$ 15.959,00","R$ 15.959,00",-,-,-,7089,7089,0,0,0,"2,251234307","2,251234307","R$ 0,00","R$ 0,00","R$ 0,00","R$ 332,06","R$ 332,06",
2911907,Iaçu,BA,1.139,0,0,0,1140,0,0,0,2850,2850,-,-,-,"R$ 5.224,00","R$ 5.224,00",-,-,-,694,694,0,0,0,"7,527377522","7,527377522","R$ 0,00","R$ 0,00","R$ 0,00","R$ 21.453,03","R$ 21.453,03",
2912004,Ibiassucê,BA,91,0,0,0,91,0,0,0,"227,5","227,5",-,-,"R$ 135,00","R$ 2.975,00","R$ 3.110,00",-,-,35,1549,1584,0,0,"3,857142857","1,920593932","1,963383838","R$ 0,00","R$ 0,00","R$ 0,00","R$ 436,94","R$ 436,94",
2912103,Ibicaraí,BA,0,0,0,0,0,0,0,0,0,0,-,"R$ 368,00",-,"R$ 23.116,00","R$ 23.484,00",-,15,-,2794,2809,0,"24,53333333",0,"8,273443092","8,360270559","R$ 0,00","R$ 0,00","R$ 0,00","R$ 0,00","R$ 0,00",
2912202,Ibicoara,BA,2.970,0,674,0,2.296,0,674,0,5740,6414,-,"R$ 134.850,00","R$ 1.013,00","R$ 1.001.700,00","R$ 1.137.563,00",-,6200,200,12459,18859,0,"21,75","5,065","80,39971105","60,31937006","R$ 0,00","R$ 14.659,50","R$ 0,00","R$ 461.494,34","R$ 476.153,84",
2912301,Ibicuí,BA,150,0,0,0,150,0,0,0,375,375,-,"R$ 272,00","R$ 30,00","R$ 13.453,00","R$ 13.755,00",-,20,11,998,1029,0,"13,6","2,727272727","13,47995992","13,36734694","R$ 0,00","R$ 0,00","R$ 0,00","R$ 5.054,98","R$ 5.054,98",
2912400,Ibipeba,BA,4.554,0,0,0,4.554,0,0,0,11385,11385,-,-,-,"R$ 82.727,00","R$ 82.727,00",-,-,-,5350,5350,0,0,0,"15,46299065","15,46299065","R$ 0,00","R$ 0,00","R$ 0,00","R$ 176.046,15","R$ 176.046,15",
2912509,Ibipitanga,BA,188,0,0,0,188,0,0,0,470,470,-,-,"R$ 42,00","R$ 409,00","R$ 451,00",-,-,11,349,360,0,0,"3,818181818","1,171919771","1,252777778","R$ 0,00","R$ 0,00","R$ 0,00","R$ 550,80","R$ 550,80",
2912608,Ibiquera,BA,4,0,0,0,4,0,0,0,10,10,-,-,-,"R$ 795,00","R$ 795,00",-,-,-,376,376,0,0,0,"2,114361702","2,114361702","R$ 0,00","R$ 0,00","R$ 0,00","R$ 21,14","R$ 21,14",
2912707,Ibirapitanga,BA,51,0,0,0,51,0,0,0,"127,5","127,5",-,"R$ 860,00",-,"R$ 432.224,00","R$ 433.084,00",-,59,-,20445,20504,0,"14,57627119",0,"21,14081683","21,12192743","R$ 0,00","R$ 0,00","R$ 0,00","R$ 2.695,45","R$ 2.695,45",
2912806,Ibirapuã,BA,1.879,0,0,1.118,761,0,0,1118,"1902,5","3020,5",-,"R$ 8.282,00","R$ 50.073,00","R$ 13.359,00","R$ 71.714,00",-,238,5600,593,6431,0,"34,79831933","8,941607143","22,52782462","11,1512984","R$ 0,00","R$ 0,00","R$ 9.996,72","R$ 42.859,19","R$ 52.855,90",
2912905,Ibirataia,BA,8,0,0,0,8,0,0,0,20,20,-,"R$ 22,00","R$ 45,00","R$ 141.921,00","R$ 141.988,00",-,4,18,9321,9343,0,"5,5","2,5","15,22594142","15,19725998","R$ 0,00","R$ 0,00","R$ 0,00","R$ 304,52","R$ 304,52",
2913002,Ibitiara,BA,109,0,0,0,109,0,0,0,"272,5","272,5",-,"R$ 20,00",-,"R$ 1.323,00","R$ 1.343,00",-,4,-,627,631,0,5,0,"2,110047847","2,12836767","R$ 0,00","R$ 0,00","R$ 0,00","R$ 574,99","R$ 574,99",
2913101,Ibititá,BA,1.992,0,0,0,1.992,0,0,0,4980,4980,-,-,-,"R$ 83.907,00","R$ 83.907,00",-,-,-,6347,6347,0,0,0,"13,21994643","13,21994643","R$ 0,00","R$ 0,00","R$ 0,00","R$ 65.835,33","R$ 65.835,33",
2913200,Ibotirama,BA,476,0,0,0,475,0,0,0,"1187,5","1187,5",-,-,"R$ 9,00","R$ 1.649,00","R$ 1.658,00",-,-,10,919,929,0,0,"0,9","1,794341676","1,784714747","R$ 0,00","R$ 0,00","R$ 0,00","R$ 2.130,78","R$ 2.130,78",
2913309,Ichu,BA,22,0,0,0,22,0,0,0,55,55,-,-,-,"R$ 46,00","R$ 46,00",-,-,-,229,229,0,0,0,"0,2008733624","0,2008733624","R$ 0,00","R$ 0,00","R$ 0,00","R$ 11,05","R$ 11,05",
2913408,Igaporã,BA,211,0,0,0,211,0,0,0,"527,5","527,5",-,"R$ 55,00","R$ 108,00","R$ 3.025,00","R$ 3.188,00",-,10,36,1020,1066,0,"5,5",3,"2,965686275","2,990619137","R$ 0,00","R$ 0,00","R$ 0,00","R$ 1.564,40","R$ 1.564,40",
2913457,Igrapiúna,BA,5,0,0,0,5,0,0,0,"12,5","12,5",-,-,-,"R$ 98.645,00","R$ 98.645,00",-,-,-,13264,13264,0,0,0,"7,437047648","7,437047648","R$ 0,00","R$ 0,00","R$ 0,00","R$ 92,96","R$ 92,96",
2913507,Iguaí,BA,247,0,0,0,247,0,0,0,"617,5","617,5",-,"R$ 952,00","R$ 393,00","R$ 33.554,00","R$ 34.899,00",-,94,70,2586,2750,0,"10,12765957","5,614285714","12,97525135","12,69054545","R$ 0,00","R$ 0,00","R$ 0,00","R$ 8.012,22","R$ 8.012,22",
2913606,Ilhéus,BA,154,0,0,0,154,0,0,0,385,385,-,"R$ 9.892,00","R$ 153,00","R$ 500.162,00","R$ 510.207,00",-,249,45,44139,44433,0,"39,72690763","3,4","11,33152088","11,48261427","R$ 0,00","R$ 0,00","R$ 0,00","R$ 4.362,64","R$ 4.362,64",
2913705,Inhambupe,BA,1.770,0,0,0,1.770,0,0,0,4425,4425,-,-,-,"R$ 196.189,00","R$ 196.189,00",-,-,-,20426,20426,0,0,0,"9,604866347","9,604866347","R$ 0,00","R$ 0,00","R$ 0,00","R$ 42.501,53","R$ 42.501,53",
2913804,Ipecaetá,BA,4,0,0,0,4,0,0,0,10,10,-,-,-,"R$ 1.289,00","R$ 1.289,00",-,-,-,5492,5492,0,0,0,"0,2347050255","0,2347050255","R$ 0,00","R$ 0,00","R$ 0,00","R$ 2,35","R$ 2,35",
2913903,Ipiaú,BA,81,0,0,0,81,0,0,0,"202,5","202,5",-,"R$ 340,00","R$ 67,00","R$ 92.183,00","R$ 92.590,00",-,20,15,5600,5635,0,17,"4,466666667","16,46125","16,43123336","R$ 0,00","R$ 0,00","R$ 0,00","R$ 3.333,40","R$ 3.333,40",
2914000,Ipirá,BA,76,0,0,0,76,0,0,0,190,190,-,-,-,"R$ 1.089,00","R$ 1.089,00",-,-,-,3352,3352,0,0,0,"0,3248806683","0,3248806683","R$ 0,00","R$ 0,00","R$ 0,00","R$ 61,73","R$ 61,73",
2914109,Ipupiara,BA,98,0,0,0,98,0,0,0,245,245,-,-,"R$ 11,00","R$ 630,00","R$ 641,00",-,-,3,67,70,0,0,"3,666666667","9,402985075","9,157142857","R$ 0,00","R$ 0,00","R$ 0,00","R$ 2.303,73","R$ 2.303,73",
2914208,Irajuba,BA,22,0,3,0,19,0,3,0,"47,5","50,5",-,"R$ 671,00",-,"R$ 2.690,00","R$ 3.361,00",-,60,-,418,478,0,"11,18333333",0,"6,435406699","7,031380753","R$ 0,00","R$ 33,55","R$ 0,00","R$ 305,68","R$ 339,23",
2914307,Iramaia,BA,175,0,0,0,175,0,0,0,"437,5","437,5",-,"R$ 2.420,00","R$ 17,00","R$ 7.371,00","R$ 9.808,00",-,180,36,493,709,0,"13,44444444","0,4722222222","14,95131846","13,83356841","R$ 0,00","R$ 0,00","R$ 0,00","R$ 6.541,20","R$ 6.541,20",
2914406,Iraquara,BA,1.145,0,101,0,1.044,0,101,0,2610,2711,"R$ 5,00","R$ 10.560,00","R$ 495,00","R$ 53.780,00","R$ 64.840,00",3,1000,163,4007,5173,"1,666666667","10,56","3,036809816","13,42151235","12,53431278","R$ 0,00","R$ 1.066,56","R$ 0,00","R$ 35.030,15","R$ 36.096,71",
2914505,Irará,BA,99,0,0,0,99,0,0,0,"247,5","247,5",-,-,-,"R$ 6.599,00","R$ 6.599,00",-,-,-,6745,6745,0,0,0,"0,9783543365","0,9783543365","R$ 0,00","R$ 0,00","R$ 0,00","R$ 242,14","R$ 242,14",
2914604,Irecê,BA,832,0,0,0,832,0,0,0,2080,2080,-,-,-,"R$ 11.042,00","R$ 11.042,00",-,-,-,1157,1157,0,0,0,"9,543647364","9,543647364","R$ 0,00","R$ 0,00","R$ 0,00","R$ 19.850,79","R$ 19.850,79",
2914653,Itabela,BA,3.714,0,3.714,0,0,0,3714,0,0,3714,-,"R$ 238.770,00","R$ 858,00","R$ 51.380,00","R$ 291.008,00",-,4714,100,2931,7745,0,"50,65125159","8,58","17,52985329","37,57366043","R$ 0,00","R$ 188.118,75","R$ 0,00","R$ 0,00","R$ 188.118,75",
2914703,Itaberaba,BA,1.640,0,0,0,1.640,0,0,0,4100,4100,-,-,-,"R$ 67.325,00","R$ 67.325,00",-,-,-,2662,2662,0,0,0,"25,29113449","25,29113449","R$ 0,00","R$ 0,00","R$ 0,00","R$ 103.693,65","R$ 103.693,65",
2914802,Itabuna,BA,32,0,0,0,32,0,0,0,80,80,-,-,-,"R$ 63.694,00","R$ 63.694,00",-,-,-,7600,7600,0,0,0,"8,380789474","8,380789474","R$ 0,00","R$ 0,00","R$ 0,00","R$ 670,46","R$ 670,46",
2914901,Itacaré,BA,124,0,0,0,124,0,0,0,310,310,-,"R$ 1.207,00","R$ 191,00","R$ 225.765,00","R$ 227.163,00",-,42,60,18533,18635,0,"28,73809524","3,183333333","12,18178385","12,19012611","R$ 0,00","R$ 0,00","R$ 0,00","R$ 3.776,35","R$ 3.776,35",
2915007,Itaeté,BA,354,0,0,0,354,0,0,0,885,885,-,-,-,"R$ 5.546,00","R$ 5.546,00",-,-,-,1331,1331,0,0,0,"4,166791886","4,166791886","R$ 0,00","R$ 0,00","R$ 0,00","R$ 3.687,61","R$ 3.687,61",
2915106,Itagi,BA,75,0,0,0,75,0,0,0,"187,5","187,5",-,-,"R$ 25,00","R$ 61.064,00","R$ 61.089,00",-,-,6,4535,4541,0,0,"4,166666667","13,46504961","13,45276371","R$ 0,00","R$ 0,00","R$ 0,00","R$ 2.524,70","R$ 2.524,70",
2915205,Itagibá,BA,198,0,0,0,198,0,0,0,495,495,-,"R$ 48,00","R$ 9,00","R$ 68.779,00","R$ 68.836,00",-,3,5,4212,4220,0,16,"1,8","16,32929725","16,31184834","R$ 0,00","R$ 0,00","R$ 0,00","R$ 8.083,00","R$ 8.083,00",
2915304,Itagimirim,BA,0,0,0,0,0,0,0,0,0,0,-,"R$ 429,00","R$ 109,00","R$ 1.662,00","R$ 2.200,00",-,16,18,111,145,0,"26,8125","6,055555556","14,97297297","15,17241379","R$ 0,00","R$ 0,00","R$ 0,00","R$ 0,00","R$ 0,00",
2915353,Itaguaçu da Bahia,BA,1.056,0,0,0,1.056,0,0,0,2640,2640,-,-,-,"R$ 22.133,00","R$ 22.133,00",-,-,-,1606,1606,0,0,0,"13,78144458","13,78144458","R$ 0,00","R$ 0,00","R$ 0,00","R$ 36.383,01","R$ 36.383,01",
2915403,Itaju do Colônia,BA,0,0,0,0,0,0,0,0,0,0,-,-,-,"R$ 1.134,00","R$ 1.134,00",-,-,-,150,150,0,0,0,"7,56","7,56","R$ 0,00","R$ 0,00","R$ 0,00","R$ 0,00","R$ 0,00",
2915502,Itajuípe,BA,0,0,0,0,0,0,0,0,0,0,-,"R$ 1.845,00","R$ 99,00","R$ 142.404,00","R$ 144.348,00",-,71,60,14364,14495,0,"25,98591549","1,65","9,913951546","9,958468437","R$ 0,00","R$ 0,00","R$ 0,00","R$ 0,00","R$ 0,00",
2915601,Itamaraju,BA,1.846,0,1.846,0,0,0,1846,0,0,1846,-,"R$ 471.200,00","R$ 101,00","R$ 167.922,00","R$ 639.223,00",-,7500,20,7956,15476,0,"62,82666667","5,05","21,10633484","41,30414836","R$ 0,00","R$ 115.978,03","R$ 0,00","R$ 0,00","R$ 115.978,03",
2915700,Itamari,BA,0,0,0,0,0,0,0,0,0,0,-,"R$ 252,00",-,"R$ 127.107,00","R$ 127.359,00",-,16,-,5119,5135,0,"15,75",0,"24,83043563","24,80214216","R$ 0,00","R$ 0,00","R$ 0,00","R$ 0,00","R$ 0,00",
2915809,Itambé,BA,270,0,66,0,204,0,66,0,510,576,-,"R$ 2.257,00","R$ 85,00","R$ 6.525,00","R$ 8.867,00",-,231,20,1031,1282,0,"9,770562771","4,25","6,328806984","6,916536661","R$ 0,00","R$ 644,86","R$ 0,00","R$ 3.227,69","R$ 3.872,55",
2915908,Itanagra,BA,0,0,0,0,0,0,0,0,0,0,-,-,-,"R$ 851,00","R$ 851,00",-,-,-,179,179,0,0,0,"4,754189944","4,754189944","R$ 0,00","R$ 0,00","R$ 0,00","R$ 0,00","R$ 0,00",
2916005,Itanhém,BA,208,0,0,25,183,0,0,25,"457,5","482,5",-,"R$ 35.100,00","R$ 2.621,00","R$ 8.452,00","R$ 46.173,00",-,728,300,635,1663,0,"48,21428571","8,736666667","13,31023622","27,76488274","R$ 0,00","R$ 0,00","R$ 218,42","R$ 6.089,43","R$ 6.307,85",
2916104,Itaparica,BA,9,0,0,0,9,0,0,0,"22,5","22,5",-,-,-,"R$ 218,00","R$ 218,00",-,-,-,18,18,0,0,0,"12,11111111","12,11111111","R$ 0,00","R$ 0,00","R$ 0,00","R$ 272,50","R$ 272,50",
2916203,Itapé,BA,0,0,0,0,0,0,0,0,0,0,-,"R$ 176,00","R$ 28,00","R$ 6.464,00","R$ 6.668,00",-,6,6,804,816,0,"29,33333333","4,666666667","8,039800995","8,171568627","R$ 0,00","R$ 0,00","R$ 0,00","R$ 0,00","R$ 0,00",
2916302,Itapebi,BA,0,0,0,0,0,0,0,0,0,0,-,"R$ 1.473,00","R$ 372,00","R$ 12.953,00","R$ 14.798,00",-,56,60,1290,1406,0,"26,30357143","6,2","10,04108527","10,52489331","R$ 0,00","R$ 0,00","R$ 0,00","R$ 0,00","R$ 0,00",
2916401,Itapetinga,BA,277,0,0,0,277,0,0,0,"692,5","692,5",-,-,"R$ 3,00","R$ 643,00","R$ 646,00",-,-,1,30,31,0,0,3,"21,43333333","20,83870968","R$ 0,00","R$ 0,00","R$ 0,00","R$ 14.842,58","R$ 14.842,58",
2916500,Itapicuru,BA,644,0,0,0,644,0,0,0,1610,1610,-,-,-,"R$ 171.306,00","R$ 171.306,00",-,-,-,35856,35856,0,0,0,"4,777610442","4,777610442","R$ 0,00","R$ 0,00","R$ 0,00","R$ 7.691,95","R$ 7.691,95",
2916609,Itapitanga,BA,0,0,0,0,0,0,0,0,0,0,-,"R$ 433,00","R$ 29,00","R$ 17.242,00","R$ 17.704,00",-,15,15,1280,1310,0,"28,86666667","1,933333333","13,4703125","13,51450382","R$ 0,00","R$ 0,00","R$ 0,00","R$ 0,00","R$ 0,00",
2916708,Itaquara,BA,442,0,0,0,442,0,0,0,1105,1105,-,"R$ 122,00","R$ 3,00","R$ 8.598,00","R$ 8.723,00",-,6,3,428,437,0,"20,33333333",1,"20,08878505","19,9610984","R$ 0,00","R$ 0,00","R$ 0,00","R$ 22.198,11","R$ 22.198,11",
2916807,Itarantim,BA,97,0,0,0,97,0,0,0,"242,5","242,5",-,-,"R$ 934,00","R$ 340,00","R$ 1.274,00",-,-,135,45,180,0,0,"6,918518519","7,555555556","7,077777778","R$ 0,00","R$ 0,00","R$ 0,00","R$ 1.832,22","R$ 1.832,22",
2916856,Itatim,BA,25,0,0,0,25,0,0,0,"62,5","62,5",-,-,-,"R$ 488,00","R$ 488,00",-,-,-,296,296,0,0,0,"1,648648649","1,648648649","R$ 0,00","R$ 0,00","R$ 0,00","R$ 103,04","R$ 103,04",
2916906,Itiruçu,BA,559,0,119,0,440,0,119,0,1100,1219,-,"R$ 3.031,00",-,"R$ 16.807,00","R$ 19.838,00",-,321,-,710,1031,0,"9,442367601",0,"23,67183099","19,24151309","R$ 0,00","R$ 1.123,64","R$ 0,00","R$ 26.039,01","R$ 27.162,66",
2917003,Itiúba,BA,73,0,0,0,73,0,0,0,"182,5","182,5",-,"R$ 28,00",-,"R$ 14.286,00","R$ 14.314,00",-,2,-,8159,8161,0,14,0,"1,750949871","1,753951722","R$ 0,00","R$ 0,00","R$ 0,00","R$ 319,55","R$ 319,55",
2917102,Itororó,BA,0,0,0,0,0,0,0,0,0,0,-,-,"R$ 20,00","R$ 19.184,00","R$ 19.204,00",-,-,4,1680,1684,0,0,5,"11,41904762","11,40380048","R$ 0,00","R$ 0,00","R$ 0,00","R$ 0,00","R$ 0,00",
2917201,Ituaçu,BA,2.919,0,117,0,2.802,0,117,0,7005,7122,-,"R$ 136.059,00","R$ 790,00","R$ 145.252,00","R$ 282.101,00",-,4285,150,4850,9285,0,"31,75239207","5,266666667","29,94886598","30,3824448","R$ 0,00","R$ 3.715,03","R$ 0,00","R$ 209.791,81","R$ 213.506,84",
2917300,Ituberá,BA,16,0,0,0,16,0,0,0,40,40,-,-,"R$ 54,00","R$ 120.593,00","R$ 120.647,00",-,-,35,12189,12224,0,0,"1,542857143","9,893592583","9,869682592","R$ 0,00","R$ 0,00","R$ 0,00","R$ 395,74","R$ 395,74",
2917334,Iuiu,BA,552,0,0,0,552,0,0,0,1380,1380,-,-,"R$ 198,00","R$ 26.011,00","R$ 26.209,00",-,-,55,4450,4505,0,0,"3,6","5,845168539","5,817758047","R$ 0,00","R$ 0,00","R$ 0,00","R$ 8.066,33","R$ 8.066,33",
2917359,Jaborandi,BA,23.684,0,0,0,23.684,0,0,0,59210,59210,"R$ 40,00",-,"R$ 436,00","R$ 1.281.860,00","R$ 1.282.336,00",12,-,65,156716,156793,"3,333333333",0,"6,707692308","8,179509431","8,178528378","R$ 0,00","R$ 0,00","R$ 0,00","R$ 484.308,75","R$ 484.308,75",
2917409,Jacaraci,BA,281,0,0,0,281,0,0,0,"702,5","702,5",-,"R$ 80,00","R$ 169,00","R$ 3.959,00","R$ 4.208,00",-,7,45,1842,1894,0,"11,42857143","3,755555556","2,149294245","2,221752904","R$ 0,00","R$ 0,00","R$ 0,00","R$ 1.509,88","R$ 1.509,88",
2917508,Jacobina,BA,694,0,0,0,694,0,0,0,1735,1735,-,-,"R$ 40,00","R$ 28.988,00","R$ 29.028,00",-,-,8,6079,6087,0,0,5,"4,768547458","4,768851651","R$ 0,00","R$ 0,00","R$ 0,00","R$ 8.273,43","R$ 8.273,43",
2917607,Jaguaquara,BA,1.910,0,23,0,1.887,0,23,0,"4717,5","4740,5",-,"R$ 919,00","R$ 83,00","R$ 49.648,00","R$ 50.650,00",-,93,33,3015,3141,0,"9,88172043","2,515151515","16,46699834","16,12543776","R$ 0,00","R$ 227,28","R$ 0,00","R$ 77.683,06","R$ 77.910,34",
2917706,Jaguarari,BA,123,0,0,0,123,0,0,0,"307,5","307,5",-,-,-,"R$ 2.465,00","R$ 2.465,00",-,-,-,4570,4570,0,0,0,"0,5393873085","0,5393873085","R$ 0,00","R$ 0,00","R$ 0,00","R$ 165,86","R$ 165,86",
2917805,Jaguaripe,BA,23,0,0,0,23,0,0,0,"57,5","57,5",-,"R$ 133,00","R$ 6,00","R$ 45.084,00","R$ 45.223,00",-,6,2,7644,7652,0,"22,16666667",3,"5,897959184","5,909958181","R$ 0,00","R$ 0,00","R$ 0,00","R$ 339,13","R$ 339,13",
2917904,Jandaíra,BA,159,0,0,0,159,0,0,0,"397,5","397,5",-,-,-,"R$ 21.962,00","R$ 21.962,00",-,-,-,3700,3700,0,0,0,"5,935675676","5,935675676","R$ 0,00","R$ 0,00","R$ 0,00","R$ 2.359,43","R$ 2.359,43",
2918001,Jequié,BA,341,0,0,0,341,0,0,0,"852,5","852,5",-,-,-,"R$ 117.920,00","R$ 117.920,00",-,-,-,11826,11826,0,0,0,"9,971249789","9,971249789","R$ 0,00","R$ 0,00","R$ 0,00","R$ 8.500,49","R$ 8.500,49",
2918100,Jeremoabo,BA,903,0,0,0,903,0,0,0,"2257,5","2257,5",-,-,-,"R$ 44.212,00","R$ 44.212,00",-,-,-,20396,20396,0,0,0,"2,167679937","2,167679937","R$ 0,00","R$ 0,00","R$ 0,00","R$ 4.893,54","R$ 4.893,54",
2918209,Jiquiriçá,BA,6,0,0,0,6,0,0,0,15,15,-,-,"R$ 28,00","R$ 76.364,00","R$ 76.392,00",-,-,25,6084,6109,0,0,"1,12","12,55161078","12,50482894","R$ 0,00","R$ 0,00","R$ 0,00","R$ 188,27","R$ 188,27",
2918308,Jitaúna,BA,117,0,0,0,117,0,0,0,"292,5","292,5",-,-,"R$ 28,00","R$ 167.427,00","R$ 167.455,00",-,-,6,6882,6888,0,0,"4,666666667","24,3282476","24,31112079","R$ 0,00","R$ 0,00","R$ 0,00","R$ 7.116,01","R$ 7.116,01",
2918357,João Dourado,BA,1.466,0,0,0,1466,0,0,0,3665,3665,-,-,-,"R$ 120.282,00","R$ 120.282,00",-,-,-,3503,3503,0,0,0,"34,33685413","34,33685413","R$ 0,00","R$ 0,00","R$ 0,00","R$ 125.844,57","R$ 125.844,57",
2918407,Juazeiro,BA,47.405,0,0,20.213,27.192,0,0,20213,67980,88193,-,-,"R$ 202.727,00","R$ 1.778.898,00","R$ 1.981.625,00",-,-,16360,23655,40015,0,0,"12,39162592","75,20177552","49,52205423","R$ 0,00","R$ 0,00","R$ 250.471,93","R$ 5.112.216,70","R$ 5.362.688,63",
2918456,Jucuruçu,BA,30,0,12,0,18,0,12,0,45,57,-,"R$ 30.832,00","R$ 324,00","R$ 15.467,00","R$ 46.623,00",-,1100,65,1344,2509,0,"28,02909091","4,984615385","11,50818452","18,58230371","R$ 0,00","R$ 336,35","R$ 0,00","R$ 517,87","R$ 854,22",
2918506,Jussara,BA,2.236,0,0,0,2.236,0,0,0,5590,5590,-,-,-,"R$ 13.223,00","R$ 13.223,00",-,-,-,4246,4246,0,0,0,"3,114225153","3,114225153","R$ 0,00","R$ 0,00","R$ 0,00","R$ 17.408,52","R$ 17.408,52",
2918555,Jussari,BA,0,0,0,0,0,0,0,0,0,0,-,"R$ 2.048,00","R$ 133,00","R$ 19.192,00","R$ 21.373,00",-,100,10,2345,2455,0,"20,48","13,3","8,184221748","8,705906314","R$ 0,00","R$ 0,00","R$ 0,00","R$ 0,00","R$ 0,00",
2918605,Jussiape,BA,869,0,0,0,869,0,0,0,"2172,5","2172,5",-,"R$ 1.344,00","R$ 1.480,00","R$ 11.476,00","R$ 14.300,00",-,102,230,758,1090,0,"13,17647059","6,434782609","15,13984169","13,11926606","R$ 0,00","R$ 0,00","R$ 0,00","R$ 32.891,31","R$ 32.891,31",
2918704,Lafaiete Coutinho,BA,333,0,7,0,326,0,7,0,815,822,-,"R$ 713,00",-,"R$ 6.011,00","R$ 6.724,00",-,127,-,768,895,0,"5,614173228",0,"7,826822917","7,512849162","R$ 0,00","R$ 39,30","R$ 0,00","R$ 6.378,86","R$ 6.418,16",
2918753,Lagoa Real,BA,428,0,0,0,428,0,0,0,1070,1070,-,-,-,"R$ 1.271,00","R$ 1.271,00",-,-,-,607,607,0,0,0,"2,093904448","2,093904448","R$ 0,00","R$ 0,00","R$ 0,00","R$ 2.240,48","R$ 2.240,48",
2918803,Laje,BA,37,0,0,0,37,0,0,0,"92,5","92,5",-,-,"R$ 61,00","R$ 97.060,00","R$ 97.121,00",-,-,20,8301,8321,0,0,"3,05","11,69256716","11,67179426","R$ 0,00","R$ 0,00","R$ 0,00","R$ 1.081,56","R$ 1.081,56",
2918902,Lajedão,BA,793,0,0,765,28,0,0,765,70,835,-,"R$ 1.233,00","R$ 70.442,00","R$ 4.154,00","R$ 75.829,00",-,61,7150,150,7361,0,"20,21311475","9,852027972","27,69333333","10,30145361","R$ 0,00","R$ 0,00","R$ 7.536,80","R$ 1.938,53","R$ 9.475,33",
2919009,Lajedinho,BA,41,0,0,0,41,0,0,0,"102,5","102,5",-,-,-,"R$ 834,00","R$ 834,00",-,-,-,165,165,0,0,0,"5,054545455","5,054545455","R$ 0,00","R$ 0,00","R$ 0,00","R$ 518,09","R$ 518,09",
2919058,Lajedo do Tabocal,BA,197,0,64,0,133,0,64,0,"332,5","396,5",-,"R$ 1.980,00",-,"R$ 11.510,00","R$ 13.490,00",-,202,-,628,830,0,"9,801980198",0,"18,32802548","16,25301205","R$ 0,00","R$ 627,33","R$ 0,00","R$ 6.094,07","R$ 6.721,40",
2919108,Lamarão,BA,31,0,0,0,31,0,0,0,"77,5","77,5",-,-,-,"R$ 1.820,00","R$ 1.820,00",-,-,-,1042,1042,0,0,0,"1,746641075","1,746641075","R$ 0,00","R$ 0,00","R$ 0,00","R$ 135,36","R$ 135,36",
2919157,Lapão,BA,2.266,0,0,0,2.266,0,0,0,5665,5665,-,-,-,"R$ 78.549,00","R$ 78.549,00",-,-,-,5231,5231,0,0,0,"15,01605812","15,01605812","R$ 0,00","R$ 0,00","R$ 0,00","R$ 85.065,97","R$ 85.065,97",
2919207,Lauro de Freitas,BA,6,0,0,0,6,0,0,0,15,15,-,-,-,"R$ 92,00","R$ 92,00",-,-,-,11,11,0,0,0,"8,363636364","8,363636364","R$ 0,00","R$ 0,00","R$ 0,00","R$ 125,45","R$ 125,45",
2919306,Lençóis,BA,383,0,79,0,304,0,79,0,760,839,-,"R$ 11.004,00","R$ 34,00","R$ 13.478,00","R$ 24.516,00",-,890,6,714,1610,0,"12,36404494","5,666666667","18,8767507","15,22732919","R$ 0,00","R$ 976,76","R$ 0,00","R$ 14.346,33","R$ 15.323,09",
2919405,Licínio de Almeida,BA,597,0,0,0,597,0,0,0,"1492,5","1492,5",-,"R$ 1.120,00","R$ 371,00","R$ 4.982,00","R$ 6.473,00",-,40,150,1276,1466,0,28,"2,473333333","3,904388715","4,415416098","R$ 0,00","R$ 0,00","R$ 0,00","R$ 5.827,30","R$ 5.827,30",
2919504,Livramento de Nossa Senhora,BA,3.924,0,0,0,3.924,0,0,0,9810,9810,-,-,"R$ 96,00","R$ 209.139,00","R$ 209.235,00",-,-,30,11767,11797,0,0,"3,2","17,7733492","17,73628889","R$ 0,00","R$ 0,00","R$ 0,00","R$ 174.356,56","R$ 174.356,56",
2919553,Luís Eduardo Magalhães,BA,21.451,0,1.629,0,19.822,0,1629,0,49555,51184,-,"R$ 39.420,00",-,"R$ 2.360.845,00","R$ 2.400.265,00",-,917,-,275512,276429,0,"42,98800436",0,"8,568937106","8,683115737","R$ 0,00","R$ 70.027,46","R$ 0,00","R$ 424.633,68","R$ 494.661,14",
2919603,Macajuba,BA,4,0,0,0,4,0,0,0,10,10,-,-,-,"R$ 1.073,00","R$ 1.073,00",-,-,-,770,770,0,0,0,"1,393506494","1,393506494","R$ 0,00","R$ 0,00","R$ 0,00","R$ 13,94","R$ 13,94",
2919702,Macarani,BA,44,0,44,0,0,0,44,0,0,44,-,"R$ 635,00","R$ 219,00","R$ 778,00","R$ 1.632,00",-,85,25,76,186,0,"7,470588235","8,76","10,23684211","8,774193548","R$ 0,00","R$ 328,71","R$ 0,00","R$ 0,00","R$ 328,71",
2919801,Macaúbas,BA,440,0,0,0,440,0,0,0,1100,1100,"R$ 32,00","R$ 11,00","R$ 1.216,00","R$ 8.313,00","R$ 9.572,00",20,2,250,6277,6549,"1,6","5,5","4,864","1,32435877","1,46159719","R$ 0,00","R$ 0,00","R$ 0,00","R$ 1.456,79","R$ 1.456,79",
2919900,Macururé,BA,21,0,0,0,21,0,0,0,"52,5","52,5",-,-,-,"R$ 75,00","R$ 75,00",-,-,-,71,71,0,0,0,"1,056338028","1,056338028","R$ 0,00","R$ 0,00","R$ 0,00","R$ 55,46","R$ 55,46",
2919926,Madre de Deus,BA,0,0,0,0,0,0,0,0,0,0,...,...,...,#VALUE!,...,...,...,...,#VALUE!,...,0,0,0,0,0,"R$ 0,00","R$ 0,00","R$ 0,00","R$ 0,00","R$ 0,00",
2919959,Maetinga,BA,32,0,0,0,32,0,0,0,80,80,-,-,"R$ 3,00","R$ 375,00","R$ 378,00",-,-,1,515,516,0,0,3,"0,7281553398","0,7325581395","R$ 0,00","R$ 0,00","R$ 0,00","R$ 58,25","R$ 58,25",
2920007,Maiquinique,BA,18,0,0,0,18,0,0,0,45,45,-,-,"R$ 192,00","R$ 1.608,00","R$ 1.800,00",-,-,24,135,159,0,0,8,"11,91111111","11,32075472","R$ 0,00","R$ 0,00","R$ 0,00","R$ 536,00","R$ 536,00",
2920106,Mairi,BA,59,0,0,0,59,0,0,0,"147,5","147,5",-,-,-,"R$ 949,00","R$ 949,00",-,-,-,4039,4039,0,0,0,"0,2349591483","0,2349591483","R$ 0,00","R$ 0,00","R$ 0,00","R$ 34,66","R$ 34,66",
2920205,Malhada,BA,1.738,0,0,0,1737,0,0,0,"4342,5","4342,5",-,-,"R$ 30,00","R$ 85.547,00","R$ 85.577,00",-,-,10,8369,8379,0,0,3,"10,22189031","10,21327127","R$ 0,00","R$ 0,00","R$ 0,00","R$ 44.388,56","R$ 44.388,56",
2920304,Malhada de Pedras,BA,214,0,0,0,214,0,0,0,535,535,-,-,-,"R$ 2.703,00","R$ 2.703,00",-,-,-,1827,1827,0,0,0,"1,479474548","1,479474548","R$ 0,00","R$ 0,00","R$ 0,00","R$ 791,52","R$ 791,52",
2920403,Manoel Vitorino,BA,183,0,0,0,183,0,0,0,"457,5","457,5",-,-,-,"R$ 7.120,00","R$ 7.120,00",-,-,-,459,459,0,0,0,"15,51198257","15,51198257","R$ 0,00","R$ 0,00","R$ 0,00","R$ 7.096,73","R$ 7.096,73",
2920452,Mansidão,BA,0,0,0,0,0,0,0,0,0,0,-,-,"R$ 19,00","R$ 1.309,00","R$ 1.328,00",-,-,4,1388,1392,0,0,"4,75","0,9430835735","0,9540229885","R$ 0,00","R$ 0,00","R$ 0,00","R$ 0,00","R$ 0,00",
2920502,Maracás,BA,382,0,193,0,189,0,193,0,"472,5","665,5",-,"R$ 8.417,00",-,"R$ 73.314,00","R$ 81.731,00",-,361,-,2781,3142,0,"23,31578947",0,"26,36245955","26,01241248","R$ 0,00","R$ 4.499,95","R$ 0,00","R$ 12.456,26","R$ 16.956,21",
2920601,Maragogipe,BA,36,0,0,0,36,0,0,0,90,90,-,-,"R$ 129,00","R$ 25.665,00","R$ 25.794,00",-,-,40,2842,2882,0,0,"3,225","9,030612245","8,950034698","R$ 0,00","R$ 0,00","R$ 0,00","R$ 812,76","R$ 812,76",
2920700,Maraú,BA,62,0,0,0,62,0,0,0,155,155,-,"R$ 3.903,00","R$ 18,00","R$ 170.474,00","R$ 174.395,00",-,134,7,13417,13558,0,"29,12686567","2,571428571","12,70582097","12,86288538","R$ 0,00","R$ 0,00","R$ 0,00","R$ 1.969,40","R$ 1.969,40",
2920809,Marcionílio Souza,BA,58,0,0,0,58,0,0,0,145,145,-,-,-,"R$ 966,00","R$ 966,00",-,-,-,88,88,0,0,0,"10,97727273","10,97727273","R$ 0,00","R$ 0,00","R$ 0,00","R$ 1.591,70","R$ 1.591,70",
2920908,Mascote,BA,0,0,0,0,0,0,0,0,0,0,-,"R$ 7.488,00",-,"R$ 47.339,00","R$ 54.827,00",-,260,-,5737,5997,0,"28,8",0,"8,251525187","9,142404536","R$ 0,00","R$ 0,00","R$ 0,00","R$ 0,00","R$ 0,00",
2921005,Mata de São João,BA,300,0,0,0,300,0,0,0,750,750,-,-,-,"R$ 4.237,00","R$ 4.237,00",-,-,-,582,582,0,0,0,"7,280068729","7,280068729","R$ 0,00","R$ 0,00","R$ 0,00","R$ 5.460,05","R$ 5.460,05",
2921054,Matina,BA,104,0,0,0,104,0,0,0,260,260,-,-,-,"R$ 1.932,00","R$ 1.932,00",-,-,-,1162,1162,0,0,0,"1,662650602","1,662650602","R$ 0,00","R$ 0,00","R$ 0,00","R$ 432,29","R$ 432,29",
2921104,Medeiros Neto,BA,409,0,0,315,94,0,0,315,235,550,-,"R$ 2.269,00","R$ 38.812,00","R$ 7.971,00","R$ 49.052,00",-,89,4000,421,4510,0,"25,49438202","9,703","18,93349169","10,87627494","R$ 0,00","R$ 0,00","R$ 3.056,45","R$ 4.449,37","R$ 7.505,82",
2921203,Miguel Calmon,BA,399,0,0,0,399,0,0,0,"997,5","997,5",-,"R$ 306,00",-,"R$ 6.995,00","R$ 7.301,00",-,31,-,2419,2450,0,"9,870967742",0,"2,891690781","2,98","R$ 0,00","R$ 0,00","R$ 0,00","R$ 2.884,46","R$ 2.884,46",
2921302,Milagres,BA,4,0,0,0,4,0,0,0,10,10,-,-,-,"R$ 254,00","R$ 254,00",-,-,-,40,40,0,0,0,"6,35","6,35","R$ 0,00","R$ 0,00","R$ 0,00","R$ 63,50","R$ 63,50",
2921401,Mirangaba,BA,942,0,0,0,942,0,0,0,2355,2355,-,-,-,"R$ 21.702,00","R$ 21.702,00",-,-,-,2196,2196,0,0,0,"9,882513661","9,882513661","R$ 0,00","R$ 0,00","R$ 0,00","R$ 23.273,32","R$ 23.273,32",
2921450,Mirante,BA,384,0,0,0,384,0,0,0,960,960,-,-,"R$ 21,00","R$ 5.805,00","R$ 5.826,00",-,-,5,410,415,0,0,"4,2","14,15853659","14,03855422","R$ 0,00","R$ 0,00","R$ 0,00","R$ 13.592,20","R$ 13.592,20",
2921500,Monte Santo,BA,25,0,0,0,25,0,0,0,"62,5","62,5",-,-,-,"R$ 25.793,00","R$ 25.793,00",-,-,-,18460,18460,0,0,0,"1,39723727","1,39723727","R$ 0,00","R$ 0,00","R$ 0,00","R$ 87,33","R$ 87,33",
2921609,Morpará,BA,49,0,0,0,49,0,0,0,"122,5","122,5",-,-,"R$ 14,00","R$ 1.132,00","R$ 1.146,00",-,-,4,771,775,0,0,"3,5","1,468223087","1,478709677","R$ 0,00","R$ 0,00","R$ 0,00","R$ 179,86","R$ 179,86",
2921708,Morro do Chapéu,BA,148,0,44,0,104,0,44,0,260,304,-,"R$ 3.528,00",-,"R$ 44.524,00","R$ 48.052,00",-,448,-,4368,4816,0,"7,875",0,"10,19322344","9,977574751","R$ 0,00","R$ 346,50","R$ 0,00","R$ 2.650,24","R$ 2.996,74",
2921807,Mortugaba,BA,84,0,0,0,84,0,0,0,210,210,-,"R$ 108,00","R$ 81,00","R$ 3.143,00","R$ 3.332,00",-,17,28,1836,1881,0,"6,352941176","2,892857143","1,711873638","1,771398192","R$ 0,00","R$ 0,00","R$ 0,00","R$ 359,49","R$ 359,49",
2921906,Mucugê,BA,13.384,0,1.272,0,12.112,0,1272,0,30280,31552,"R$ 340,00","R$ 66.952,00","R$ 812,00","R$ 893.006,00","R$ 961.110,00",70,1454,150,9262,10936,"4,857142857","46,04676754","5,413333333","96,41610883","87,88496708","R$ 0,00","R$ 58.571,49","R$ 0,00","R$ 2.919.479,78","R$ 2.978.051,26",
2922003,Mucuri,BA,4.353,0,0,1036,3.318,0,0,1036,8295,9331,-,"R$ 29.859,00","R$ 53.317,00","R$ 68.230,00","R$ 151.406,00",-,601,6000,2875,9476,0,"49,68219634","8,886166667","23,73217391","15,97783875","R$ 0,00","R$ 0,00","R$ 9.206,07","R$ 196.858,38","R$ 206.064,45",
2922052,Mulungu do Morro,BA,555,0,0,0,555,0,0,0,"1387,5","1387,5",-,"R$ 5.950,00",-,"R$ 27.951,00","R$ 33.901,00",-,1010,-,5265,6275,0,"5,891089109",0,"5,308831909","5,402549801","R$ 0,00","R$ 0,00","R$ 0,00","R$ 7.366,00","R$ 7.366,00",
2922102,Mundo Novo,BA,44,0,0,0,44,0,0,0,110,110,-,"R$ 697,00",-,"R$ 7.863,00","R$ 8.560,00",-,43,-,2580,2623,0,"16,20930233",0,"3,047674419","3,263438811","R$ 0,00","R$ 0,00","R$ 0,00","R$ 335,24","R$ 335,24",
2922201,Muniz Ferreira,BA,15,0,0,0,15,0,0,0,"37,5","37,5",-,-,"R$ 202,00","R$ 8.849,00","R$ 9.051,00",-,-,50,724,774,0,0,"4,04","12,22237569","11,69379845","R$ 0,00","R$ 0,00","R$ 0,00","R$ 458,34","R$ 458,34",
2922250,Muquém do São Francisco,BA,1.976,0,0,0,1.976,0,0,0,4940,4940,-,-,"R$ 3.230,00","R$ 3.616,00","R$ 6.846,00",-,-,2002,4629,6631,0,0,"1,613386613","0,7811622381","1,032423466","R$ 0,00","R$ 0,00","R$ 0,00","R$ 3.858,94","R$ 3.858,94",
2922300,Muritiba,BA,6,0,0,0,6,0,0,0,15,15,-,-,-,"R$ 21.551,00","R$ 21.551,00",-,-,-,1608,1608,0,0,0,"13,40236318","13,40236318","R$ 0,00","R$ 0,00","R$ 0,00","R$ 201,04","R$ 201,04",
2922409,Mutuípe,BA,9,0,0,0,9,0,0,0,"22,5","22,5",-,"R$ 258,00","R$ 12,00","R$ 194.017,00","R$ 194.287,00",-,21,12,10054,10087,0,"12,28571429",1,"19,29749353","19,26112818","R$ 0,00","R$ 0,00","R$ 0,00","R$ 434,19","R$ 434,19",
2922508,Nazaré,BA,20,0,0,0,20,0,0,0,50,50,-,-,"R$ 43,00","R$ 6.272,00","R$ 6.315,00",-,-,18,874,892,0,0,"2,388888889","7,176201373","7,079596413","R$ 0,00","R$ 0,00","R$ 0,00","R$ 358,81","R$ 358,81",
2922607,Nilo Peçanha,BA,0,0,0,0,0,0,0,0,0,0,-,-,-,"R$ 124.973,00","R$ 124.973,00",-,-,-,9455,9455,0,0,0,"13,21766261","13,21766261","R$ 0,00","R$ 0,00","R$ 0,00","R$ 0,00","R$ 0,00",
2922656,Nordestina,BA,0,0,0,0,0,0,0,0,0,0,-,-,-,"R$ 6.216,00","R$ 6.216,00",-,-,-,1961,1961,0,0,0,"3,169811321","3,169811321","R$ 0,00","R$ 0,00","R$ 0,00","R$ 0,00","R$ 0,00",
2922706,Nova Canaã,BA,259,0,8,0,251,0,8,0,"627,5","635,5",-,"R$ 5.468,00","R$ 80,00","R$ 10.875,00","R$ 16.423,00",-,728,10,1294,2032,0,"7,510989011",8,"8,404173107","8,082185039","R$ 0,00","R$ 60,09","R$ 0,00","R$ 5.273,62","R$ 5.333,71",
2922730,Nova Fátima,BA,11,0,0,0,11,0,0,0,"27,5","27,5",-,-,-,"R$ 1.604,00","R$ 1.604,00",-,-,-,1081,1081,0,0,0,"1,483811286","1,483811286","R$ 0,00","R$ 0,00","R$ 0,00","R$ 40,80","R$ 40,80",
2922755,Nova Ibiá,BA,15,0,0,0,15,0,0,0,"37,5","37,5",-,"R$ 166,00",-,"R$ 169.592,00","R$ 169.758,00",-,18,-,6856,6874,0,"9,222222222",0,"24,73628938","24,69566482","R$ 0,00","R$ 0,00","R$ 0,00","R$ 927,61","R$ 927,61",
2922805,Nova Itarana,BA,13,0,2,0,11,0,2,0,"27,5","29,5",-,"R$ 2.648,00",-,"R$ 1.165,00","R$ 3.813,00",-,291,-,166,457,0,"9,099656357",0,"7,018072289","8,343544858","R$ 0,00","R$ 18,20","R$ 0,00","R$ 193,00","R$ 211,20",
2922854,Nova Redenção,BA,503,0,0,0,503,0,0,0,"1257,5","1257,5",-,-,-,"R$ 7.347,00","R$ 7.347,00",-,-,-,2203,2203,0,0,0,"3,33499773","3,33499773","R$ 0,00","R$ 0,00","R$ 0,00","R$ 4.193,76","R$ 4.193,76",
2922904,Nova Soure,BA,497,0,0,0,497,0,0,0,"1242,5","1242,5",-,-,-,"R$ 17.412,00","R$ 17.412,00",-,-,-,3890,3890,0,0,0,"4,476092545","4,476092545","R$ 0,00","R$ 0,00","R$ 0,00","R$ 5.561,54","R$ 5.561,54",
2923001,Nova Viçosa,BA,1.527,0,0,204,1.323,0,0,204,"3307,5","3511,5",-,"R$ 14.200,00","R$ 8.407,00","R$ 25.005,00","R$ 47.612,00",-,415,1000,1027,2442,0,"34,21686747","8,407","24,34761441","19,4971335","R$ 0,00","R$ 0,00","R$ 1.715,03","R$ 80.529,73","R$ 82.244,76",
2923035,Novo Horizonte,BA,310,0,0,0,310,0,0,0,775,775,-,-,"R$ 88,00","R$ 15.356,00","R$ 15.444,00",-,-,9,583,592,0,0,"9,777777778","26,33962264","26,08783784","R$ 0,00","R$ 0,00","R$ 0,00","R$ 20.413,21","R$ 20.413,21",
2923050,Novo Triunfo,BA,9,0,0,0,9,0,0,0,"22,5","22,5",-,-,-,"R$ 4.640,00","R$ 4.640,00",-,-,-,6562,6562,0,0,0,"0,7071014934","0,7071014934","R$ 0,00","R$ 0,00","R$ 0,00","R$ 15,91","R$ 15,91",
2923100,Olindina,BA,65,0,0,0,65,0,0,0,"162,5","162,5",-,-,-,"R$ 9.269,00","R$ 9.269,00",-,-,-,5639,5639,0,0,0,"1,643731158","1,643731158","R$ 0,00","R$ 0,00","R$ 0,00","R$ 267,11","R$ 267,11",
2923209,Oliveira dos Brejinhos,BA,233,0,0,0,233,0,0,0,"582,5","582,5",-,-,"R$ 132,00","R$ 1.209,00","R$ 1.341,00",-,-,37,1101,1138,0,0,"3,567567568","1,098092643","1,178383128","R$ 0,00","R$ 0,00","R$ 0,00","R$ 639,64","R$ 639,64",
2923308,Ouriçangas,BA,0,0,0,0,0,0,0,0,0,0,-,-,-,"R$ 1.920,00","R$ 1.920,00",-,-,-,747,747,0,0,0,"2,570281124","2,570281124","R$ 0,00","R$ 0,00","R$ 0,00","R$ 0,00","R$ 0,00",
2923357,Ourolândia,BA,407,0,0,0,407,0,0,0,"1017,5","1017,5",-,-,-,"R$ 13.456,00","R$ 13.456,00",-,-,-,4300,4300,0,0,0,"3,129302326","3,129302326","R$ 0,00","R$ 0,00","R$ 0,00","R$ 3.184,07","R$ 3.184,07",
2923407,Palmas de Monte Alto,BA,397,0,0,0,397,0,0,0,"992,5","992,5",-,-,"R$ 50,00","R$ 17.748,00","R$ 17.798,00",-,-,10,4032,4042,0,0,5,"4,401785714","4,40326571","R$ 0,00","R$ 0,00","R$ 0,00","R$ 4.368,77","R$ 4.368,77",
2923506,Palmeiras,BA,295,0,0,0,295,0,0,0,"737,5","737,5",-,"R$ 40,00","R$ 19,00","R$ 14.182,00","R$ 14.241,00",-,7,4,732,743,0,"5,714285714","4,75","19,37431694","19,16689098","R$ 0,00","R$ 0,00","R$ 0,00","R$ 14.288,56","R$ 14.288,56",
2923605,Paramirim,BA,1.482,0,0,0,1.482,0,0,0,3705,3705,-,-,"R$ 496,00","R$ 8.334,00","R$ 8.830,00",-,-,75,3058,3133,0,0,"6,613333333","2,725310661","2,818384935","R$ 0,00","R$ 0,00","R$ 0,00","R$ 10.097,28","R$ 10.097,28",
2923704,Paratinga,BA,246,0,0,0,246,0,0,0,615,615,-,-,"R$ 220,00","R$ 2.213,00","R$ 2.433,00",-,-,100,2143,2243,0,0,"2,2","1,032664489","1,08470798","R$ 0,00","R$ 0,00","R$ 0,00","R$ 635,09","R$ 635,09",
2923803,Paripiranga,BA,84,0,0,0,84,0,0,0,210,210,-,-,-,"R$ 179.114,00","R$ 179.114,00",-,-,-,28671,28671,0,0,0,"6,247218444","6,247218444","R$ 0,00","R$ 0,00","R$ 0,00","R$ 1.311,92","R$ 1.311,92",
2923902,Pau Brasil,BA,27,0,0,0,27,0,0,0,"67,5","67,5",-,"R$ 1.680,00","R$ 4,00","R$ 26.787,00","R$ 28.471,00",-,50,1,2295,2346,0,"33,6",4,"11,67189542","12,13597613","R$ 0,00","R$ 0,00","R$ 0,00","R$ 787,85","R$ 787,85",
2924009,Paulo Afonso,BA,959,0,0,0,959,0,0,0,"2397,5","2397,5",-,-,-,"R$ 1.080,00","R$ 1.080,00",-,-,-,688,688,0,0,0,"1,569767442","1,569767442","R$ 0,00","R$ 0,00","R$ 0,00","R$ 3.763,52","R$ 3.763,52",
2924058,Pé de Serra,BA,13,0,0,0,13,0,0,0,"32,5","32,5",-,-,-,"R$ 21,00","R$ 21,00",-,-,-,486,486,0,0,0,"0,04320987654","0,04320987654","R$ 0,00","R$ 0,00","R$ 0,00","R$ 1,40","R$ 1,40",
2924108,Pedrão,BA,0,0,0,0,0,0,0,0,0,0,-,-,-,"R$ 1.481,00","R$ 1.481,00",-,-,-,510,510,0,0,0,"2,903921569","2,903921569","R$ 0,00","R$ 0,00","R$ 0,00","R$ 0,00","R$ 0,00",
2924207,Pedro Alexandre,BA,11,0,0,0,11,0,0,0,"27,5","27,5",-,-,-,"R$ 23.216,00","R$ 23.216,00",-,-,-,6140,6140,0,0,0,"3,781107492","3,781107492","R$ 0,00","R$ 0,00","R$ 0,00","R$ 103,98","R$ 103,98",
2924306,Piatã,BA,657,0,235,0,422,0,235,0,1055,1290,"R$ 48,00","R$ 9.423,00","R$ 579,00","R$ 3.398,00","R$ 13.448,00",16,1167,90,744,2017,3,"8,074550129","6,433333333","4,567204301","6,667327714","R$ 0,00","R$ 1.897,52","R$ 0,00","R$ 4.818,40","R$ 6.715,92",
2924405,Pilão Arcado,BA,214,0,0,0,214,0,0,0,535,535,-,-,"R$ 242,00","R$ 4.687,00","R$ 4.929,00",-,-,200,4222,4422,0,0,"1,21","1,110137376","1,114654003","R$ 0,00","R$ 0,00","R$ 0,00","R$ 593,92","R$ 593,92",
2924504,Pindaí,BA,506,0,0,0,506,0,0,0,1265,1265,-,-,"R$ 38,00","R$ 12.206,00","R$ 12.244,00",-,-,6,3949,3955,0,0,"6,333333333","3,090909091","3,095828066","R$ 0,00","R$ 0,00","R$ 0,00","R$ 3.910,00","R$ 3.910,00",
2924603,Pindobaçu,BA,172,0,0,0,172,0,0,0,430,430,-,-,"R$ 50,00","R$ 2.418,00","R$ 2.468,00",-,-,10,1227,1237,0,0,5,"1,970660147","1,995149555","R$ 0,00","R$ 0,00","R$ 0,00","R$ 847,38","R$ 847,38",
2924652,Pintadas,BA,81,0,0,0,81,0,0,0,"202,5","202,5",-,-,-,"R$ 121,00","R$ 121,00",-,-,-,697,697,0,0,0,"0,1736011478","0,1736011478","R$ 0,00","R$ 0,00","R$ 0,00","R$ 35,15","R$ 35,15",
2924678,Piraí do Norte,BA,5,0,0,0,5,0,0,0,"12,5","12,5",-,-,-,"R$ 111.243,00","R$ 111.243,00",-,-,-,7710,7710,0,0,0,"14,42840467","14,42840467","R$ 0,00","R$ 0,00","R$ 0,00","R$ 180,36","R$ 180,36",
2924702,Piripá,BA,8,0,0,0,8,0,0,0,20,20,-,-,"R$ 172,00","R$ 381,00","R$ 553,00",-,-,70,733,803,0,0,"2,457142857","0,519781719","0,6886674969","R$ 0,00","R$ 0,00","R$ 0,00","R$ 10,40","R$ 10,40",
2924801,Piritiba,BA,171,0,0,0,171,0,0,0,"427,5","427,5",-,-,-,"R$ 6.526,00","R$ 6.526,00",-,-,-,672,672,0,0,0,"9,711309524","9,711309524","R$ 0,00","R$ 0,00","R$ 0,00","R$ 4.151,58","R$ 4.151,58",
2924900,Planaltino,BA,285,0,0,0,285,0,0,0,"712,5","712,5",-,"R$ 29,00",-,"R$ 5.926,00","R$ 5.955,00",-,2,-,879,881,0,"14,5",0,"6,741751991","6,759364359","R$ 0,00","R$ 0,00","R$ 0,00","R$ 4.803,50","R$ 4.803,50",
2925006,Planalto,BA,655,0,387,0,268,0,387,0,670,1057,-,"R$ 32.186,00","R$ 84,00","R$ 8.633,00","R$ 40.903,00",-,2178,18,2050,4246,0,"14,77777778","4,666666667","4,211219512","9,633301931","R$ 0,00","R$ 5.719,00","R$ 0,00","R$ 2.821,52","R$ 8.540,52",
2925105,Poções,BA,545,0,74,0,471,0,74,0,"1177,5","1251,5",-,"R$ 9.486,00","R$ 21,00","R$ 11.493,00","R$ 21.000,00",-,765,4,1018,1787,0,"12,4","5,25","11,28978389","11,75153889","R$ 0,00","R$ 917,60","R$ 0,00","R$ 13.293,72","R$ 14.211,32",
2925204,Pojuca,BA,45,0,0,0,45,0,0,0,"112,5","112,5",-,-,-,"R$ 1.110,00","R$ 1.110,00",-,-,-,66,66,0,0,0,"16,81818182","16,81818182","R$ 0,00","R$ 0,00","R$ 0,00","R$ 1.892,05","R$ 1.892,05",
2925253,Ponto Novo,BA,207,0,0,0,207,0,0,0,"517,5","517,5",-,-,"R$ 61,00","R$ 15.097,00","R$ 15.158,00",-,-,8,1883,1891,0,0,"7,625","8,017525226","8,015864622","R$ 0,00","R$ 0,00","R$ 0,00","R$ 4.149,07","R$ 4.149,07",
2925303,Porto Seguro,BA,1.857,0,1.857,0,0,0,1857,0,0,1857,-,"R$ 263.261,00","R$ 181,00","R$ 193.420,00","R$ 456.862,00",-,4963,60,7457,12480,0,"53,04473101","3,016666667","25,93804479","36,60753205","R$ 0,00","R$ 98.504,07","R$ 0,00","R$ 0,00","R$ 98.504,07",
2925402,Potiraguá,BA,27,0,0,0,27,0,0,0,"67,5","67,5",-,-,"R$ 340,00","R$ 894,00","R$ 1.234,00",-,-,35,69,104,0,0,"9,714285714","12,95652174","11,86538462","R$ 0,00","R$ 0,00","R$ 0,00","R$ 874,57","R$ 874,57",
2925501,Prado,BA,3.372,0,3.093,0,279,0,3093,0,"697,5","3790,5",-,"R$ 407.710,00","R$ 59,00","R$ 93.310,00","R$ 501.079,00",-,6100,12,3699,9811,0,"66,83770492","4,916666667","25,22573669","51,07318316","R$ 0,00","R$ 206.729,02","R$ 0,00","R$ 17.594,95","R$ 224.323,97",
2925600,Presidente Dutra,BA,1.573,0,0,0,1.573,0,0,0,"3932,5","3932,5",-,-,-,"R$ 5.308,00","R$ 5.308,00",-,-,-,2153,2153,0,0,0,"2,46539712","2,46539712","R$ 0,00","R$ 0,00","R$ 0,00","R$ 9.695,17","R$ 9.695,17",
2925709,Presidente Jânio Quadros,BA,106,0,0,0,106,0,0,0,265,265,-,-,"R$ 9,00","R$ 1.092,00","R$ 1.101,00",-,-,5,1724,1729,0,0,"1,8","0,6334106729","0,6367842684","R$ 0,00","R$ 0,00","R$ 0,00","R$ 167,85","R$ 167,85",
2925758,Presidente Tancredo Neves,BA,114,0,0,0,114,0,0,0,285,285,-,"R$ 326,00","R$ 9,00","R$ 244.332,00","R$ 244.667,00",-,21,4,13626,13651,0,"15,52380952","2,25","17,93130779","17,9230093","R$ 0,00","R$ 0,00","R$ 0,00","R$ 5.110,42","R$ 5.110,42",
2925808,Queimadas,BA,222,0,0,0,222,0,0,0,555,555,-,-,-,"R$ 1.343,00","R$ 1.343,00",-,-,-,1187,1187,0,0,0,"1,131423757","1,131423757","R$ 0,00","R$ 0,00","R$ 0,00","R$ 627,94","R$ 627,94",
2925907,Quijingue,BA,25,0,0,0,25,0,0,0,"62,5","62,5",-,-,-,"R$ 6.746,00","R$ 6.746,00",-,-,-,25615,25615,0,0,0,"0,2633613117","0,2633613117","R$ 0,00","R$ 0,00","R$ 0,00","R$ 16,46","R$ 16,46",
2925931,Quixabeira,BA,34,0,0,0,34,0,0,0,85,85,-,-,-,"R$ 1.304,00","R$ 1.304,00",-,-,-,1761,1761,0,0,0,"0,7404883589","0,7404883589","R$ 0,00","R$ 0,00","R$ 0,00","R$ 62,94","R$ 62,94",
2925956,Rafael Jambeiro,BA,161,0,0,0,161,0,0,0,"402,5","402,5",-,-,-,"R$ 632,00","R$ 632,00",-,-,-,3201,3201,0,0,0,"0,1974383005","0,1974383005","R$ 0,00","R$ 0,00","R$ 0,00","R$ 79,47","R$ 79,47",
2926004,Remanso,BA,251,0,0,0,251,0,0,0,"627,5","627,5",-,-,-,"R$ 4.826,00","R$ 4.826,00",-,-,-,2378,2378,0,0,0,"2,029436501","2,029436501","R$ 0,00","R$ 0,00","R$ 0,00","R$ 1.273,47","R$ 1.273,47",
2926103,Retirolândia,BA,25,0,0,0,25,0,0,0,"62,5","62,5",-,-,-,"R$ 14.066,00","R$ 14.066,00",-,-,-,4015,4015,0,0,0,"3,503362391","3,503362391","R$ 0,00","R$ 0,00","R$ 0,00","R$ 218,96","R$ 218,96",
2926202,Riachão das Neves,BA,16.261,0,0,0,16.261,0,0,0,"40652,5","40652,5",-,-,"R$ 366,00","R$ 1.794.588,00","R$ 1.794.954,00",-,-,90,196527,196617,0,0,"4,066666667","9,131508648","9,129190253","R$ 0,00","R$ 0,00","R$ 0,00","R$ 371.218,66","R$ 371.218,66",
2926301,Riachão do Jacuípe,BA,91,0,0,0,91,0,0,0,"227,5","227,5",-,-,-,"R$ 1.387,00","R$ 1.387,00",-,-,-,682,682,0,0,0,"2,03372434","2,03372434","R$ 0,00","R$ 0,00","R$ 0,00","R$ 462,67","R$ 462,67",
2926400,Riacho de Santana,BA,335,0,0,0,335,0,0,0,"837,5","837,5",-,-,"R$ 41,00","R$ 2.982,00","R$ 3.023,00",-,-,33,3603,3636,0,0,"1,242424242","0,8276436303","0,8314081408","R$ 0,00","R$ 0,00","R$ 0,00","R$ 693,15","R$ 693,15",
2926509,Ribeira do Amparo,BA,1.546,0,0,0,1.546,0,0,0,3865,3865,-,-,"R$ 52,00","R$ 51.271,00","R$ 51.323,00",-,-,50,8488,8538,0,0,"1,04","6,040409991","6,011126728","R$ 0,00","R$ 0,00","R$ 0,00","R$ 23.346,18","R$ 23.346,18",
2926608,Ribeira do Pombal,BA,509,0,0,0,509,0,0,0,"1272,5","1272,5",-,-,-,"R$ 10.070,00","R$ 10.070,00",-,-,-,6590,6590,0,0,0,"1,528072838","1,528072838","R$ 0,00","R$ 0,00","R$ 0,00","R$ 1.944,47","R$ 1.944,47",
2926657,Ribeirão do Largo,BA,936,0,857,0,79,0,857,0,"197,5","1054,5",-,"R$ 20.232,00","R$ 210,00","R$ 5.618,00","R$ 26.060,00",-,1364,65,1193,2622,0,"14,83284457","3,230769231","4,70913663","9,938977879","R$ 0,00","R$ 12.711,75","R$ 0,00","R$ 930,05","R$ 13.641,80",
2926707,Rio de Contas,BA,645,0,15,0,629,0,15,0,"1572,5","1587,5",-,"R$ 1.835,00","R$ 2.822,00","R$ 35.211,00","R$ 39.868,00",-,197,350,2588,3135,0,"9,314720812","8,062857143","13,60548686","12,71706539","R$ 0,00","R$ 139,72","R$ 0,00","R$ 21.394,63","R$ 21.534,35",
2926806,Rio do Antônio,BA,161,0,0,0,161,0,0,0,"402,5","402,5",-,-,-,"R$ 311,00","R$ 311,00",-,-,-,1406,1406,0,0,0,"0,2211948791","0,2211948791","R$ 0,00","R$ 0,00","R$ 0,00","R$ 89,03","R$ 89,03",
2926905,Rio do Pires,BA,76,0,0,0,76,0,0,0,190,190,"R$ 31,00",-,"R$ 209,00","R$ 1.456,00","R$ 1.696,00",22,-,50,1258,1330,"1,409090909",0,"4,18","1,157392687","1,27518797","R$ 0,00","R$ 0,00","R$ 0,00","R$ 219,90","R$ 219,90",
2927002,Rio Real,BA,666,0,0,0,666,0,0,0,1665,1665,-,-,-,"R$ 334.473,00","R$ 334.473,00",-,-,-,26338,26338,0,0,0,"12,69925583","12,69925583","R$ 0,00","R$ 0,00","R$ 0,00","R$ 21.144,26","R$ 21.144,26",
2927101,Rodelas,BA,6.286,0,0,0,6.286,0,0,0,15715,15715,-,-,-,"R$ 48.438,00","R$ 48.438,00",-,-,-,2740,2740,0,0,0,"17,67810219","17,67810219","R$ 0,00","R$ 0,00","R$ 0,00","R$ 277.811,38","R$ 277.811,38",
2927200,Ruy Barbosa,BA,63,0,0,0,63,0,0,0,"157,5","157,5",-,"R$ 45,00",-,"R$ 1.429,00","R$ 1.474,00",-,10,2,593,605,0,"4,5",0,"2,409780776","2,436363636","R$ 0,00","R$ 0,00","R$ 0,00","R$ 379,54","R$ 379,54",
2927309,Salinas da Margarida,BA,0,0,0,0,0,0,0,0,0,0,-,-,-,"R$ 99,00","R$ 99,00",-,-,-,40,40,0,0,0,"2,475","2,475","R$ 0,00","R$ 0,00","R$ 0,00","R$ 0,00","R$ 0,00",
2927408,Salvador,BA,11,0,0,0,11,0,0,0,"27,5","27,5",-,-,-,"R$ 87,00","R$ 87,00",-,-,-,5,5,0,0,0,"17,4","17,4","R$ 0,00","R$ 0,00","R$ 0,00","R$ 478,50","R$ 478,50",
2927507,Santa Bárbara,BA,19,0,0,0,19,0,0,0,"47,5","47,5",-,-,-,"R$ 367,00","R$ 367,00",-,-,-,2050,2050,0,0,0,"0,1790243902","0,1790243902","R$ 0,00","R$ 0,00","R$ 0,00","R$ 8,50","R$ 8,50",
2927606,Santa Brígida,BA,217,0,0,0,217,0,0,0,"542,5","542,5",-,-,-,"R$ 1.945,00","R$ 1.945,00",-,-,-,1842,1842,0,0,0,"1,055917481","1,055917481","R$ 0,00","R$ 0,00","R$ 0,00","R$ 572,84","R$ 572,84",
2927705,Santa Cruz Cabrália,BA,6.835,0,311,5.019,1.506,0,311,5019,3765,9095,-,"R$ 87.302,00","R$ 35.975,00","R$ 31.352,00","R$ 154.629,00",-,1530,5600,2210,9340,0,"57,06013072","6,424107143","14,18642534","16,55556745","R$ 0,00","R$ 17.745,70","R$ 32.242,59","R$ 53.411,89","R$ 103.400,19",
2927804,Santa Cruz da Vitória,BA,0,0,0,0,0,0,0,0,0,0,-,-,-,"R$ 6.448,00","R$ 6.448,00",-,-,-,341,341,0,0,0,"18,90909091","18,90909091","R$ 0,00","R$ 0,00","R$ 0,00","R$ 0,00","R$ 0,00",
2927903,Santa Inês,BA,0,0,0,0,0,0,0,0,0,0,-,"R$ 270,00",-,"R$ 573,00","R$ 843,00",-,10,-,121,131,0,27,0,"4,73553719","6,435114504","R$ 0,00","R$ 0,00","R$ 0,00","R$ 0,00","R$ 0,00",
2928000,Santaluz,BA,47,0,0,0,47,0,0,0,"117,5","117,5",-,-,-,"R$ 39.430,00","R$ 39.430,00",-,-,-,13115,13115,0,0,0,"3,006481128","3,006481128","R$ 0,00","R$ 0,00","R$ 0,00","R$ 353,26","R$ 353,26",
2928059,Santa Luzia,BA,120,0,0,0,120,0,0,0,300,300,-,"R$ 14.832,00",-,"R$ 55.148,00","R$ 69.980,00",-,942,-,7788,8730,0,"15,74522293",0,"7,081150488","8,016036655","R$ 0,00","R$ 0,00","R$ 0,00","R$ 2.124,35","R$ 2.124,35",
2928109,Santa Maria da Vitória,BA,801,0,0,0,801,0,0,0,"2002,5","2002,5","R$ 10,00",-,"R$ 1.860,00","R$ 33.399,00","R$ 35.269,00",4,-,500,3728,4232,"2,5",0,"3,72","8,958959227","8,333884688","R$ 0,00","R$ 0,00","R$ 0,00","R$ 17.940,32","R$ 17.940,32",
2928208,Santana,BA,2.752,0,0,0,2.752,0,0,0,6880,6880,-,-,"R$ 1.802,00","R$ 64.222,00","R$ 66.024,00",-,-,330,5458,5788,0,0,"5,460606061","11,76658117","11,40704907","R$ 0,00","R$ 0,00","R$ 0,00","R$ 80.954,08","R$ 80.954,08",
2928307,Santanópolis,BA,0,0,0,0,0,0,0,0,0,0,-,-,-,"R$ 503,00","R$ 503,00",-,-,-,1637,1637,0,0,0,"0,3072693952","0,3072693952","R$ 0,00","R$ 0,00","R$ 0,00","R$ 0,00","R$ 0,00",
2928406,Santa Rita de Cássia,BA,131,0,0,0,131,0,0,0,"327,5","327,5","R$ 33,00",-,"R$ 232,00","R$ 11.709,00","R$ 11.974,00",20,-,120,4371,4511,"1,65",0,"1,933333333","2,678792038","2,654400355","R$ 0,00","R$ 0,00","R$ 0,00","R$ 877,30","R$ 877,30",
2928505,Santa Terezinha,BA,102,0,0,0,102,0,0,0,255,255,-,-,-,"R$ 1.044,00","R$ 1.044,00",-,-,-,370,370,0,0,0,"2,821621622","2,821621622","R$ 0,00","R$ 0,00","R$ 0,00","R$ 719,51","R$ 719,51",
2928604,Santo Amaro,BA,2.485,0,0,1.472,1.014,0,0,1472,2535,4007,-,-,"R$ 56,00","R$ 12.024,00","R$ 12.080,00",-,-,15,1016,1031,0,0,"3,733333333","11,83464567","11,71677983","R$ 0,00","R$ 0,00","R$ 5.495,47","R$ 30.000,83","R$ 35.496,29",
2928703,Santo Antônio de Jesus,BA,38,0,0,0,38,0,0,0,95,95,-,-,"R$ 161,00","R$ 29.632,00","R$ 29.793,00",-,-,30,2348,2378,0,0,"5,366666667","12,62010221","12,52859546","R$ 0,00","R$ 0,00","R$ 0,00","R$ 1.198,91","R$ 1.198,91",
2928802,Santo Estêvão,BA,116,0,0,0,116,0,0,0,290,290,-,-,-,"R$ 2.029,00","R$ 2.029,00",-,-,-,7040,7040,0,0,0,"0,2882102273","0,2882102273","R$ 0,00","R$ 0,00","R$ 0,00","R$ 83,58","R$ 83,58",
2928901,São Desidério,BA,51.935,0,2.218,0,49.717,0,2218,0,"124292,5","126510,5","R$ 35,00","R$ 81.567,00","R$ 197,00","R$ 6.561.025,00","R$ 6.642.824,00",10,1813,80,694222,696125,"3,5","44,9900717","2,4625","9,450903313","9,542573532","R$ 0,00","R$ 99.787,98","R$ 0,00","R$ 1.174.676,40","R$ 1.274.464,38",
2928950,São Domingos,BA,19,0,0,0,19,0,0,0,"47,5","47,5",-,-,-,"R$ 8.104,00","R$ 8.104,00",-,-,-,2700,2700,0,0,0,"3,001481481","3,001481481","R$ 0,00","R$ 0,00","R$ 0,00","R$ 142,57","R$ 142,57",
2929008,São Félix,BA,14,0,0,0,14,0,0,0,35,35,-,-,"R$ 1,00","R$ 7.257,00","R$ 7.258,00",-,-,1,687,688,0,0,1,"10,56331878","10,5494186","R$ 0,00","R$ 0,00","R$ 0,00","R$ 369,72","R$ 369,72",
2929057,São Félix do Coribe,BA,4.045,0,0,0,4.045,0,0,0,"10112,5","10112,5",-,-,"R$ 542,00","R$ 46.693,00","R$ 47.235,00",-,-,40,2132,2172,0,0,"13,55","21,90103189","21,74723757","R$ 0,00","R$ 0,00","R$ 0,00","R$ 221.474,19","R$ 221.474,19",
2929107,São Felipe,BA,35,0,0,0,35,0,0,0,"87,5","87,5",-,-,"R$ 605,00","R$ 11.928,00","R$ 12.533,00",-,-,100,1687,1787,0,0,"6,05","7,070539419","7,01343033","R$ 0,00","R$ 0,00","R$ 0,00","R$ 618,67","R$ 618,67",
2929206,São Francisco do Conde,BA,42,0,0,0,42,0,0,0,105,105,-,-,"R$ 119,00","R$ 6.594,00","R$ 6.713,00",-,-,30,300,330,0,0,"3,966666667","21,98","20,34242424","R$ 0,00","R$ 0,00","R$ 0,00","R$ 2.307,90","R$ 2.307,90",
2929255,São Gabriel,BA,538,0,0,0,538,0,0,0,1345,1345,-,-,-,"R$ 12.053,00","R$ 12.053,00",-,-,-,3851,3851,0,0,0,"3,129836406","3,129836406","R$ 0,00","R$ 0,00","R$ 0,00","R$ 4.209,63","R$ 4.209,63",
2929305,São Gonçalo dos Campos,BA,39,0,0,0,39,0,0,0,"97,5","97,5",-,-,-,"R$ 2.873,00","R$ 2.873,00",-,-,-,1400,1400,0,0,0,"2,052142857","2,052142857","R$ 0,00","R$ 0,00","R$ 0,00","R$ 200,08","R$ 200,08",
2929354,São José da Vitória,BA,0,0,0,0,0,0,0,0,0,0,-,"R$ 272,00",-,"R$ 21.435,00","R$ 21.707,00",-,10,-,2993,3003,0,"27,2",0,"7,161710658","7,228438228","R$ 0,00","R$ 0,00","R$ 0,00","R$ 0,00","R$ 0,00",
2929370,São José do Jacuípe,BA,30,0,0,0,30,0,0,0,75,75,-,-,-,"R$ 226,00","R$ 226,00",-,-,-,171,171,0,0,0,"1,321637427","1,321637427","R$ 0,00","R$ 0,00","R$ 0,00","R$ 99,12","R$ 99,12",
2929404,São Miguel das Matas,BA,13,0,0,0,13,0,0,0,"32,5","32,5",-,-,-,"R$ 94.285,00","R$ 94.285,00",-,-,-,4510,4510,0,0,0,"20,90576497","20,90576497","R$ 0,00","R$ 0,00","R$ 0,00","R$ 679,44","R$ 679,44",
2929503,São Sebastião do Passé,BA,391,0,0,216,175,0,0,216,"437,5","653,5",-,-,"R$ 114,00","R$ 2.408,00","R$ 2.522,00",-,-,10,364,374,0,0,"11,4","6,615384615","6,743315508","R$ 0,00","R$ 0,00","R$ 2.462,40","R$ 2.894,23","R$ 5.356,63",
2929602,Sapeaçu,BA,0,0,0,0,0,0,0,0,0,0,-,-,-,"R$ 19.820,00","R$ 19.820,00",-,-,-,2595,2595,0,0,0,"7,637764933","7,637764933","R$ 0,00","R$ 0,00","R$ 0,00","R$ 0,00","R$ 0,00",
2929701,Sátiro Dias,BA,1.010,0,0,0,1.010,0,0,0,2525,2525,-,-,-,"R$ 96.389,00","R$ 96.389,00",-,-,-,11623,11623,0,0,0,"8,292953626","8,292953626","R$ 0,00","R$ 0,00","R$ 0,00","R$ 20.939,71","R$ 20.939,71",
2929750,Saubara,BA,66,0,0,0,66,0,0,0,165,165,-,-,-,"R$ 307,00","R$ 307,00",-,-,-,109,109,0,0,0,"2,816513761","2,816513761","R$ 0,00","R$ 0,00","R$ 0,00","R$ 464,72","R$ 464,72",
2929800,Saúde,BA,255,0,0,0,255,0,0,0,"637,5","637,5",-,-,-,"R$ 1.514,00","R$ 1.514,00",-,-,-,794,794,0,0,0,"1,906801008","1,906801008","R$ 0,00","R$ 0,00","R$ 0,00","R$ 1.215,59","R$ 1.215,59",
2929909,Seabra,BA,716,0,0,0,716,0,0,0,1790,1790,"R$ 2,00","R$ 5.212,00",-,"R$ 10.486,00","R$ 15.700,00",1,1442,-,2047,3490,2,"3,614424411",0,"5,122618466","4,498567335","R$ 0,00","R$ 0,00","R$ 0,00","R$ 9.169,49","R$ 9.169,49",
2930006,Sebastião Laranjeiras,BA,2.321,0,0,0,2.321,0,0,0,"5802,5","5802,5",-,-,"R$ 307,00","R$ 13.680,00","R$ 13.987,00",-,-,70,1589,1659,0,0,"4,385714286","8,609188169","8,43098252","R$ 0,00","R$ 0,00","R$ 0,00","R$ 49.954,81","R$ 49.954,81",
2930105,Senhor do Bonfim,BA,92,0,0,0,92,0,0,0,230,230,-,"R$ 27,00","R$ 3,00","R$ 2.370,00","R$ 2.400,00",-,2,3,3339,3344,0,"13,5",1,"0,7097933513","0,7177033493","R$ 0,00","R$ 0,00","R$ 0,00","R$ 163,25","R$ 163,25",
2930154,Serra do Ramalho,BA,4.397,0,0,0,4.396,0,0,0,10990,10990,-,-,"R$ 9,00","R$ 151.807,00","R$ 151.816,00",-,-,2,16148,16150,0,0,"4,5","9,400978449","9,400371517","R$ 0,00","R$ 0,00","R$ 0,00","R$ 103.316,75","R$ 103.316,75",
2930204,Sento Sé,BA,3.716,0,0,0,3.716,0,0,0,9290,9290,-,-,-,"R$ 171.860,00","R$ 171.860,00",-,-,-,5388,5388,0,0,0,"31,89680772","31,89680772","R$ 0,00","R$ 0,00","R$ 0,00","R$ 296.321,34","R$ 296.321,34",
2930303,Serra Dourada,BA,127,0,0,0,127,0,0,0,"317,5","317,5",-,-,"R$ 365,00","R$ 890,00","R$ 1.255,00",-,-,60,951,1011,0,0,"6,083333333","0,9358569926","1,241345203","R$ 0,00","R$ 0,00","R$ 0,00","R$ 297,13","R$ 297,13",
2930402,Serra Preta,BA,8,0,0,0,8,0,0,0,20,20,-,-,-,"R$ 449,00","R$ 449,00",-,-,-,1590,1590,0,0,0,"0,2823899371","0,2823899371","R$ 0,00","R$ 0,00","R$ 0,00","R$ 5,65","R$ 5,65",
2930501,Serrinha,BA,113,0,0,0,113,0,0,0,"282,5","282,5",-,-,-,"R$ 2.298,00","R$ 2.298,00",-,-,-,508,508,0,0,0,"4,523622047","4,523622047","R$ 0,00","R$ 0,00","R$ 0,00","R$ 1.277,92","R$ 1.277,92",
2930600,Serrolândia,BA,60,0,0,0,60,0,0,0,150,150,-,-,-,"R$ 782,00","R$ 782,00",-,-,-,735,735,0,0,0,"1,063945578","1,063945578","R$ 0,00","R$ 0,00","R$ 0,00","R$ 159,59","R$ 159,59",
2930709,Simões Filho,BA,40,0,0,0,40,0,0,0,100,100,-,-,"R$ 18,00","R$ 1.599,00","R$ 1.617,00",-,-,3,212,215,0,0,6,"7,54245283","7,520930233","R$ 0,00","R$ 0,00","R$ 0,00","R$ 754,25","R$ 754,25",
2930758,Sítio do Mato,BA,808,0,0,0,808,0,0,0,2020,2020,-,-,"R$ 4,00","R$ 4.982,00","R$ 4.986,00",-,-,3,2199,2202,0,0,"1,333333333","2,265575261","2,264305177","R$ 0,00","R$ 0,00","R$ 0,00","R$ 4.576,46","R$ 4.576,46",
2930766,Sítio do Quinto,BA,18,0,0,0,18,0,0,0,45,45,-,-,-,"R$ 17.139,00","R$ 17.139,00",-,-,-,9902,9902,0,0,0,"1,730862452","1,730862452","R$ 0,00","R$ 0,00","R$ 0,00","R$ 77,89","R$ 77,89",
2930774,Sobradinho,BA,2.724,0,0,0,2.724,0,0,0,6810,6810,-,-,-,"R$ 55.058,00","R$ 55.058,00",-,-,-,1653,1653,0,0,0,"33,30792498","33,30792498","R$ 0,00","R$ 0,00","R$ 0,00","R$ 226.826,97","R$ 226.826,97",
2930808,Souto Soares,BA,309,0,0,0,309,0,0,0,"772,5","772,5",-,"R$ 1.464,00","R$ 85,00","R$ 11.338,00","R$ 12.887,00",-,150,27,4670,4847,0,"9,76","3,148148148","2,427837259","2,658757995","R$ 0,00","R$ 0,00","R$ 0,00","R$ 1.875,50","R$ 1.875,50",
2930907,Tabocas do Brejo Velho,BA,9,0,0,0,9,0,0,0,"22,5","22,5",-,-,"R$ 331,00","R$ 8.175,00","R$ 8.506,00",-,-,45,2647,2692,0,0,"7,355555556","3,088401964","3,159732541","R$ 0,00","R$ 0,00","R$ 0,00","R$ 69,49","R$ 69,49",
2931004,Tanhaçu,BA,451,0,33,0,418,0,33,0,1045,1078,-,"R$ 3.630,00","R$ 624,00","R$ 88.372,00","R$ 92.626,00",-,103,100,3443,3646,0,"35,24271845","6,24","25,66715074","25,40482721","R$ 0,00","R$ 1.163,01","R$ 0,00","R$ 26.822,17","R$ 27.985,18",
2931053,Tanque Novo,BA,94,0,0,0,94,0,0,0,235,235,-,-,"R$ 18,00","R$ 2.687,00","R$ 2.705,00",-,-,3,1905,1908,0,0,6,"1,410498688","1,417714885","R$ 0,00","R$ 0,00","R$ 0,00","R$ 331,47","R$ 331,47",
2931103,Tanquinho,BA,0,0,0,0,0,0,0,0,0,0,-,-,-,"R$ 579,00","R$ 579,00",-,-,-,3981,3981,0,0,0,"0,145440844","0,145440844","R$ 0,00","R$ 0,00","R$ 0,00","R$ 0,00","R$ 0,00",
2931202,Taperoá,BA,17,0,0,0,17,0,0,0,"42,5","42,5",-,"R$ 1.347,00","R$ 2,00","R$ 67.875,00","R$ 69.224,00",-,84,1,6513,6598,0,"16,03571429",2,"10,42146476","10,49166414","R$ 0,00","R$ 0,00","R$ 0,00","R$ 442,91","R$ 442,91",
2931301,Tapiramutá,BA,70,0,0,0,70,0,0,0,175,175,-,"R$ 2.395,00",-,"R$ 4.790,00","R$ 7.185,00",-,258,-,1661,1919,0,"9,282945736",0,"2,883804937","3,744137572","R$ 0,00","R$ 0,00","R$ 0,00","R$ 504,67","R$ 504,67",
2931350,Teixeira de Freitas,BA,3.200,0,260,377,2.563,0,260,377,"6407,5","7044,5",-,"R$ 144.140,00","R$ 1.408,00","R$ 25.805,00","R$ 171.353,00",-,2902,200,1443,4545,0,"49,66919366","7,04","17,88288288","37,70143014","R$ 0,00","R$ 12.913,99","R$ 2.654,08","R$ 114.584,57","R$ 130.152,64",
2931400,Teodoro Sampaio,BA,21,0,0,0,21,0,0,0,"52,5","52,5",-,-,-,"R$ 196,00","R$ 196,00",-,-,-,51,51,0,0,0,"3,843137255","3,843137255","R$ 0,00","R$ 0,00","R$ 0,00","R$ 201,76","R$ 201,76",
2931509,Teofilândia,BA,13,0,0,0,13,0,0,0,"32,5","32,5",-,-,-,"R$ 10.014,00","R$ 10.014,00",-,-,-,1689,1689,0,0,0,"5,928952043","5,928952043","R$ 0,00","R$ 0,00","R$ 0,00","R$ 192,69","R$ 192,69",
2931608,Teolândia,BA,67,0,0,0,67,0,0,0,"167,5","167,5",-,"R$ 108,00",-,"R$ 330.895,00","R$ 331.003,00",-,6,-,10429,10435,0,18,0,"31,72835363","31,72045999","R$ 0,00","R$ 0,00","R$ 0,00","R$ 5.314,50","R$ 5.314,50",
2931707,Terra Nova,BA,771,0,0,771,0,0,0,771,0,771,-,-,"R$ 69,00","R$ 735,00","R$ 804,00",-,-,7,121,128,0,0,"9,857142857","6,074380165","6,28125","R$ 0,00","R$ 0,00","R$ 7.599,86","R$ 0,00","R$ 7.599,86",
2931806,Tremedal,BA,85,0,0,0,85,0,0,0,"212,5","212,5",-,"R$ 90,00","R$ 147,00","R$ 2.134,00","R$ 2.371,00",-,10,20,1904,1934,0,9,"7,35","1,120798319","1,225956567","R$ 0,00","R$ 0,00","R$ 0,00","R$ 238,17","R$ 238,17",
2931905,Tucano,BA,489,0,0,0,489,0,0,0,"1222,5","1222,5",-,-,-,"R$ 63.904,00","R$ 63.904,00",-,-,-,12582,12582,0,0,0,"5,079001749","5,079001749","R$ 0,00","R$ 0,00","R$ 0,00","R$ 6.209,08","R$ 6.209,08",
2932002,Uauá,BA,272,0,0,0,272,0,0,0,680,680,-,-,-,"R$ 9.065,00","R$ 9.065,00",-,-,-,7776,7776,0,0,0,"1,165766461","1,165766461","R$ 0,00","R$ 0,00","R$ 0,00","R$ 792,72","R$ 792,72",
2932101,Ubaíra,BA,114,0,1,0,113,0,1,0,"282,5","283,5",-,"R$ 351,00","R$ 2,00","R$ 73.288,00","R$ 73.641,00",-,19,2,5336,5357,0,"18,47368421",1,"13,73463268","13,74668658","R$ 0,00","R$ 18,47","R$ 0,00","R$ 3.880,03","R$ 3.898,51",
2932200,Ubaitaba,BA,280,0,0,0,280,0,0,0,700,700,-,-,-,"R$ 25.808,00","R$ 25.808,00",-,-,-,2793,2793,0,0,0,"9,240243466","9,240243466","R$ 0,00","R$ 0,00","R$ 0,00","R$ 6.468,17","R$ 6.468,17",
2932309,Ubatã,BA,0,0,0,0,0,0,0,0,0,0,-,"R$ 63,00",-,"R$ 73.869,00","R$ 73.932,00",-,5,-,5763,5768,0,"12,6",0,"12,81780323","12,81761442","R$ 0,00","R$ 0,00","R$ 0,00","R$ 0,00","R$ 0,00",
2932408,Uibaí,BA,875,0,0,0,875,0,0,0,"2187,5","2187,5",-,-,-,"R$ 12.365,00","R$ 12.365,00",-,-,-,3649,3649,0,0,0,"3,388599616","3,388599616","R$ 0,00","R$ 0,00","R$ 0,00","R$ 7.412,56","R$ 7.412,56",
2932457,Umburanas,BA,920,0,0,0,920,0,0,0,2300,2300,-,-,-,"R$ 14.245,00","R$ 14.245,00",-,-,-,3661,3661,0,0,0,"3,891013384","3,891013384","R$ 0,00","R$ 0,00","R$ 0,00","R$ 8.949,33","R$ 8.949,33",
2932507,Una,BA,368,0,0,0,368,0,0,0,920,920,-,"R$ 24.084,00","R$ 42,00","R$ 227.110,00","R$ 251.236,00",-,446,12,24394,24852,0,54,"3,5","9,310076248","10,10928698","R$ 0,00","R$ 0,00","R$ 0,00","R$ 8.565,27","R$ 8.565,27",
2932606,Urandi,BA,1.338,0,0,0,1.338,0,0,0,3345,3345,-,"R$ 34,00","R$ 13,00","R$ 2.737,00","R$ 2.784,00",-,5,8,1642,1655,0,"6,8","1,625","1,666869671","1,682175227","R$ 0,00","R$ 0,00","R$ 0,00","R$ 5.575,68","R$ 5.575,68",
2932705,Uruçuca,BA,21,0,0,0,21,0,0,0,"52,5","52,5",-,"R$ 1.855,00","R$ 19,00","R$ 232.680,00","R$ 234.554,00",-,38,8,22189,22235,0,"48,81578947","2,375","10,48627698","10,5488644","R$ 0,00","R$ 0,00","R$ 0,00","R$ 550,53","R$ 550,53",
2932804,Utinga,BA,811,0,353,0,458,0,353,0,1145,1498,-,"R$ 2.380,00","R$ 93,00","R$ 24.360,00","R$ 26.833,00",-,250,45,1085,1380,0,"9,52","2,066666667","22,4516129","19,4442029","R$ 0,00","R$ 3.360,56","R$ 0,00","R$ 25.707,10","R$ 29.067,66",
2932903,Valença,BA,196,0,0,0,196,0,0,0,490,490,-,"R$ 2.774,00","R$ 22,00","R$ 217.015,00","R$ 219.811,00",-,127,8,16957,17092,0,"21,84251969","2,75","12,79795954","12,86046103","R$ 0,00","R$ 0,00","R$ 0,00","R$ 6.271,00","R$ 6.271,00",
2933000,Valente,BA,34,0,0,0,34,0,0,0,85,85,-,-,-,"R$ 13.701,00","R$ 13.701,00",-,-,-,3430,3430,0,0,0,"3,994460641","3,994460641","R$ 0,00","R$ 0,00","R$ 0,00","R$ 339,53","R$ 339,53",
2933059,Várzea da Roça,BA,282,0,0,0,282,0,0,0,705,705,-,-,-,"R$ 4.790,00","R$ 4.790,00",-,-,-,2813,2813,0,0,0,"1,70280839","1,70280839","R$ 0,00","R$ 0,00","R$ 0,00","R$ 1.200,48","R$ 1.200,48",
2933109,Várzea do Poço,BA,20,0,0,0,20,0,0,0,50,50,-,-,-,"R$ 1.389,00","R$ 1.389,00",-,-,-,1856,1856,0,0,0,"0,7483836207","0,7483836207","R$ 0,00","R$ 0,00","R$ 0,00","R$ 37,42","R$ 37,42",
2933158,Várzea Nova,BA,568,0,0,0,568,0,0,0,1420,1420,-,-,-,"R$ 50.490,00","R$ 50.490,00",-,-,-,6725,6725,0,0,0,"7,507806691","7,507806691","R$ 0,00","R$ 0,00","R$ 0,00","R$ 10.661,09","R$ 10.661,09",
2933174,Varzedo,BA,0,0,0,0,0,0,0,0,0,0,-,-,"R$ 1,00","R$ 33.114,00","R$ 33.115,00",-,-,1,1938,1939,0,0,1,"17,08668731","17,07839092","R$ 0,00","R$ 0,00","R$ 0,00","R$ 0,00","R$ 0,00",
2933208,Vera Cruz,BA,0,0,0,0,0,0,0,0,0,0,-,-,"R$ 9,00","R$ 2.721,00","R$ 2.730,00",-,-,4,209,213,0,0,"2,25","13,01913876","12,81690141","R$ 0,00","R$ 0,00","R$ 0,00","R$ 0,00","R$ 0,00",
2933257,Vereda,BA,555,0,108,0,447,0,108,0,"1117,5","1225,5",-,"R$ 10.626,00","R$ 611,00","R$ 4.110,00","R$ 15.347,00",-,295,80,180,555,0,"36,02033898","7,6375","22,83333333","27,65225225","R$ 0,00","R$ 3.890,20","R$ 0,00","R$ 25.516,25","R$ 29.406,45",
2933307,Vitória da Conquista,BA,3.631,0,1.931,0,1.700,0,1931,0,4250,6181,-,"R$ 63.536,00","R$ 202,00","R$ 18.622,00","R$ 82.360,00",-,5491,65,4699,10255,0,"11,57093426","3,107692308","3,962970845","8,031204291","R$ 0,00","R$ 22.343,47","R$ 0,00","R$ 16.842,63","R$ 39.186,10",
2933406,Wagner,BA,894,0,0,0,894,0,0,0,2235,2235,-,"R$ 329,00","R$ 52,00","R$ 33.701,00","R$ 34.082,00",-,35,15,1082,1132,0,"9,4","3,466666667","31,14695009","30,10777385","R$ 0,00","R$ 0,00","R$ 0,00","R$ 69.613,43","R$ 69.613,43",
2933455,Wanderley,BA,209,0,0,0,209,0,0,0,"522,5","522,5",-,-,"R$ 42,00","R$ 32.661,00","R$ 32.703,00",-,-,20,4039,4059,0,0,"2,1","8,086407527","8,056910569","R$ 0,00","R$ 0,00","R$ 0,00","R$ 4.225,15","R$ 4.225,15",
2933505,Wenceslau Guimarães,BA,432,0,0,0,432,0,0,0,1080,1080,-,"R$ 2.764,00",-,"R$ 521.171,00","R$ 523.935,00",-,112,-,14744,14856,0,"24,67857143",0,"35,34800597","35,26756866","R$ 0,00","R$ 0,00","R$ 0,00","R$ 38.175,85","R$ 38.175,85",
2933604,Xique-Xique,BA,2.317,0,0,0,2.317,0,0,0,"5792,5","5792,5",-,-,-,"R$ 10.206,00","R$ 10.206,00",-,-,-,1575,1575,0,0,0,"6,48","6,48","R$ 0,00","R$ 0,00","R$ 0,00","R$ 37.535,40","R$ 37.535,40",
3100104,Abadia dos Dourados,MG,434,0,216,0,217,0,216,0,"542,5","758,5",-,"R$ 12.314,00","R$ 66,00","R$ 47.515,00","R$ 59.895,00",-,224,10,7920,8154,0,"54,97321429","6,6","5,999368687","7,345474614","R$ 0,00","R$ 11.874,21","R$ 0,00","R$ 3.254,66","R$ 15.128,87",
3100203,Abaeté,MG,1.687,0,64,0,1624,0,64,0,4060,4124,"R$ 8,00","R$ 4.365,00","R$ 1.517,00","R$ 10.408,00","R$ 16.298,00",3,60,158,1308,1529,"2,666666667","72,75","9,601265823","7,957186544","10,65925441","R$ 0,00","R$ 4.656,00","R$ 0,00","R$ 32.306,18","R$ 36.962,18",
3100302,Abre Campo,MG,85,0,0,0,85,0,0,0,"212,5","212,5",-,"R$ 103.781,00","R$ 1.512,00","R$ 2.857,00","R$ 108.150,00",-,4100,270,734,5104,0,"25,31243902","5,6","3,892370572","21,18926332","R$ 0,00","R$ 0,00","R$ 0,00","R$ 827,13","R$ 827,13",
3100401,Acaiaca,MG,6,0,0,0,6,0,0,0,15,15,-,"R$ 101,00","R$ 238,00","R$ 546,00","R$ 885,00",-,4,40,158,202,0,"25,25","5,95","3,455696203","4,381188119","R$ 0,00","R$ 0,00","R$ 0,00","R$ 51,84","R$ 51,84",
3100500,Açucena,MG,300,0,0,0,300,0,0,0,750,750,-,"R$ 86,00","R$ 449,00","R$ 1.677,00","R$ 2.212,00",-,3,68,124,195,0,"28,66666667","6,602941176","13,52419355","11,34358974","R$ 0,00","R$ 0,00","R$ 0,00","R$ 10.143,15","R$ 10.143,15",
3100609,Água Boa,MG,304,0,45,0,259,0,45,0,"647,5","692,5",-,"R$ 87.449,00","R$ 851,00","R$ 8.817,00","R$ 97.117,00",-,2590,135,1362,4087,0,"33,76409266","6,303703704","6,473568282","23,76241742","R$ 0,00","R$ 1.519,38","R$ 0,00","R$ 4.191,64","R$ 5.711,02",
3100708,Água Comprida,MG,925,0,0,300,625,0,0,300,"1562,5","1862,5",-,-,"R$ 268.863,00","R$ 100.738,00","R$ 369.601,00",-,-,25000,23412,48412,0,0,"10,75452","4,302836152","7,634491448","R$ 0,00","R$ 0,00","R$ 3.226,36","R$ 6.723,18","R$ 9.949,54",
3100807,Aguanil,MG,660,0,224,0,436,0,224,0,1090,1314,-,"R$ 76.103,00","R$ 316,00","R$ 15.125,00","R$ 91.544,00",-,1917,51,2200,4168,0,"39,69900887","6,196078431","6,875","21,96353167","R$ 0,00","R$ 8.892,58","R$ 0,00","R$ 7.493,75","R$ 16.386,33",
3100906,Águas Formosas,MG,10,0,0,0,10,0,0,0,25,25,-,-,"R$ 158,00","R$ 2.707,00","R$ 2.865,00",-,-,17,351,368,0,0,"9,294117647","7,712250712","7,785326087","R$ 0,00","R$ 0,00","R$ 0,00","R$ 192,81","R$ 192,81",
3101003,Águas Vermelhas,MG,1.716,0,0,0,1.716,0,0,0,4290,4290,-,"R$ 52.340,00",-,"R$ 5.306,00","R$ 57.646,00",-,798,-,484,1282,0,"65,58897243",0,"10,96280992","44,96567863","R$ 0,00","R$ 0,00","R$ 0,00","R$ 47.030,45","R$ 47.030,45",
3101102,Aimorés,MG,4.426,191,135,0,4.100,382,135,0,10250,10767,"R$ 1.162,00","R$ 59.383,00","R$ 158,00","R$ 14.727,00","R$ 75.430,00",205,1650,15,663,2533,"5,668292683","35,98969697","10,53333333","22,21266968","29,77891828","R$ 2.165,29","R$ 4.858,61","R$ 0,00","R$ 227.679,86","R$ 234.703,76",
3101201,Aiuruoca,MG,67,0,0,0,67,0,0,0,"167,5","167,5",-,"R$ 360,00","R$ 297,00","R$ 11.493,00","R$ 12.150,00",-,10,44,1843,1897,0,36,"6,75","6,236028215","6,404849763","R$ 0,00","R$ 0,00","R$ 0,00","R$ 1.044,53","R$ 1.044,53",
3101300,Alagoa,MG,30,0,0,0,30,0,0,0,75,75,-,-,-,"R$ 704,00","R$ 704,00",-,-,-,92,92,0,0,0,"7,652173913","7,652173913","R$ 0,00","R$ 0,00","R$ 0,00","R$ 573,91","R$ 573,91",
3101409,Albertina,MG,0,0,0,0,0,0,0,0,0,0,-,"R$ 51.714,00",-,"R$ 85,00","R$ 51.799,00",-,1500,-,25,1525,0,"34,476",0,"3,4","33,96655738","R$ 0,00","R$ 0,00","R$ 0,00","R$ 0,00","R$ 0,00",
3101508,Além Paraíba,MG,162,0,0,0,162,0,0,0,405,405,-,-,-,"R$ 898,00","R$ 898,00",-,-,-,74,74,0,0,0,"12,13513514","12,13513514","R$ 0,00","R$ 0,00","R$ 0,00","R$ 4.914,73","R$ 4.914,73",
3101607,Alfenas,MG,4.650,0,3.012,0,1.638,0,3012,0,4095,7107,-,"R$ 465.331,00","R$ 35.644,00","R$ 192.321,00","R$ 693.296,00",-,12785,3500,31414,47699,0,"36,39663668","10,184","6,122142994","14,53481205","R$ 0,00","R$ 109.626,67","R$ 0,00","R$ 25.070,18","R$ 134.696,85",
3101631,Alfredo Vasconcelos,MG,548,0,0,0,548,0,0,0,1370,1370,-,-,-,"R$ 23.155,00","R$ 23.155,00",-,-,-,674,674,0,0,0,"34,35459941","34,35459941","R$ 0,00","R$ 0,00","R$ 0,00","R$ 47.065,80","R$ 47.065,80",
3101706,Almenara,MG,0,0,0,0,0,0,0,0,0,0,-,"R$ 1.036,00","R$ 281,00","R$ 4.774,00","R$ 6.091,00",-,70,41,522,633,0,"14,8","6,853658537","9,14559387","9,622432859","R$ 0,00","R$ 0,00","R$ 0,00","R$ 0,00","R$ 0,00",
3101805,Alpercata,MG,522,0,0,0,522,0,0,0,1305,1305,-,-,-,"R$ 1.171,00","R$ 1.171,00",-,-,-,156,156,0,0,0,"7,506410256","7,506410256","R$ 0,00","R$ 0,00","R$ 0,00","R$ 9.795,87","R$ 9.795,87",
3101904,Alpinópolis,MG,373,0,0,0,373,0,0,0,"932,5","932,5",-,"R$ 272.913,00","R$ 5.873,00","R$ 41.013,00","R$ 319.799,00",-,6600,540,6432,13572,0,"41,35045455","10,87592593","6,376399254","23,56314471","R$ 0,00","R$ 0,00","R$ 0,00","R$ 5.945,99","R$ 5.945,99",
3102001,Alterosa,MG,27,0,0,0,27,0,0,0,"67,5","67,5","R$ 14,00","R$ 120.940,00","R$ 3.027,00","R$ 36.502,00","R$ 160.483,00",4,5335,305,4566,10210,"3,5","22,66916589","9,924590164","7,994305738","15,71821743","R$ 0,00","R$ 0,00","R$ 0,00","R$ 539,62","R$ 539,62",
3102050,Alto Caparaó,MG,0,0,0,0,0,0,0,0,0,0,-,"R$ 59.594,00","R$ 38,00","R$ 504,00","R$ 60.136,00",-,2550,4,118,2672,0,"23,37019608","9,5","4,271186441","22,50598802","R$ 0,00","R$ 0,00","R$ 0,00","R$ 0,00","R$ 0,00",
3102100,Alto Rio Doce,MG,0,0,0,0,0,0,0,0,0,0,"R$ 31,00",-,"R$ 5.510,00","R$ 9.908,00","R$ 15.449,00",5,-,580,2150,2735,"6,2",0,"9,5","4,608372093","5,648628885","R$ 0,00","R$ 0,00","R$ 0,00","R$ 0,00","R$ 0,00",
3102209,Alvarenga,MG,93,0,33,0,60,0,33,0,150,183,"R$ 37,00","R$ 449,00","R$ 99,00","R$ 966,00","R$ 1.551,00",3,16,13,125,157,"12,33333333","28,0625","7,615384615","7,728","9,878980892","R$ 0,00","R$ 926,06","R$ 0,00","R$ 1.159,20","R$ 2.085,26",
3102308,Alvinópolis,MG,284,0,0,0,284,0,0,0,710,710,-,-,"R$ 912,00","R$ 2.230,00","R$ 3.142,00",-,-,96,553,649,0,0,"9,5","4,032549729","4,841294299","R$ 0,00","R$ 0,00","R$ 0,00","R$ 2.863,11","R$ 2.863,11",
3102407,Alvorada de Minas,MG,0,0,0,0,0,0,0,0,0,0,-,-,"R$ 260,00","R$ 665,00","R$ 925,00",-,-,33,117,150,0,0,"7,878787879","5,683760684","6,166666667","R$ 0,00","R$ 0,00","R$ 0,00","R$ 0,00","R$ 0,00",
3102506,Amparo do Serra,MG,61,0,0,0,61,0,0,0,"152,5","152,5",-,"R$ 12.211,00","R$ 424,00","R$ 4.388,00","R$ 17.023,00",-,360,44,634,1038,0,"33,91944444","9,636363636","6,921135647","16,39980732","R$ 0,00","R$ 0,00","R$ 0,00","R$ 1.055,47","R$ 1.055,47",
3102605,Andradas,MG,997,0,0,0,997,0,0,0,"2492,5","2492,5",-,"R$ 183.717,00","R$ 168,00","R$ 94.240,00","R$ 278.125,00",-,6900,17,3310,10227,0,"26,62565217","9,882352941","28,47129909","27,19516965","R$ 0,00","R$ 0,00","R$ 0,00","R$ 70.964,71","R$ 70.964,71",
3102704,Cachoeira de Pajeú,MG,28,0,0,0,28,0,0,0,70,70,-,-,"R$ 255,00","R$ 1.166,00","R$ 1.421,00",-,-,50,271,321,0,0,"5,1","4,302583026","4,426791277","R$ 0,00","R$ 0,00","R$ 0,00","R$ 301,18","R$ 301,18",
3102803,Andrelândia,MG,394,0,0,0,394,0,0,0,985,985,-,"R$ 8.823,00","R$ 870,00","R$ 38.734,00","R$ 48.427,00",-,310,120,4132,4562,0,"28,46129032","7,25","9,374152953","10,61530031","R$ 0,00","R$ 0,00","R$ 0,00","R$ 9.233,54","R$ 9.233,54",
3102852,Angelândia,MG,999,0,416,0,583,0,416,0,"1457,5","1873,5","R$ 18,00","R$ 142.193,00","R$ 152,00","R$ 2.751,00","R$ 145.114,00",4,3720,23,780,4527,"4,5","38,22392473","6,608695652","3,526923077","32,05522421","R$ 0,00","R$ 15.901,15","R$ 0,00","R$ 5.140,49","R$ 21.041,64",
3102902,Antônio Carlos,MG,368,0,0,0,368,0,0,0,920,920,-,-,"R$ 38,00","R$ 29.950,00","R$ 29.988,00",-,-,4,994,998,0,0,"9,5","30,13078471","30,04809619","R$ 0,00","R$ 0,00","R$ 0,00","R$ 27.720,32","R$ 27.720,32",
3103009,Antônio Dias,MG,676,0,0,0,676,0,0,0,1690,1690,-,"R$ 1.340,00","R$ 122,00","R$ 892,00","R$ 2.354,00",-,44,16,46,106,0,"30,45454545","7,625","19,39130435","22,20754717","R$ 0,00","R$ 0,00","R$ 0,00","R$ 32.771,30","R$ 32.771,30",
3103108,Antônio Prado de Minas,MG,0,0,0,0,0,0,0,0,0,0,-,"R$ 1.252,00","R$ 34,00","R$ 71,00","R$ 1.357,00",-,37,4,10,51,0,"33,83783784","8,5","7,1","26,60784314","R$ 0,00","R$ 0,00","R$ 0,00","R$ 0,00","R$ 0,00",
3103207,Araçaí,MG,155,0,0,0,155,0,0,0,"387,5","387,5",-,-,-,"R$ 1.375,00","R$ 1.375,00",-,-,-,52,52,0,0,0,"26,44230769","26,44230769","R$ 0,00","R$ 0,00","R$ 0,00","R$ 10.246,39","R$ 10.246,39",
3103306,Aracitaba,MG,0,0,0,0,0,0,0,0,0,0,-,-,"R$ 276,00","R$ 618,00","R$ 894,00",-,-,25,101,126,0,0,"11,04","6,118811881","7,095238095","R$ 0,00","R$ 0,00","R$ 0,00","R$ 0,00","R$ 0,00",
3103405,Araçuaí,MG,1.554,0,0,0,1.554,0,0,0,3885,3885,-,-,"R$ 966,00","R$ 35.122,00","R$ 36.088,00",-,-,174,1567,1741,0,0,"5,551724138","22,41352904","20,72831706","R$ 0,00","R$ 0,00","R$ 0,00","R$ 87.076,56","R$ 87.076,56",
3103504,Araguari,MG,15.502,0,13.535,0,1.966,0,13535,0,4915,18450,-,"R$ 444.188,00","R$ 154,00","R$ 715.358,00","R$ 1.159.700,00",-,13175,16,69238,82429,0,"33,7144592","9,625","10,33186978","14,06907763","R$ 0,00","R$ 456.325,21","R$ 0,00","R$ 50.781,14","R$ 507.106,35",
3103603,Arantina,MG,0,0,0,0,0,0,0,0,0,0,-,-,"R$ 150,00","R$ 632,00","R$ 782,00",-,-,13,73,86,0,0,"11,53846154","8,657534247","9,093023256","R$ 0,00","R$ 0,00","R$ 0,00","R$ 0,00","R$ 0,00",
3103702,Araponga,MG,0,0,0,0,0,0,0,0,0,0,-,"R$ 142.527,00","R$ 146,00","R$ 3.519,00","R$ 146.192,00",-,4400,16,853,5269,0,"32,3925","9,125","4,125439625","27,74568229","R$ 0,00","R$ 0,00","R$ 0,00","R$ 0,00","R$ 0,00",
3103751,Araporã,MG,6.540,0,0,6.274,266,0,0,6274,665,6939,-,-,"R$ 149.455,00","R$ 33.714,00","R$ 183.169,00",-,-,9768,6504,16272,0,0,"15,30047093","5,183579336","11,25669862","R$ 0,00","R$ 0,00","R$ 95.995,15","R$ 3.447,08","R$ 99.442,23",
3103801,Arapuá,MG,5,0,0,0,5,0,0,0,"12,5","12,5",-,"R$ 16.640,00",-,"R$ 2.782,00","R$ 19.422,00",-,770,-,192,962,0,"21,61038961",0,"14,48958333","20,18918919","R$ 0,00","R$ 0,00","R$ 0,00","R$ 181,12","R$ 181,12",
3103900,Araújos,MG,20,0,0,0,20,0,0,0,50,50,-,-,"R$ 193,00","R$ 5.863,00","R$ 6.056,00",-,-,22,460,482,0,0,"8,772727273","12,74565217","12,56431535","R$ 0,00","R$ 0,00","R$ 0,00","R$ 637,28","R$ 637,28",
3104007,Araxá,MG,1.787,0,87,51,1.650,0,87,51,4125,4263,-,"R$ 96.777,00","R$ 31.500,00","R$ 159.059,00","R$ 287.336,00",-,3403,3000,20590,26993,0,"28,43873053","10,5","7,725060709","10,64483385","R$ 0,00","R$ 2.474,17","R$ 535,50","R$ 31.865,88","R$ 34.875,54",
3104106,Arceburgo,MG,469,0,39,97,333,0,39,97,"832,5","968,5",-,"R$ 66.662,00","R$ 4.753,00","R$ 10.217,00","R$ 81.632,00",-,1740,485,1010,3235,0,"38,31149425","9,8","10,11584158","25,23400309","R$ 0,00","R$ 1.494,15","R$ 950,60","R$ 8.421,44","R$ 10.866,19",
3104205,Arcos,MG,1.194,195,0,887,111,390,0,887,"277,5","1554,5","R$ 2.014,00",-,"R$ 41.400,00","R$ 50.239,00","R$ 93.653,00",265,-,4000,8473,12738,"7,6",0,"10,35","5,929304851","7,352253101","R$ 2.964,00","R$ 0,00","R$ 9.180,45","R$ 1.645,38","R$ 13.789,83",
3104304,Areado,MG,110,0,20,10,81,0,20,10,"202,5","232,5",-,"R$ 67.043,00","R$ 22.674,00","R$ 18.633,00","R$ 108.350,00",-,2850,2084,2588,7522,0,"23,52385965","10,88003839","7,199768161","14,40441372","R$ 0,00","R$ 470,48","R$ 108,80","R$ 1.457,95","R$ 2.037,23",
3104403,Argirita,MG,64,0,0,0,64,0,0,0,160,160,-,-,"R$ 25,00","R$ 1.075,00","R$ 1.100,00",-,-,2,70,72,0,0,"12,5","15,35714286","15,27777778","R$ 0,00","R$ 0,00","R$ 0,00","R$ 2.457,14","R$ 2.457,14",
3104452,Aricanduva,MG,64,0,0,0,64,0,0,0,160,160,"R$ 10,00","R$ 21.875,00","R$ 228,00","R$ 2.674,00","R$ 24.787,00",4,815,30,1011,1860,"2,5","26,8404908","7,6","2,644906034","13,32634409","R$ 0,00","R$ 0,00","R$ 0,00","R$ 423,18","R$ 423,18",
3104502,Arinos,MG,2.482,0,0,0,2.482,0,0,0,6205,6205,-,-,"R$ 1.987,00","R$ 119.707,00","R$ 121.694,00",-,-,274,21343,21617,0,0,"7,251824818","5,608724172","5,629550816","R$ 0,00","R$ 0,00","R$ 0,00","R$ 34.802,13","R$ 34.802,13",
3104601,Astolfo Dutra,MG,430,0,0,0,430,0,0,0,1075,1075,-,"R$ 148,00",-,"R$ 12.813,00","R$ 12.961,00",-,8,-,341,349,0,"18,5",0,"37,57478006","37,13753582","R$ 0,00","R$ 0,00","R$ 0,00","R$ 40.392,89","R$ 40.392,89",
3104700,Ataléia,MG,299,0,0,0,299,0,0,0,"747,5","747,5","R$ 13,00","R$ 1.876,00","R$ 360,00","R$ 4.479,00","R$ 6.728,00",4,95,40,529,668,"3,25","19,74736842",9,"8,466918715","10,07185629","R$ 0,00","R$ 0,00","R$ 0,00","R$ 6.329,02","R$ 6.329,02",
3104809,Augusto de Lima,MG,315,0,0,0,315,0,0,0,"787,5","787,5",-,-,"R$ 3.466,00","R$ 7.208,00","R$ 10.674,00",-,-,380,672,1052,0,0,"9,121052632","10,72619048","10,14638783","R$ 0,00","R$ 0,00","R$ 0,00","R$ 8.446,88","R$ 8.446,88",
3104908,Baependi,MG,0,0,0,0,0,0,0,0,0,0,-,"R$ 26.268,00",-,"R$ 13.987,00","R$ 40.255,00",-,905,-,2559,3464,0,"29,02541436",0,"5,465806956","11,62095843","R$ 0,00","R$ 0,00","R$ 0,00","R$ 0,00","R$ 0,00",
3105004,Baldim,MG,266,0,0,0,266,0,0,0,665,665,-,-,"R$ 691,00","R$ 24.024,00","R$ 24.715,00",-,-,72,1448,1520,0,0,"9,597222222","16,59116022","16,25986842","R$ 0,00","R$ 0,00","R$ 0,00","R$ 11.033,12","R$ 11.033,12",
3105103,Bambuí,MG,3.684,0,0,3.235,450,0,0,3235,1125,4360,-,"R$ 96.592,00","R$ 115.231,00","R$ 137.950,00","R$ 349.773,00",-,2920,13640,21350,37910,0,"33,07945205","8,448020528","6,461358314","9,226404643","R$ 0,00","R$ 0,00","R$ 27.329,35","R$ 7.269,03","R$ 34.598,37",
3105202,Bandeira,MG,38,0,0,0,38,0,0,0,95,95,-,"R$ 851,00","R$ 71,00","R$ 1.787,00","R$ 2.709,00",-,40,11,184,235,0,"21,275","6,454545455","9,711956522","11,52765957","R$ 0,00","R$ 0,00","R$ 0,00","R$ 922,64","R$ 922,64",
3105301,Bandeira do Sul,MG,31,0,0,0,31,0,0,0,"77,5","77,5",-,"R$ 11.667,00",-,"R$ 690,00","R$ 12.357,00",-,370,-,119,489,0,"31,53243243",0,"5,798319328","25,26993865","R$ 0,00","R$ 0,00","R$ 0,00","R$ 449,37","R$ 449,37",
3105400,Barão de Cocais,MG,19,0,0,0,19,0,0,0,"47,5","47,5",-,-,"R$ 347,00","R$ 1.383,00","R$ 1.730,00",-,-,48,89,137,0,0,"7,229166667","15,53932584","12,62773723","R$ 0,00","R$ 0,00","R$ 0,00","R$ 738,12","R$ 738,12",
3105509,Barão de Monte Alto,MG,96,0,0,0,96,0,0,0,240,240,"R$ 72,00",-,"R$ 150,00","R$ 371,00","R$ 593,00",9,-,15,54,78,8,0,10,"6,87037037","7,602564103","R$ 0,00","R$ 0,00","R$ 0,00","R$ 1.648,89","R$ 1.648,89",
3105608,Barbacena,MG,2.088,0,0,0,2.088,0,0,0,5220,5220,-,-,-,"R$ 95.056,00","R$ 95.056,00",-,-,-,4468,4468,0,0,0,"21,27484333","21,27484333","R$ 0,00","R$ 0,00","R$ 0,00","R$ 111.054,68","R$ 111.054,68",
3105707,Barra Longa,MG,42,0,0,0,42,0,0,0,105,105,-,-,"R$ 1.544,00","R$ 1.879,00","R$ 3.423,00",-,-,165,388,553,0,0,"9,357575758","4,842783505","6,189873418","R$ 0,00","R$ 0,00","R$ 0,00","R$ 508,49","R$ 508,49",
3105905,Barroso,MG,1,0,0,0,1,0,0,0,"2,5","2,5",-,-,"R$ 66,00","R$ 629,00","R$ 695,00",-,-,8,74,82,0,0,"8,25","8,5","8,475609756","R$ 0,00","R$ 0,00","R$ 0,00","R$ 21,25","R$ 21,25",
3106002,Bela Vista de Minas,MG,12,0,0,0,12,0,0,0,30,30,-,-,-,"R$ 65,00","R$ 65,00",-,-,-,15,15,0,0,0,"4,333333333","4,333333333","R$ 0,00","R$ 0,00","R$ 0,00","R$ 130,00","R$ 130,00",
3106101,Belmiro Braga,MG,11,0,0,0,11,0,0,0,"27,5","27,5",-,-,"R$ 112,00","R$ 640,00","R$ 752,00",-,-,10,61,71,0,0,"11,2","10,49180328","10,5915493","R$ 0,00","R$ 0,00","R$ 0,00","R$ 288,52","R$ 288,52",
3106200,Belo Horizonte,MG,61,0,0,0,61,0,0,0,"152,5","152,5",...,...,...,#VALUE!,...,...,...,...,#VALUE!,...,0,0,0,0,0,"R$ 0,00","R$ 0,00","R$ 0,00","R$ 0,00","R$ 0,00",
3106309,Belo Oriente,MG,29,0,0,0,29,0,0,0,"72,5","72,5",-,-,"R$ 439,00","R$ 1.670,00","R$ 2.109,00",-,-,50,298,348,0,0,"8,78","5,604026846","6,060344828","R$ 0,00","R$ 0,00","R$ 0,00","R$ 406,29","R$ 406,29",
3106408,Belo Vale,MG,53,0,0,0,53,0,0,0,"132,5","132,5",-,-,"R$ 256,00","R$ 107.960,00","R$ 108.216,00",-,-,29,3194,3223,0,0,"8,827586207","33,80087664","33,57617127","R$ 0,00","R$ 0,00","R$ 0,00","R$ 4.478,62","R$ 4.478,62",
3106507,Berilo,MG,277,0,0,0,277,0,0,0,"692,5","692,5",-,"R$ 6.512,00","R$ 300,00","R$ 3.821,00","R$ 10.633,00",-,176,45,485,706,0,37,"6,666666667","7,878350515","15,06090652","R$ 0,00","R$ 0,00","R$ 0,00","R$ 5.455,76","R$ 5.455,76",
3106606,Bertópolis,MG,18,0,0,0,18,0,0,0,45,45,-,-,-,"R$ 545,00","R$ 545,00",-,-,-,71,71,0,0,0,"7,676056338","7,676056338","R$ 0,00","R$ 0,00","R$ 0,00","R$ 345,42","R$ 345,42",
3106655,Berizal,MG,823,0,345,0,478,0,345,0,1195,1540,-,"R$ 23.581,00","R$ 165,00","R$ 583,00","R$ 24.329,00",-,310,29,79,418,0,"76,06774194","5,689655172","7,379746835","58,20334928","R$ 0,00","R$ 26.243,37","R$ 0,00","R$ 8.818,80","R$ 35.062,17",
3106705,Betim,MG,201,0,0,0,201,0,0,0,"502,5","502,5",-,-,"R$ 278,00","R$ 1.791,00","R$ 2.069,00",-,-,29,78,107,0,0,"9,586206897","22,96153846","19,3364486","R$ 0,00","R$ 0,00","R$ 0,00","R$ 11.538,17","R$ 11.538,17",
3106804,Bias Fortes,MG,0,0,0,0,0,0,0,0,0,0,-,-,-,"R$ 575,00","R$ 575,00",-,-,-,109,109,0,0,0,"5,275229358","5,275229358","R$ 0,00","R$ 0,00","R$ 0,00","R$ 0,00","R$ 0,00",
3106903,Bicas,MG,0,0,0,0,0,0,0,0,0,0,-,-,"R$ 443,00","R$ 284,00","R$ 727,00",-,-,42,20,62,0,0,"10,54761905","14,2","11,72580645","R$ 0,00","R$ 0,00","R$ 0,00","R$ 0,00","R$ 0,00",
3107000,Biquinhas,MG,107,0,0,0,107,0,0,0,"267,5","267,5",-,"R$ 12.105,00","R$ 306,00","R$ 3.964,00","R$ 16.375,00",-,256,30,484,770,0,"47,28515625","10,2","8,190082645","21,26623377","R$ 0,00","R$ 0,00","R$ 0,00","R$ 2.190,85","R$ 2.190,85",
3107109,Boa Esperança,MG,1.835,0,386,0,1.449,0,386,0,"3622,5","4008,5",-,"R$ 175.094,00","R$ 79,00","R$ 120.493,00","R$ 295.666,00",-,8630,11,19633,28274,0,"20,28899189","7,181818182","6,137268884","10,45716913","R$ 0,00","R$ 7.831,55","R$ 0,00","R$ 22.232,26","R$ 30.063,81",
3107208,Bocaina de Minas,MG,0,0,0,0,0,0,0,0,0,0,-,-,"R$ 200,00","R$ 1.175,00","R$ 1.375,00",-,-,19,177,196,0,0,"10,52631579","6,638418079","7,015306122","R$ 0,00","R$ 0,00","R$ 0,00","R$ 0,00","R$ 0,00",
3107307,Bocaiúva,MG,1.416,0,155,0,1262,0,155,0,3155,3310,"R$ 60,00","R$ 7.564,00","R$ 1.129,00","R$ 12.176,00","R$ 20.929,00",30,182,175,2378,2765,2,"41,56043956","6,451428571","5,120269134","7,56925859","R$ 0,00","R$ 6.441,87","R$ 0,00","R$ 16.154,45","R$ 22.596,32",
3107406,Bom Despacho,MG,1.573,0,0,53,1.520,0,0,53,3800,3853,"R$ 16,00",-,"R$ 42.344,00","R$ 104.533,00","R$ 146.893,00",3,-,4200,15167,19370,"5,333333333",0,"10,08190476","6,892134239","7,583531234","R$ 0,00","R$ 0,00","R$ 534,34","R$ 26.190,11","R$ 26.724,45",
3107505,Bom Jardim de Minas,MG,0,0,0,0,0,0,0,0,0,0,-,-,"R$ 65,00","R$ 333,00","R$ 398,00",-,-,9,81,90,0,0,"7,222222222","4,111111111","4,422222222","R$ 0,00","R$ 0,00","R$ 0,00","R$ 0,00","R$ 0,00",
3107604,Bom Jesus da Penha,MG,42,0,0,0,42,0,0,0,105,105,-,"R$ 77.532,00",-,"R$ 47.068,00","R$ 124.600,00",-,2500,-,7846,10346,0,"31,0128",0,"5,998980372","12,04330176","R$ 0,00","R$ 0,00","R$ 0,00","R$ 629,89","R$ 629,89",
3107703,Bom Jesus do Amparo,MG,22,0,0,0,22,0,0,0,55,55,-,"R$ 61,00","R$ 205,00","R$ 4.649,00","R$ 4.915,00",-,4,20,150,174,0,"15,25","10,25","30,99333333","28,24712644","R$ 0,00","R$ 0,00","R$ 0,00","R$ 1.704,63","R$ 1.704,63",
3107802,Bom Jesus do Galho,MG,75,0,0,0,75,0,0,0,"187,5","187,5","R$ 18,00","R$ 19.350,00","R$ 1.199,00","R$ 5.606,00","R$ 26.173,00",3,1000,180,1409,2592,6,"19,35","6,661111111","3,978708304","10,09760802","R$ 0,00","R$ 0,00","R$ 0,00","R$ 746,01","R$ 746,01",
3107901,Bom Repouso,MG,823,0,0,0,823,0,0,0,"2057,5","2057,5",-,"R$ 359,00",-,"R$ 94.919,00","R$ 95.278,00",-,14,-,1369,1383,0,"25,64285714",0,"69,33455077","68,8922632","R$ 0,00","R$ 0,00","R$ 0,00","R$ 142.655,84","R$ 142.655,84",
3108008,Bom Sucesso,MG,58,0,0,0,58,0,0,0,145,145,-,"R$ 114.197,00","R$ 189,00","R$ 12.863,00","R$ 127.249,00",-,3490,25,2040,5555,0,"32,72120344","7,56","6,305392157","22,90711071","R$ 0,00","R$ 0,00","R$ 0,00","R$ 914,28","R$ 914,28",
3108107,Bonfim,MG,71,0,0,0,71,0,0,0,"177,5","177,5",-,-,"R$ 605,00","R$ 34.294,00","R$ 34.899,00",-,-,72,1180,1252,0,0,"8,402777778","29,06271186","27,87460064","R$ 0,00","R$ 0,00","R$ 0,00","R$ 5.158,63","R$ 5.158,63",
3108206,Bonfinópolis de Minas,MG,7.814,0,951,0,6.864,0,951,0,17160,18111,-,"R$ 37.107,00","R$ 278,00","R$ 216.639,00","R$ 254.024,00",-,760,30,36816,37606,0,"48,825","9,266666667","5,884370926","6,75487954","R$ 0,00","R$ 46.432,58","R$ 0,00","R$ 100.975,81","R$ 147.408,38",
3108255,Bonito de Minas,MG,292,0,0,0,292,0,0,0,730,730,"R$ 332,00",-,"R$ 3.200,00","R$ 3.458,00","R$ 6.990,00",170,-,400,1294,1864,"1,952941176",0,8,"2,672333849","3,75","R$ 0,00","R$ 0,00","R$ 0,00","R$ 1.950,80","R$ 1.950,80",
3108305,Borda da Mata,MG,47,0,0,0,47,0,0,0,"117,5","117,5",-,"R$ 12.962,00","R$ 44,00","R$ 9.315,00","R$ 22.321,00",-,400,5,956,1361,0,"32,405","8,8","9,743723849","16,40044085","R$ 0,00","R$ 0,00","R$ 0,00","R$ 1.144,89","R$ 1.144,89",
3108404,Botelhos,MG,222,0,0,0,222,0,0,0,555,555,-,"R$ 156.086,00","R$ 428,00","R$ 14.187,00","R$ 170.701,00",-,6875,37,1373,8285,0,"22,70341818","11,56756757","10,33284778","20,603621","R$ 0,00","R$ 0,00","R$ 0,00","R$ 5.734,73","R$ 5.734,73",
3108503,Botumirim,MG,88,0,0,0,88,0,0,0,220,220,"R$ 39,00","R$ 570,00","R$ 768,00","R$ 5.937,00","R$ 7.314,00",20,40,120,818,998,"1,95","14,25","6,4","7,25794621","7,328657315","R$ 0,00","R$ 0,00","R$ 0,00","R$ 1.596,75","R$ 1.596,75",
3108552,Brasilândia de Minas,MG,10.160,0,0,2.044,8.116,0,0,2044,20290,22334,-,-,"R$ 14.016,00","R$ 95.271,00","R$ 109.287,00",-,-,1200,12680,13880,0,0,"11,68","7,513485804","7,87370317","R$ 0,00","R$ 0,00","R$ 23.873,92","R$ 152.448,63","R$ 176.322,55",
3108602,Brasília de Minas,MG,198,0,0,0,198,0,0,0,495,495,"R$ 60,00",-,"R$ 2.048,00","R$ 2.249,00","R$ 4.357,00",15,-,320,534,869,4,0,"6,4","4,211610487","5,013808976","R$ 0,00","R$ 0,00","R$ 0,00","R$ 2.084,75","R$ 2.084,75",
3108701,Brás Pires,MG,0,0,0,0,0,0,0,0,0,0,-,-,"R$ 162,00","R$ 3.875,00","R$ 4.037,00",-,-,17,718,735,0,0,"9,529411765","5,396935933","5,492517007","R$ 0,00","R$ 0,00","R$ 0,00","R$ 0,00","R$ 0,00",
3108800,Braúnas,MG,96,0,0,0,96,0,0,0,240,240,-,-,"R$ 201,00","R$ 1.529,00","R$ 1.730,00",-,-,33,356,389,0,0,"6,090909091","4,29494382","4,447300771","R$ 0,00","R$ 0,00","R$ 0,00","R$ 1.030,79","R$ 1.030,79",
3108909,Brazópolis,MG,36,0,0,0,36,0,0,0,90,90,-,"R$ 12.189,00","R$ 69,00","R$ 77.626,00","R$ 89.884,00",-,411,5,2325,2741,0,"29,65693431","13,8","33,38752688","32,79241153","R$ 0,00","R$ 0,00","R$ 0,00","R$ 3.004,88","R$ 3.004,88",
3109006,Brumadinho,MG,419,0,0,0,419,0,0,0,"1047,5","1047,5",-,-,"R$ 1.018,00","R$ 60.398,00","R$ 61.416,00",-,-,106,1822,1928,0,0,"9,603773585","33,1492865","31,85477178","R$ 0,00","R$ 0,00","R$ 0,00","R$ 34.723,88","R$ 34.723,88",
3109105,Bueno Brandão,MG,145,0,0,0,145,0,0,0,"362,5","362,5",-,"R$ 83.981,00","R$ 355,00","R$ 122.614,00","R$ 206.950,00",-,2040,37,2107,4184,0,"41,16715686","9,594594595","58,19364025","49,46223709","R$ 0,00","R$ 0,00","R$ 0,00","R$ 21.095,19","R$ 21.095,19",
3109204,Buenópolis,MG,726,0,0,0,726,0,0,0,1815,1815,-,-,"R$ 1.944,00","R$ 11.032,00","R$ 12.976,00",-,-,324,3665,3989,0,0,6,"3,010095498","3,2529456","R$ 0,00","R$ 0,00","R$ 0,00","R$ 5.463,32","R$ 5.463,32",
3109253,Bugre,MG,128,0,0,0,128,0,0,0,320,320,-,-,-,"R$ 3.286,00","R$ 3.286,00",-,-,-,91,91,0,0,0,"36,10989011","36,10989011","R$ 0,00","R$ 0,00","R$ 0,00","R$ 11.555,16","R$ 11.555,16",
3109303,Buritis,MG,11.995,0,505,0,11.489,0,505,0,"28722,5","29227,5",-,"R$ 57.684,00","R$ 640,00","R$ 830.762,00","R$ 889.086,00",-,929,100,130735,131764,0,"62,09257266","6,4","6,354549279","6,747563826","R$ 0,00","R$ 31.356,75","R$ 0,00","R$ 182.518,54","R$ 213.875,29",
3109402,Buritizeiro,MG,7.031,0,1.206,0,5.824,0,1206,0,14560,15766,"R$ 2.400,00","R$ 64.444,00","R$ 309,00","R$ 250.738,00","R$ 317.891,00",300,1170,46,38334,39850,8,"55,08034188","6,717391304","6,54087755","7,97718946","R$ 0,00","R$ 66.426,89","R$ 0,00","R$ 95.235,18","R$ 161.662,07",
3109451,Cabeceira Grande,MG,7.171,0,1,0,7.171,0,1,0,"17927,5","17928,5",-,-,-,"R$ 323.400,00","R$ 323.400,00",-,-,-,48044,48044,0,0,0,"6,731329615","6,731329615","R$ 0,00","R$ 0,00","R$ 0,00","R$ 120.675,91","R$ 120.675,91",
3109501,Cabo Verde,MG,145,0,0,0,145,0,0,0,"362,5","362,5",-,"R$ 257.483,00","R$ 3.069,00","R$ 12.316,00","R$ 272.868,00",-,9100,294,1930,11324,0,"28,29483516","10,43877551","6,38134715","24,09643236","R$ 0,00","R$ 0,00","R$ 0,00","R$ 2.313,24","R$ 2.313,24",
3109600,Cachoeira da Prata,MG,0,0,0,0,0,0,0,0,0,0,-,-,"R$ 50,00","R$ 285,00","R$ 335,00",-,-,4,20,24,0,0,"12,5","14,25","13,95833333","R$ 0,00","R$ 0,00","R$ 0,00","R$ 0,00","R$ 0,00",
3109709,Cachoeira de Minas,MG,180,0,0,0,180,0,0,0,450,450,"R$ 4,00","R$ 43.845,00",-,"R$ 41.469,00","R$ 85.318,00",1,1280,-,2693,3974,4,"34,25390625",0,"15,39881173","21,46904882","R$ 0,00","R$ 0,00","R$ 0,00","R$ 6.929,47","R$ 6.929,47",
3109808,Cachoeira Dourada,MG,250,0,0,0,250,0,0,0,625,625,-,-,-,"R$ 70.466,00","R$ 70.466,00",-,-,-,16021,16021,0,0,0,"4,398352163","4,398352163","R$ 0,00","R$ 0,00","R$ 0,00","R$ 2.748,97","R$ 2.748,97",
3109907,Caetanópolis,MG,287,0,0,0,287,0,0,0,"717,5","717,5",-,-,"R$ 175,00","R$ 3.488,00","R$ 3.663,00",-,-,25,524,549,0,0,7,"6,65648855","6,672131148","R$ 0,00","R$ 0,00","R$ 0,00","R$ 4.776,03","R$ 4.776,03",
3110004,Caeté,MG,173,0,0,0,173,0,0,0,"432,5","432,5",-,"R$ 385,00","R$ 324,00","R$ 8.207,00","R$ 8.916,00",-,10,35,367,412,0,"38,5","9,257142857","22,36239782","21,6407767","R$ 0,00","R$ 0,00","R$ 0,00","R$ 9.671,74","R$ 9.671,74",
3110103,Caiana,MG,0,0,0,0,0,0,0,0,0,0,-,"R$ 80.259,00",-,"R$ 1.573,00","R$ 81.832,00",-,3500,-,257,3757,0,"22,93114286",0,"6,120622568","21,78120841","R$ 0,00","R$ 0,00","R$ 0,00","R$ 0,00","R$ 0,00",
3110202,Cajuri,MG,84,0,0,0,84,0,0,0,210,210,-,"R$ 24.437,00","R$ 36,00","R$ 11.331,00","R$ 35.804,00",-,850,5,890,1745,0,"28,74941176","7,2","12,73146067","20,51805158","R$ 0,00","R$ 0,00","R$ 0,00","R$ 2.673,61","R$ 2.673,61",
3110301,Caldas,MG,397,0,0,0,397,0,0,0,"992,5","992,5",-,"R$ 46.062,00",-,"R$ 60.092,00","R$ 106.154,00",-,1300,-,3669,4969,0,"35,43230769",0,"16,37830472","21,36325216","R$ 0,00","R$ 0,00","R$ 0,00","R$ 16.255,47","R$ 16.255,47",
3110400,Camacho,MG,0,0,0,0,0,0,0,0,0,0,-,"R$ 82.596,00","R$ 45,00","R$ 3.312,00","R$ 85.953,00",-,2710,6,608,3324,0,"30,47822878","7,5","5,447368421","25,85830325","R$ 0,00","R$ 0,00","R$ 0,00","R$ 0,00","R$ 0,00",
3110509,Camanducaia,MG,167,0,0,0,167,0,0,0,"417,5","417,5",-,-,-,"R$ 49.415,00","R$ 49.415,00",-,-,-,554,554,0,0,0,"89,1967509","89,1967509","R$ 0,00","R$ 0,00","R$ 0,00","R$ 37.239,64","R$ 37.239,64",
3110608,Cambuí,MG,396,0,0,0,396,0,0,0,990,990,-,"R$ 225,00","R$ 130,00","R$ 11.982,00","R$ 12.337,00",-,8,12,601,621,0,"28,125","10,83333333","19,93677205","19,86634461","R$ 0,00","R$ 0,00","R$ 0,00","R$ 19.737,40","R$ 19.737,40",
3110707,Cambuquira,MG,18,0,0,0,18,0,0,0,45,45,-,"R$ 117.094,00",-,"R$ 44.034,00","R$ 161.128,00",-,3000,-,4077,7077,0,"39,03133333",0,"10,80058867","22,76783948","R$ 0,00","R$ 0,00","R$ 0,00","R$ 486,03","R$ 486,03",
3110806,Campanário,MG,19,0,0,0,19,0,0,0,"47,5","47,5",-,-,"R$ 255,00","R$ 395,00","R$ 650,00",-,-,32,63,95,0,0,"7,96875","6,26984127","6,842105263","R$ 0,00","R$ 0,00","R$ 0,00","R$ 297,82","R$ 297,82",
3110905,Campanha,MG,384,0,9,0,375,0,9,0,"937,5","946,5",-,"R$ 115.712,00","R$ 141,00","R$ 241.237,00","R$ 357.090,00",-,3336,10,8362,11708,0,"34,68585132","14,1","28,84919876","30,49965835","R$ 0,00","R$ 312,17","R$ 0,00","R$ 27.046,12","R$ 27.358,30",
3111002,Campestre,MG,1.189,0,0,0,1189,0,0,0,"2972,5","2972,5",-,"R$ 346.508,00","R$ 1.170,00","R$ 54.726,00","R$ 402.404,00",-,12480,100,3915,16495,0,"27,7650641","11,7","13,97854406","24,39551379","R$ 0,00","R$ 0,00","R$ 0,00","R$ 41.551,22","R$ 41.551,22",
3111101,Campina Verde,MG,1.803,0,0,1.018,786,0,0,1018,1965,2983,"R$ 20,00",-,"R$ 38.243,00","R$ 92.632,00","R$ 130.895,00",4,-,3700,9997,13701,5,0,"10,33594595","9,265979794","9,553682213","R$ 0,00","R$ 0,00","R$ 10.521,99","R$ 18.207,65","R$ 28.729,64",
3111150,Campo Azul,MG,0,0,0,0,0,0,0,0,0,0,-,-,"R$ 144,00","R$ 936,00","R$ 1.080,00",-,-,24,272,296,0,0,6,"3,441176471","3,648648649","R$ 0,00","R$ 0,00","R$ 0,00","R$ 0,00","R$ 0,00",
3111200,Campo Belo,MG,79,0,0,0,79,0,0,0,"197,5","197,5",-,"R$ 60.365,00","R$ 346,00","R$ 38.268,00","R$ 98.979,00",-,2500,45,6030,8575,0,"24,146","7,688888889","6,346268657","11,54274052","R$ 0,00","R$ 0,00","R$ 0,00","R$ 1.253,39","R$ 1.253,39",
3111309,Campo do Meio,MG,2.348,0,594,0,1.754,0,594,0,4385,4979,"R$ 13,00","R$ 127.890,00","R$ 90,00","R$ 30.432,00","R$ 158.425,00",6,4418,8,4954,9386,"2,166666667","28,94748755","11,25","6,142914816","16,87886214","R$ 0,00","R$ 17.194,81","R$ 0,00","R$ 26.936,68","R$ 44.131,49",
3111408,Campo Florido,MG,18.179,0,0,15.460,2.718,0,0,15460,6795,22255,-,-,"R$ 472.320,00","R$ 201.715,00","R$ 674.035,00",-,-,40000,42327,82327,0,0,"11,808","4,765634229","8,187289711","R$ 0,00","R$ 0,00","R$ 182.551,68","R$ 32.382,48","R$ 214.934,16",
3111507,Campos Altos,MG,5.419,0,0,0,5.419,0,0,0,"13547,5","13547,5",-,"R$ 312.642,00",-,"R$ 206.796,00","R$ 519.438,00",-,10070,-,10272,20342,0,"31,0468719",0,"20,13200935","25,53524727","R$ 0,00","R$ 0,00","R$ 0,00","R$ 272.738,40","R$ 272.738,40",
3111606,Campos Gerais,MG,2.454,0,920,0,1.534,0,920,0,3835,4755,-,"R$ 648.081,00","R$ 174,00","R$ 50.442,00","R$ 698.697,00",-,19000,28,8513,27541,0,"34,10952632","6,214285714","5,925290732","25,36934026","R$ 0,00","R$ 31.380,76","R$ 0,00","R$ 22.723,49","R$ 54.104,25",
3111705,Canaã,MG,85,0,0,0,85,0,0,0,"212,5","212,5",-,"R$ 26.780,00","R$ 559,00","R$ 3.782,00","R$ 31.121,00",-,960,71,667,1698,0,"27,89583333","7,873239437","5,670164918","18,32803298","R$ 0,00","R$ 0,00","R$ 0,00","R$ 1.204,91","R$ 1.204,91",
3111804,Canápolis,MG,6.735,0,0,3.839,2.896,0,0,3839,7240,11079,-,-,"R$ 433.080,00","R$ 237.556,00","R$ 670.636,00",-,-,30000,27009,57009,0,0,"14,436","8,795438558","11,76368644","R$ 0,00","R$ 0,00","R$ 55.419,80","R$ 63.678,98","R$ 119.098,78",
3111903,Cana Verde,MG,0,0,0,0,0,0,0,0,0,0,-,"R$ 15.103,00",-,"R$ 4.785,00","R$ 19.888,00",-,620,-,700,1320,0,"24,35967742",0,"6,835714286","15,06666667","R$ 0,00","R$ 0,00","R$ 0,00","R$ 0,00","R$ 0,00",
3112000,Candeias,MG,56,0,0,0,56,0,0,0,140,140,-,"R$ 140.095,00","R$ 376,00","R$ 57.772,00","R$ 198.243,00",-,6070,34,9926,16030,0,"23,07990115","11,05882353","5,820269998","12,36699938","R$ 0,00","R$ 0,00","R$ 0,00","R$ 814,84","R$ 814,84",
3112059,Cantagalo,MG,16,0,0,0,16,0,0,0,40,40,"R$ 4,00",-,"R$ 323,00","R$ 955,00","R$ 1.282,00",1,-,42,118,161,4,0,"7,69047619","8,093220339","7,962732919","R$ 0,00","R$ 0,00","R$ 0,00","R$ 323,73","R$ 323,73",
3112109,Caparaó,MG,0,0,0,0,0,0,0,0,0,0,-,"R$ 206.228,00",-,"R$ 640,00","R$ 206.868,00",-,5580,-,170,5750,0,"36,95842294",0,"3,764705882","35,97704348","R$ 0,00","R$ 0,00","R$ 0,00","R$ 0,00","R$ 0,00",
3112208,Capela Nova,MG,0,0,0,0,0,0,0,0,0,0,-,"R$ 17.943,00","R$ 684,00","R$ 5.318,00","R$ 23.945,00",-,405,80,564,1049,0,"44,3037037","8,55","9,429078014","22,82650143","R$ 0,00","R$ 0,00","R$ 0,00","R$ 0,00","R$ 0,00",
3112307,Capelinha,MG,1.494,0,418,0,1.076,0,418,0,2690,3108,-,"R$ 231.954,00","R$ 1.232,00","R$ 16.632,00","R$ 249.818,00",-,7033,154,2181,9368,0,"32,98080478",8,"7,625859697","26,66716482","R$ 0,00","R$ 13.785,98","R$ 0,00","R$ 20.513,56","R$ 34.299,54",
3112406,Capetinga,MG,208,0,42,0,166,0,42,0,415,457,-,"R$ 174.105,00",-,"R$ 23.356,00","R$ 197.461,00",-,5890,-,3854,9744,0,"29,55942275",0,"6,060197198","20,26488095","R$ 0,00","R$ 1.241,50","R$ 0,00","R$ 2.514,98","R$ 3.756,48",
3112505,Capim Branco,MG,88,0,0,0,88,0,0,0,220,220,-,-,-,"R$ 5.005,00","R$ 5.005,00",-,-,-,73,73,0,0,0,"68,56164384","68,56164384","R$ 0,00","R$ 0,00","R$ 0,00","R$ 15.083,56","R$ 15.083,56",
3112604,Capinópolis,MG,2.316,0,0,2.000,315,0,0,2000,"787,5","2787,5",-,-,"R$ 100.440,00","R$ 236.515,00","R$ 336.955,00",-,-,6200,55625,61825,0,0,"16,2","4,251955056","5,450141529","R$ 0,00","R$ 0,00","R$ 32.400,00","R$ 3.348,41","R$ 35.748,41",
3112653,Capitão Andrade,MG,33,0,0,0,33,0,0,0,"82,5","82,5",-,-,"R$ 165,00","R$ 170,00","R$ 335,00",-,-,29,61,90,0,0,"5,689655172","2,786885246","3,722222222","R$ 0,00","R$ 0,00","R$ 0,00","R$ 229,92","R$ 229,92",
3112703,Capitão Enéas,MG,2.555,0,14,0,2.540,0,14,0,6350,6364,-,"R$ 57,00","R$ 113,00","R$ 79.980,00","R$ 80.150,00",-,1,17,1324,1342,0,57,"6,647058824","60,40785498","59,7242921","R$ 0,00","R$ 798,00","R$ 0,00","R$ 383.589,88","R$ 384.387,88",
3112802,Capitólio,MG,38,0,0,0,38,0,0,0,95,95,-,"R$ 47.995,00","R$ 207,00","R$ 18.331,00","R$ 66.533,00",-,1800,28,2090,3918,0,"26,66388889","7,392857143","8,770813397","16,98136804","R$ 0,00","R$ 0,00","R$ 0,00","R$ 833,23","R$ 833,23",
3112901,Caputira,MG,43,0,0,0,43,0,0,0,"107,5","107,5",-,"R$ 129.114,00","R$ 202,00","R$ 1.543,00","R$ 130.859,00",-,4620,28,399,5047,0,"27,94675325","7,214285714","3,86716792","25,92807608","R$ 0,00","R$ 0,00","R$ 0,00","R$ 415,72","R$ 415,72",
3113008,Caraí,MG,234,0,0,0,234,0,0,0,585,585,-,"R$ 11.565,00","R$ 398,00","R$ 5.175,00","R$ 17.138,00",-,500,60,718,1278,0,"23,13","6,633333333","7,207520891","13,41001565","R$ 0,00","R$ 0,00","R$ 0,00","R$ 4.216,40","R$ 4.216,40",
3113107,Caranaíba,MG,5,0,0,0,5,0,0,0,"12,5","12,5",-,"R$ 1.284,00","R$ 274,00","R$ 1.929,00","R$ 3.487,00",-,40,37,268,345,0,"32,1","7,405405405","7,197761194","10,10724638","R$ 0,00","R$ 0,00","R$ 0,00","R$ 89,97","R$ 89,97",
3113206,Carandaí,MG,1.834,0,0,0,1834,0,0,0,4585,4585,-,"R$ 1.541,00","R$ 194,00","R$ 106.775,00","R$ 108.510,00",-,40,21,9469,9530,0,"38,525","9,238095238","11,27626993","11,386149","R$ 0,00","R$ 0,00","R$ 0,00","R$ 51.701,70","R$ 51.701,70",
3113305,Carangola,MG,0,0,0,0,0,0,0,0,0,0,-,"R$ 117.360,00","R$ 123,00","R$ 13.991,00","R$ 131.474,00",-,4225,19,779,5023,0,"27,77751479","6,473684211","17,96020539","26,17439777","R$ 0,00","R$ 0,00","R$ 0,00","R$ 0,00","R$ 0,00",
3113404,Caratinga,MG,669,0,0,0,669,0,0,0,"1672,5","1672,5","R$ 11,00","R$ 425.194,00","R$ 1.426,00","R$ 26.192,00","R$ 452.823,00",4,11930,216,1674,13824,"2,75","35,64073764","6,601851852","15,64635603","32,7562934","R$ 0,00","R$ 0,00","R$ 0,00","R$ 26.168,53","R$ 26.168,53",
3113503,Carbonita,MG,117,0,0,0,117,0,0,0,"292,5","292,5",-,"R$ 355,00","R$ 851,00","R$ 1.890,00","R$ 3.096,00",-,30,112,561,703,0,"11,83333333","7,598214286","3,368983957","4,40398293","R$ 0,00","R$ 0,00","R$ 0,00","R$ 985,43","R$ 985,43",
3113602,Careaçu,MG,178,176,0,0,2,352,0,0,5,357,"R$ 5.488,00","R$ 36.815,00","R$ 59,00","R$ 29.638,00","R$ 72.000,00",400,1180,7,1126,2713,"13,72","31,19915254","8,428571429","26,32149201","26,53888684","R$ 4.829,44","R$ 0,00","R$ 0,00","R$ 131,61","R$ 4.961,05",
3113701,Carlos Chagas,MG,346,0,0,0,346,0,0,0,865,865,-,-,"R$ 567,00","R$ 821,00","R$ 1.388,00",-,-,90,114,204,0,0,"6,3","7,201754386","6,803921569","R$ 0,00","R$ 0,00","R$ 0,00","R$ 6.229,52","R$ 6.229,52",
3113800,Carmésia,MG,0,0,0,0,0,0,0,0,0,0,-,-,"R$ 122,00","R$ 334,00","R$ 456,00",-,-,25,107,132,0,0,"4,88","3,121495327","3,454545455","R$ 0,00","R$ 0,00","R$ 0,00","R$ 0,00","R$ 0,00",
3113909,Carmo da Cachoeira,MG,108,0,0,0,108,0,0,0,270,270,-,"R$ 381.860,00","R$ 42,00","R$ 71.854,00","R$ 453.756,00",-,12000,4,8285,20289,0,"31,82166667","10,5","8,672782136","22,36463108","R$ 0,00","R$ 0,00","R$ 0,00","R$ 2.341,65","R$ 2.341,65",
3114006,Carmo da Mata,MG,0,0,0,0,0,0,0,0,0,0,-,"R$ 31.698,00","R$ 1.053,00","R$ 9.318,00","R$ 42.069,00",-,900,150,1172,2222,0,"35,22","7,02","7,950511945","18,93294329","R$ 0,00","R$ 0,00","R$ 0,00","R$ 0,00","R$ 0,00",
3114105,Carmo de Minas,MG,32,0,0,0,32,0,0,0,80,80,-,"R$ 104.520,00",-,"R$ 28.371,00","R$ 132.891,00",-,3350,-,3541,6891,0,"31,2",0,"8,012143462","19,2847192","R$ 0,00","R$ 0,00","R$ 0,00","R$ 640,97","R$ 640,97",
3114204,Carmo do Cajuru,MG,37,0,0,0,37,0,0,0,"92,5","92,5",-,-,"R$ 201,00","R$ 9.887,00","R$ 10.088,00",-,-,29,490,519,0,0,"6,931034483","20,17755102","19,43737958","R$ 0,00","R$ 0,00","R$ 0,00","R$ 1.866,42","R$ 1.866,42",
3114303,Carmo do Paranaíba,MG,5.679,0,4.718,0,961,0,4718,0,"2402,5","7120,5",-,"R$ 485.420,00",-,"R$ 60.570,00","R$ 545.990,00",-,11540,-,5722,17262,0,"42,06412478",0,"10,58545963","31,62959101","R$ 0,00","R$ 198.458,54","R$ 0,00","R$ 25.431,57","R$ 223.890,11",
3114402,Carmo do Rio Claro,MG,2.611,0,684,1,1.926,0,684,1,4815,5500,-,"R$ 447.784,00","R$ 2.984,00","R$ 90.675,00","R$ 541.443,00",-,11500,290,14956,26746,0,"38,93773913","10,28965517","6,062784167","20,24388694","R$ 0,00","R$ 26.633,41","R$ 10,29","R$ 29.192,31","R$ 55.836,01",
3114501,Carmópolis de Minas,MG,377,0,0,0,377,0,0,0,"942,5","942,5",-,"R$ 4.331,00","R$ 622,00","R$ 88.403,00","R$ 93.356,00",-,100,58,992,1150,0,"43,31","10,72413793","89,11592742","81,17913043","R$ 0,00","R$ 0,00","R$ 0,00","R$ 83.991,76","R$ 83.991,76",
3114550,Carneirinho,MG,6.430,0,0,6.430,0,0,0,6430,0,6430,-,-,"R$ 238.605,00","R$ 24.102,00","R$ 262.707,00",-,-,22785,1848,24633,0,0,"10,47202107","13,04220779","10,66483985","R$ 0,00","R$ 0,00","R$ 67.335,10","R$ 0,00","R$ 67.335,10",
3114600,Carrancas,MG,8,0,0,0,8,0,0,0,20,20,-,"R$ 912,00","R$ 313,00","R$ 117.744,00","R$ 118.969,00",-,28,29,18522,18579,0,"32,57142857","10,79310345","6,356980888","6,403412455","R$ 0,00","R$ 0,00","R$ 0,00","R$ 127,14","R$ 127,14",
3114709,Carvalhópolis,MG,2,0,0,0,2,0,0,0,5,5,-,"R$ 68.293,00",-,"R$ 3.220,00","R$ 71.513,00",-,1900,-,501,2401,0,"35,94368421",0,"6,427145709","29,78467305","R$ 0,00","R$ 0,00","R$ 0,00","R$ 32,14","R$ 32,14",
3114808,Carvalhos,MG,9,0,0,0,9,0,0,0,"22,5","22,5",-,-,-,"R$ 1.243,00","R$ 1.243,00",-,-,-,272,272,0,0,0,"4,569852941","4,569852941","R$ 0,00","R$ 0,00","R$ 0,00","R$ 102,82","R$ 102,82",
3114907,Casa Grande,MG,68,0,0,0,68,0,0,0,170,170,-,"R$ 3.256,00",-,"R$ 41.905,00","R$ 45.161,00",-,67,-,5530,5597,0,"48,59701493",0,"7,577757685","8,06878685","R$ 0,00","R$ 0,00","R$ 0,00","R$ 1.288,22","R$ 1.288,22",
3115003,Cascalho Rico,MG,2.005,0,416,0,1.589,0,416,0,"3972,5","4388,5",-,"R$ 19.427,00","R$ 58,00","R$ 40.681,00","R$ 60.166,00",-,490,5,2160,2655,0,"39,64693878","11,6","18,8337963","22,6613936","R$ 0,00","R$ 16.493,13","R$ 0,00","R$ 74.817,26","R$ 91.310,38",
3115102,Cássia,MG,1.200,0,515,0,685,0,515,0,"1712,5","2227,5",-,"R$ 194.652,00","R$ 139,00","R$ 73.868,00","R$ 268.659,00",-,5590,16,8756,14362,0,"34,82146691","8,6875","8,43627227","18,70623869","R$ 0,00","R$ 17.933,06","R$ 0,00","R$ 14.447,12","R$ 32.380,17",
3115201,Conceição da Barra de Minas,MG,59,0,59,0,0,0,59,0,0,59,-,"R$ 10.236,00",-,"R$ 8.683,00","R$ 18.919,00",-,275,-,1177,1452,0,"37,22181818",0,"7,377230246","13,02961433","R$ 0,00","R$ 2.196,09","R$ 0,00","R$ 0,00","R$ 2.196,09",
3115300,Cataguases,MG,167,0,0,0,167,0,0,0,"417,5","417,5",-,"R$ 42,00",-,"R$ 1.232,00","R$ 1.274,00",-,2,-,152,154,0,21,0,"8,105263158","8,272727273","R$ 0,00","R$ 0,00","R$ 0,00","R$ 3.383,95","R$ 3.383,95",
3115359,Catas Altas,MG,637,0,0,0,637,0,0,0,"1592,5","1592,5",-,"R$ 297,00","R$ 289,00","R$ 1.007,00","R$ 1.593,00",-,11,39,81,131,0,27,"7,41025641","12,43209877","12,16030534","R$ 0,00","R$ 0,00","R$ 0,00","R$ 19.798,12","R$ 19.798,12",
3115409,Catas Altas da Noruega,MG,0,0,0,0,0,0,0,0,0,0,"R$ 19,00","R$ 192,00","R$ 330,00","R$ 2.525,00","R$ 3.066,00",10,10,37,407,464,"1,9","19,2","8,918918919","6,203931204","6,607758621","R$ 0,00","R$ 0,00","R$ 0,00","R$ 0,00","R$ 0,00",
3115458,Catuji,MG,74,0,0,0,74,0,0,0,185,185,-,"R$ 1.426,00","R$ 258,00","R$ 3.158,00","R$ 4.842,00",-,65,34,675,774,0,"21,93846154","7,588235294","4,678518519","6,255813953","R$ 0,00","R$ 0,00","R$ 0,00","R$ 865,53","R$ 865,53",
3115474,Catuti,MG,51,0,0,0,51,0,0,0,"127,5","127,5",-,-,-,"R$ 634,00","R$ 634,00",-,-,-,416,416,0,0,0,"1,524038462","1,524038462","R$ 0,00","R$ 0,00","R$ 0,00","R$ 194,31","R$ 194,31",
3115508,Caxambu,MG,4,0,0,0,4,0,0,0,10,10,-,"R$ 3.604,00",-,"R$ 109,00","R$ 3.713,00",-,98,-,23,121,0,"36,7755102",0,"4,739130435","30,68595041","R$ 0,00","R$ 0,00","R$ 0,00","R$ 47,39","R$ 47,39",
3115607,Cedro do Abaeté,MG,0,0,0,0,0,0,0,0,0,0,-,-,-,"R$ 429,00","R$ 429,00",-,-,-,105,105,0,0,0,"4,085714286","4,085714286","R$ 0,00","R$ 0,00","R$ 0,00","R$ 0,00","R$ 0,00",
3115706,Central de Minas,MG,41,0,0,0,41,0,0,0,"102,5","102,5","R$ 21,00","R$ 33,00","R$ 143,00","R$ 869,00","R$ 1.066,00",4,3,8,140,155,"5,25",11,"17,875","6,207142857","6,877419355","R$ 0,00","R$ 0,00","R$ 0,00","R$ 636,23","R$ 636,23",
3115805,Centralina,MG,3.311,0,0,619,2.692,0,0,619,6730,7349,-,-,"R$ 68.856,00","R$ 121.354,00","R$ 190.210,00",-,-,4380,21618,25998,0,0,"15,72054795","5,613562772","7,316332026","R$ 0,00","R$ 0,00","R$ 9.731,02","R$ 37.779,28","R$ 47.510,30",
3115904,Chácara,MG,5,0,0,0,5,0,0,0,"12,5","12,5",-,"R$ 61,00",-,"R$ 220,00","R$ 281,00",-,2,-,18,20,0,"30,5",0,"12,22222222","14,05","R$ 0,00","R$ 0,00","R$ 0,00","R$ 152,78","R$ 152,78",
3116001,Chalé,MG,85,0,0,0,85,0,0,0,"212,5","212,5",-,"R$ 65.708,00","R$ 193,00","R$ 1.238,00","R$ 67.139,00",-,2435,29,335,2799,0,"26,98480493","6,655172414","3,695522388","23,98678099","R$ 0,00","R$ 0,00","R$ 0,00","R$ 785,30","R$ 785,30",
3116100,Chapada do Norte,MG,309,0,0,0,309,0,0,0,"772,5","772,5",-,-,"R$ 436,00","R$ 951,00","R$ 1.387,00",-,-,88,253,341,0,0,"4,954545455","3,758893281","4,06744868","R$ 0,00","R$ 0,00","R$ 0,00","R$ 2.903,75","R$ 2.903,75",
3116159,Chapada Gaúcha,MG,601,0,0,0,601,0,0,0,"1502,5","1502,5","R$ 19,00",-,"R$ 37,00","R$ 286.771,00","R$ 286.827,00",10,-,4,48430,48444,"1,9",0,"9,25","5,921350403","5,920795145","R$ 0,00","R$ 0,00","R$ 0,00","R$ 8.896,83","R$ 8.896,83",
3116209,Chiador,MG,15,0,0,0,15,0,0,0,"37,5","37,5",-,-,"R$ 179,00","R$ 1.609,00","R$ 1.788,00",-,-,21,33,54,0,0,"8,523809524","48,75757576","33,11111111","R$ 0,00","R$ 0,00","R$ 0,00","R$ 1.828,41","R$ 1.828,41",
3116308,Cipotânea,MG,86,0,0,0,86,0,0,0,215,215,-,"R$ 755,00",-,"R$ 4.746,00","R$ 5.501,00",-,30,-,979,1009,0,"25,16666667",0,"4,847803882","5,451932607","R$ 0,00","R$ 0,00","R$ 0,00","R$ 1.042,28","R$ 1.042,28",
3116407,Claraval,MG,86,0,11,0,75,0,11,0,"187,5","198,5",-,"R$ 140.521,00",-,"R$ 5.782,00","R$ 146.303,00",-,3600,-,1017,4617,0,"39,03361111",0,"5,685349066","31,68789257","R$ 0,00","R$ 429,37","R$ 0,00","R$ 1.066,00","R$ 1.495,37",
3116506,Claro dos Poções,MG,684,0,0,0,684,0,0,0,1710,1710,-,-,"R$ 588,00","R$ 11.169,00","R$ 11.757,00",-,-,84,882,966,0,0,7,"12,66326531","12,17080745","R$ 0,00","R$ 0,00","R$ 0,00","R$ 21.654,18","R$ 21.654,18",
3116605,Cláudio,MG,61,0,0,0,61,0,0,0,"152,5","152,5",-,"R$ 19.034,00","R$ 568,00","R$ 30.061,00","R$ 49.663,00",-,316,74,3384,3774,0,"60,23417722","7,675675676","8,883274232","13,15924748","R$ 0,00","R$ 0,00","R$ 0,00","R$ 1.354,70","R$ 1.354,70",
3116704,Coimbra,MG,601,0,0,0,601,0,0,0,"1502,5","1502,5",-,"R$ 12.781,00",-,"R$ 20.630,00","R$ 33.411,00",-,395,-,1607,2002,0,"32,35696203",0,"12,83758556","16,68881119","R$ 0,00","R$ 0,00","R$ 0,00","R$ 19.288,47","R$ 19.288,47",
3116803,Coluna,MG,15,0,0,0,15,0,0,0,"37,5","37,5",-,"R$ 34,00","R$ 1.295,00","R$ 1.913,00","R$ 3.242,00",-,3,166,173,342,0,"11,33333333","7,801204819","11,05780347","9,479532164","R$ 0,00","R$ 0,00","R$ 0,00","R$ 414,67","R$ 414,67",
3116902,Comendador Gomes,MG,2.397,0,0,562,1.834,0,0,562,4585,5147,-,-,"R$ 93.218,00","R$ 306.076,00","R$ 399.294,00",-,-,9400,13104,22504,0,0,"9,916808511","23,35744811","17,74324565","R$ 0,00","R$ 0,00","R$ 5.573,25","R$ 107.093,90","R$ 112.667,15",
3117009,Comercinho,MG,83,0,0,0,83,0,0,0,"207,5","207,5",-,"R$ 220,00","R$ 150,00","R$ 575,00","R$ 945,00",-,17,25,57,99,0,"12,94117647",6,"10,0877193","9,545454545","R$ 0,00","R$ 0,00","R$ 0,00","R$ 2.093,20","R$ 2.093,20",
3117108,Conceição da Aparecida,MG,0,0,0,0,0,0,0,0,0,0,-,"R$ 297.344,00","R$ 64,00","R$ 20.685,00","R$ 318.093,00",-,9000,6,2558,11564,0,"33,03822222","10,66666667","8,086395622","27,50717745","R$ 0,00","R$ 0,00","R$ 0,00","R$ 0,00","R$ 0,00",
3117207,Conceição das Pedras,MG,36,0,0,0,36,0,0,0,90,90,-,"R$ 57.750,00","R$ 85,00","R$ 21.282,00","R$ 79.117,00",-,1795,11,623,2429,0,"32,17270195","7,727272727","34,16051364","32,57184026","R$ 0,00","R$ 0,00","R$ 0,00","R$ 3.074,45","R$ 3.074,45",
3117306,Conceição das Alagoas,MG,30.052,0,0,24.751,5.300,0,0,24751,13250,38001,-,"R$ 425,00","R$ 520.520,00","R$ 278.917,00","R$ 799.862,00",-,12,45500,66466,111978,0,"35,41666667","11,44","4,196386122","7,143028095","R$ 0,00","R$ 0,00","R$ 283.151,44","R$ 55.602,12","R$ 338.753,56",
3117405,Conceição de Ipanema,MG,220,0,0,0,220,0,0,0,550,550,"R$ 64,00","R$ 25.133,00","R$ 208,00","R$ 2.043,00","R$ 27.448,00",15,945,36,298,1294,"4,266666667","26,5957672","5,777777778","6,855704698","21,21174652","R$ 0,00","R$ 0,00","R$ 0,00","R$ 3.770,64","R$ 3.770,64",
3117504,Conceição do Mato Dentro,MG,76,0,0,0,76,0,0,0,190,190,-,-,"R$ 1.391,00","R$ 3.977,00","R$ 5.368,00",-,-,188,831,1019,0,0,"7,39893617","4,785800241","5,267909715","R$ 0,00","R$ 0,00","R$ 0,00","R$ 909,30","R$ 909,30",
3117603,Conceição do Pará,MG,23,0,0,0,23,0,0,0,"57,5","57,5",-,-,"R$ 342,00","R$ 1.950,00","R$ 2.292,00",-,-,42,309,351,0,0,"8,142857143","6,310679612","6,52991453","R$ 0,00","R$ 0,00","R$ 0,00","R$ 362,86","R$ 362,86",
3117702,Conceição do Rio Verde,MG,0,0,0,0,0,0,0,0,0,0,-,"R$ 144.180,00",-,"R$ 76.856,00","R$ 221.036,00",-,4300,-,12973,17273,0,"33,53023256",0,"5,924304324","12,796619","R$ 0,00","R$ 0,00","R$ 0,00","R$ 0,00","R$ 0,00",
3117801,Conceição dos Ouros,MG,2,0,0,0,2,0,0,0,5,5,-,"R$ 9.328,00","R$ 158,00","R$ 22.853,00","R$ 32.339,00",-,260,21,2105,2386,0,"35,87692308","7,523809524","10,85653207","13,55364627","R$ 0,00","R$ 0,00","R$ 0,00","R$ 54,28","R$ 54,28",
3117836,Cônego Marinho,MG,276,0,0,0,276,0,0,0,690,690,"R$ 28,00",-,"R$ 1.653,00","R$ 1.304,00","R$ 2.985,00",10,-,290,536,836,"2,8",0,"5,7","2,432835821","3,570574163","R$ 0,00","R$ 0,00","R$ 0,00","R$ 1.678,66","R$ 1.678,66",
3117876,Confins,MG,0,0,0,0,0,0,0,0,0,0,-,-,-,"R$ 68,00","R$ 68,00",-,-,-,15,15,0,0,0,"4,533333333","4,533333333","R$ 0,00","R$ 0,00","R$ 0,00","R$ 0,00","R$ 0,00",
3117900,Congonhal,MG,188,0,0,0,188,0,0,0,470,470,-,"R$ 13.366,00","R$ 118,00","R$ 29.559,00","R$ 43.043,00",-,330,17,775,1122,0,"40,5030303","6,941176471","38,14064516","38,3627451","R$ 0,00","R$ 0,00","R$ 0,00","R$ 17.926,10","R$ 17.926,10",
3118007,Congonhas,MG,31,0,0,0,31,0,0,0,"77,5","77,5",-,"R$ 204,00","R$ 66,00","R$ 1.135,00","R$ 1.405,00",-,8,9,186,203,0,"25,5","7,333333333","6,102150538","6,921182266","R$ 0,00","R$ 0,00","R$ 0,00","R$ 472,92","R$ 472,92",
3118106,Congonhas do Norte,MG,13,0,0,0,13,0,0,0,"32,5","32,5",-,"R$ 385,00","R$ 315,00","R$ 2.729,00","R$ 3.429,00",-,15,40,271,326,0,"25,66666667","7,875","10,0701107","10,51840491","R$ 0,00","R$ 0,00","R$ 0,00","R$ 327,28","R$ 327,28",
3118205,Conquista,MG,7.175,0,0,6.708,467,0,0,6708,"1167,5","7875,5",-,"R$ 342,00","R$ 198.321,00","R$ 94.084,00","R$ 292.747,00",-,8,18800,25257,44065,0,"42,75","10,54898936","3,725066318","6,643526608","R$ 0,00","R$ 0,00","R$ 70.762,62","R$ 4.349,01","R$ 75.111,64",
3118304,Conselheiro Lafaiete,MG,119,0,0,0,119,0,0,0,"297,5","297,5",-,-,-,"R$ 8.984,00","R$ 8.984,00",-,-,-,1121,1121,0,0,0,"8,014272971","8,014272971","R$ 0,00","R$ 0,00","R$ 0,00","R$ 2.384,25","R$ 2.384,25",
3118403,Conselheiro Pena,MG,692,0,169,0,523,0,169,0,"1307,5","1476,5",-,"R$ 106.115,00","R$ 798,00","R$ 4.247,00","R$ 111.160,00",-,4340,84,281,4705,0,"24,45046083","9,5","15,113879","23,62592986","R$ 0,00","R$ 4.132,13","R$ 0,00","R$ 19.761,40","R$ 23.893,52",
3118502,Consolação,MG,28,0,0,0,28,0,0,0,70,70,-,-,-,"R$ 1.746,00","R$ 1.746,00",-,-,-,120,120,0,0,0,"14,55","14,55","R$ 0,00","R$ 0,00","R$ 0,00","R$ 1.018,50","R$ 1.018,50",
3118601,Contagem,MG,12,0,0,0,12,0,0,0,30,30,-,-,-,"R$ 42,00","R$ 42,00",-,-,-,2,2,0,0,0,21,21,"R$ 0,00","R$ 0,00","R$ 0,00","R$ 630,00","R$ 630,00",
3118700,Coqueiral,MG,28,0,0,0,28,0,0,0,70,70,-,"R$ 169.467,00","R$ 245,00","R$ 25.118,00","R$ 194.830,00",-,9000,32,4361,13393,0,"18,82966667","7,65625","5,759688145","14,5471515","R$ 0,00","R$ 0,00","R$ 0,00","R$ 403,18","R$ 403,18",
3118809,Coração de Jesus,MG,606,0,0,0,606,0,0,0,1515,1515,-,"R$ 161,00","R$ 7.920,00","R$ 30.180,00","R$ 38.261,00",-,9,1200,5012,6221,0,"17,88888889","6,6","6,021548284","6,15029738","R$ 0,00","R$ 0,00","R$ 0,00","R$ 9.122,65","R$ 9.122,65",
3118908,Cordisburgo,MG,419,0,0,0,419,0,0,0,"1047,5","1047,5",-,-,"R$ 708,00","R$ 5.704,00","R$ 6.412,00",-,-,66,224,290,0,0,"10,72727273","25,46428571","22,11034483","R$ 0,00","R$ 0,00","R$ 0,00","R$ 26.673,84","R$ 26.673,84",
3119005,Cordislândia,MG,71,0,0,0,71,0,0,0,"177,5","177,5",-,"R$ 53.748,00",-,"R$ 29.536,00","R$ 83.284,00",-,1780,-,5019,6799,0,"30,19550562",0,"5,884837617","12,24944845","R$ 0,00","R$ 0,00","R$ 0,00","R$ 1.044,56","R$ 1.044,56",
3119104,Corinto,MG,858,0,0,0,858,0,0,0,2145,2145,-,-,"R$ 162,00","R$ 23.292,00","R$ 23.454,00",-,-,25,2039,2064,0,0,"6,48","11,42324669","11,36337209","R$ 0,00","R$ 0,00","R$ 0,00","R$ 24.502,86","R$ 24.502,86",
3119203,Coroaci,MG,101,0,0,0,101,0,0,0,"252,5","252,5",-,"R$ 2.908,00","R$ 517,00","R$ 2.229,00","R$ 5.654,00",-,70,82,216,368,0,"41,54285714","6,304878049","10,31944444","15,36413043","R$ 0,00","R$ 0,00","R$ 0,00","R$ 2.605,66","R$ 2.605,66",
3119302,Coromandel,MG,13.147,0,8.466,0,4.681,0,8466,0,"11702,5","20168,5",-,"R$ 266.865,00","R$ 90,00","R$ 661.100,00","R$ 928.055,00",-,7810,11,119082,126903,0,"34,16965429","8,181818182","5,551636687","7,313105285","R$ 0,00","R$ 289.280,29","R$ 0,00","R$ 64.968,03","R$ 354.248,32",
3119401,Coronel Fabriciano,MG,191,0,0,0,191,0,0,0,"477,5","477,5",-,-,-,"R$ 390,00","R$ 390,00",-,-,-,20,20,0,0,0,"19,5","19,5","R$ 0,00","R$ 0,00","R$ 0,00","R$ 9.311,25","R$ 9.311,25",
3119500,Coronel Murta,MG,193,0,0,0,193,0,0,0,"482,5","482,5",-,-,"R$ 640,00","R$ 1.287,00","R$ 1.927,00",-,-,99,278,377,0,0,"6,464646465","4,629496403","5,111405836","R$ 0,00","R$ 0,00","R$ 0,00","R$ 2.233,73","R$ 2.233,73",
3119609,Coronel Pacheco,MG,56,0,0,0,56,0,0,0,140,140,-,-,-,"R$ 4.732,00","R$ 4.732,00",-,-,-,274,274,0,0,0,"17,27007299","17,27007299","R$ 0,00","R$ 0,00","R$ 0,00","R$ 2.417,81","R$ 2.417,81",
3119708,Coronel Xavier Chaves,MG,42,0,0,0,42,0,0,0,105,105,-,-,"R$ 919,00","R$ 24.356,00","R$ 25.275,00",-,-,71,1045,1116,0,0,"12,94366197","23,30717703","22,64784946","R$ 0,00","R$ 0,00","R$ 0,00","R$ 2.447,25","R$ 2.447,25",
3119807,Córrego Danta,MG,2,0,0,0,2,0,0,0,5,5,-,"R$ 30.566,00","R$ 592,00","R$ 4.957,00","R$ 36.115,00",-,950,74,811,1835,0,"32,17473684",8,"6,112207152","19,68119891","R$ 0,00","R$ 0,00","R$ 0,00","R$ 30,56","R$ 30,56",
3119906,Córrego do Bom Jesus,MG,41,0,0,0,41,0,0,0,"102,5","102,5",-,-,-,"R$ 4.529,00","R$ 4.529,00",-,-,-,161,161,0,0,0,"28,13043478","28,13043478","R$ 0,00","R$ 0,00","R$ 0,00","R$ 2.883,37","R$ 2.883,37",
3119955,Córrego Fundo,MG,286,0,169,0,117,0,169,0,"292,5","461,5",-,"R$ 7.045,00","R$ 1.563,00","R$ 7.624,00","R$ 16.232,00",-,255,154,1326,1735,0,"27,62745098","10,14935065","5,749622926","9,355619597","R$ 0,00","R$ 4.669,04","R$ 0,00","R$ 1.681,76","R$ 6.350,80",
3120003,Córrego Novo,MG,0,0,0,0,0,0,0,0,0,0,"R$ 68,00","R$ 890,00","R$ 428,00","R$ 778,00","R$ 2.164,00",10,35,60,181,286,"6,8","25,42857143","7,133333333","4,298342541","7,566433566","R$ 0,00","R$ 0,00","R$ 0,00","R$ 0,00","R$ 0,00",
3120102,Couto de Magalhães de Minas,MG,0,0,0,0,0,0,0,0,0,0,-,"R$ 42,00","R$ 42,00","R$ 459,00","R$ 543,00",-,2,5,93,100,0,21,"8,4","4,935483871","5,43","R$ 0,00","R$ 0,00","R$ 0,00","R$ 0,00","R$ 0,00",
3120151,Crisólita,MG,0,0,0,0,0,0,0,0,0,0,-,-,"R$ 89,00","R$ 866,00","R$ 955,00",-,-,17,82,99,0,0,"5,235294118","10,56097561","9,646464646","R$ 0,00","R$ 0,00","R$ 0,00","R$ 0,00","R$ 0,00",
3120201,Cristais,MG,658,0,174,0,484,0,174,0,1210,1384,-,"R$ 107.107,00","R$ 5.142,00","R$ 61.350,00","R$ 173.599,00",-,3580,580,9254,13414,0,"29,91815642","8,865517241","6,629565593","12,94162815","R$ 0,00","R$ 5.205,76","R$ 0,00","R$ 8.021,77","R$ 13.227,53",
3120300,Cristália,MG,80,0,11,0,69,0,11,0,"172,5","183,5","R$ 8,00","R$ 80,00","R$ 408,00","R$ 1.560,00","R$ 2.056,00",6,5,68,606,685,"1,333333333",16,6,"2,574257426","3,001459854","R$ 0,00","R$ 176,00","R$ 0,00","R$ 444,06","R$ 620,06",
3120409,Cristiano Otoni,MG,23,0,0,0,23,0,0,0,"57,5","57,5",-,-,-,"R$ 7.850,00","R$ 7.850,00",-,-,-,1138,1138,0,0,0,"6,898066784","6,898066784","R$ 0,00","R$ 0,00","R$ 0,00","R$ 396,64","R$ 396,64",
3120508,Cristina,MG,241,0,0,0,241,0,0,0,"602,5","602,5",-,"R$ 25.851,00",-,"R$ 37.678,00","R$ 63.529,00",-,760,-,1366,2126,0,"34,01447368",0,"27,58272328","29,88193791","R$ 0,00","R$ 0,00","R$ 0,00","R$ 16.618,59","R$ 16.618,59",
3120607,Crucilândia,MG,71,0,0,0,71,0,0,0,"177,5","177,5",-,-,"R$ 3.112,00","R$ 14.891,00","R$ 18.003,00",-,-,290,760,1050,0,0,"10,73103448","19,59342105","17,14571429","R$ 0,00","R$ 0,00","R$ 0,00","R$ 3.477,83","R$ 3.477,83",
3120706,Cruzeiro da Fortaleza,MG,177,0,2,0,175,0,2,0,"437,5","439,5",-,"R$ 27.367,00",-,"R$ 39.988,00","R$ 67.355,00",-,600,-,6255,6855,0,"45,61166667",0,"6,392965627","9,82567469","R$ 0,00","R$ 91,22","R$ 0,00","R$ 2.796,92","R$ 2.888,15",
3120805,Cruzília,MG,11,0,0,0,11,0,0,0,"27,5","27,5","R$ 6,00","R$ 5.467,00","R$ 92,00","R$ 32.779,00","R$ 38.344,00",2,179,10,4625,4816,3,"30,54189944","9,2","7,087351351","7,96179402","R$ 0,00","R$ 0,00","R$ 0,00","R$ 194,90","R$ 194,90",
3120839,Cuparaque,MG,449,0,384,0,65,0,384,0,"162,5","546,5","R$ 23,00","R$ 5.422,00","R$ 1.479,00","R$ 1.923,00","R$ 8.847,00",4,294,116,89,503,"5,75","18,44217687","12,75","21,60674157","17,58846918","R$ 0,00","R$ 7.081,80","R$ 0,00","R$ 3.511,10","R$ 10.592,89",
3120870,Curral de Dentro,MG,321,0,6,0,315,0,6,0,"787,5","793,5",-,"R$ 4.084,00","R$ 48,00","R$ 1.306,00","R$ 5.438,00",-,70,8,151,229,0,"58,34285714",6,"8,649006623","23,74672489","R$ 0,00","R$ 350,06","R$ 0,00","R$ 6.811,09","R$ 7.161,15",
3120904,Curvelo,MG,2.523,0,0,3,2.520,0,0,3,6300,6303,-,-,"R$ 3.648,00","R$ 31.686,00","R$ 35.334,00",-,-,480,3157,3637,0,0,"7,6","10,03674374","9,715149849","R$ 0,00","R$ 0,00","R$ 22,80","R$ 63.231,49","R$ 63.254,29",
3121001,Datas,MG,335,0,0,0,335,0,0,0,"837,5","837,5",-,"R$ 126,00","R$ 362,00","R$ 35.468,00","R$ 35.956,00",-,6,45,1105,1156,0,21,"8,044444444","32,09773756","31,10380623","R$ 0,00","R$ 0,00","R$ 0,00","R$ 26.881,86","R$ 26.881,86",
3121100,Delfim Moreira,MG,30,0,0,0,30,0,0,0,75,75,-,-,-,"R$ 12.990,00","R$ 12.990,00",-,-,-,351,351,0,0,0,"37,00854701","37,00854701","R$ 0,00","R$ 0,00","R$ 0,00","R$ 2.775,64","R$ 2.775,64",
3121209,Delfinópolis,MG,1.948,0,0,0,1.948,0,0,0,4870,4870,-,"R$ 10.264,00","R$ 20.022,00","R$ 374.045,00","R$ 404.331,00",-,350,1880,23531,25761,0,"29,32571429","10,65","15,89583953","15,6954699","R$ 0,00","R$ 0,00","R$ 0,00","R$ 77.412,74","R$ 77.412,74",
3121258,Delta,MG,4.693,0,0,4.693,0,0,0,4693,0,4693,-,-,"R$ 53.667,00","R$ 2.714,00","R$ 56.381,00",-,-,5340,338,5678,0,0,"10,05","8,029585799","9,929728778","R$ 0,00","R$ 0,00","R$ 47.164,65","R$ 0,00","R$ 47.164,65",
3121308,Descoberto,MG,43,0,0,0,43,0,0,0,"107,5","107,5",-,"R$ 43,00","R$ 294,00","R$ 2.028,00","R$ 2.365,00",-,1,36,104,141,0,43,"8,166666667","19,5","16,77304965","R$ 0,00","R$ 0,00","R$ 0,00","R$ 2.096,25","R$ 2.096,25",
3121407,Desterro de Entre Rios,MG,18,0,0,0,18,0,0,0,45,45,-,"R$ 2.318,00","R$ 832,00","R$ 22.828,00","R$ 25.978,00",-,82,104,2318,2504,0,"28,26829268",8,"9,848144953","10,37460064","R$ 0,00","R$ 0,00","R$ 0,00","R$ 443,17","R$ 443,17",
3121506,Desterro do Melo,MG,0,0,0,0,0,0,0,0,0,0,"R$ 19,00","R$ 378,00","R$ 250,00","R$ 8.344,00","R$ 8.991,00",5,10,30,936,981,"3,8","37,8","8,333333333","8,914529915","9,165137615","R$ 0,00","R$ 0,00","R$ 0,00","R$ 0,00","R$ 0,00",
3121605,Diamantina,MG,1.682,0,476,0,1.206,0,476,0,3015,3491,-,"R$ 40.324,00","R$ 448,00","R$ 6.627,00","R$ 47.399,00",-,618,62,817,1497,0,"65,24919094","7,225806452","8,111383109","31,66265865","R$ 0,00","R$ 31.058,61","R$ 0,00","R$ 24.455,82","R$ 55.514,43",
3121704,Diogo de Vasconcelos,MG,0,0,0,0,0,0,0,0,0,0,-,-,"R$ 194,00","R$ 1.830,00","R$ 2.024,00",-,-,25,463,488,0,0,"7,76","3,952483801","4,147540984","R$ 0,00","R$ 0,00","R$ 0,00","R$ 0,00","R$ 0,00",
3121803,Dionísio,MG,15,0,0,0,15,0,0,0,"37,5","37,5",-,-,"R$ 222,00","R$ 2.091,00","R$ 2.313,00",-,-,25,371,396,0,0,"8,88","5,636118598","5,840909091","R$ 0,00","R$ 0,00","R$ 0,00","R$ 211,35","R$ 211,35",
3121902,Divinésia,MG,25,0,0,0,25,0,0,0,"62,5","62,5",-,"R$ 2.939,00","R$ 383,00","R$ 2.678,00","R$ 6.000,00",-,120,45,201,366,0,"24,49166667","8,511111111","13,32338308","16,39344262","R$ 0,00","R$ 0,00","R$ 0,00","R$ 832,71","R$ 832,71",
3122009,Divino,MG,31,0,0,0,31,0,0,0,"77,5","77,5",-,"R$ 225.145,00","R$ 167,00","R$ 4.665,00","R$ 229.977,00",-,9800,25,853,10678,0,"22,97397959","6,68","5,468933177","21,5374602","R$ 0,00","R$ 0,00","R$ 0,00","R$ 423,84","R$ 423,84",
3122108,Divino das Laranjeiras,MG,42,0,0,0,42,0,0,0,105,105,-,"R$ 122,00","R$ 1.260,00","R$ 656,00","R$ 2.038,00",-,9,120,94,223,0,"13,55555556","10,5","6,978723404","9,139013453","R$ 0,00","R$ 0,00","R$ 0,00","R$ 732,77","R$ 732,77",
3122207,Divinolândia de Minas,MG,174,0,0,0,174,0,0,0,435,435,-,"R$ 902,00","R$ 309,00","R$ 626,00","R$ 1.837,00",-,40,41,121,202,0,"22,55","7,536585366","5,173553719","9,094059406","R$ 0,00","R$ 0,00","R$ 0,00","R$ 2.250,50","R$ 2.250,50",
3122306,Divinópolis,MG,325,0,0,0,325,0,0,0,"812,5","812,5",-,-,"R$ 185,00","R$ 4.802,00","R$ 4.987,00",-,-,25,402,427,0,0,"7,4","11,94527363","11,67915691","R$ 0,00","R$ 0,00","R$ 0,00","R$ 9.705,53","R$ 9.705,53",
3122355,Divisa Alegre,MG,222,0,44,0,178,0,44,0,445,489,-,"R$ 585,00",-,"R$ 219,00","R$ 804,00",-,40,-,24,64,0,"14,625",0,"9,125","12,5625","R$ 0,00","R$ 643,50","R$ 0,00","R$ 4.060,63","R$ 4.704,13",
3122405,Divisa Nova,MG,302,0,0,0,302,0,0,0,755,755,-,"R$ 89.161,00","R$ 6.971,00","R$ 27.229,00","R$ 123.361,00",-,2380,750,3742,6872,0,"37,46260504","9,294666667","7,276590059","17,95125146","R$ 0,00","R$ 0,00","R$ 0,00","R$ 5.493,83","R$ 5.493,83",
3122454,Divisópolis,MG,456,0,2,0,454,0,2,0,1135,1137,-,"R$ 22.552,00","R$ 174,00","R$ 2.393,00","R$ 25.119,00",-,818,29,121,968,0,"27,56968215",6,"19,7768595","25,94938017","R$ 0,00","R$ 55,14","R$ 0,00","R$ 22.446,74","R$ 22.501,87",
3122470,Dom Bosco,MG,1.761,0,0,0,1.761,0,0,0,"4402,5","4402,5",-,-,"R$ 386,00","R$ 15.960,00","R$ 16.346,00",-,-,46,2748,2794,0,0,"8,391304348","5,807860262","5,850393701","R$ 0,00","R$ 0,00","R$ 0,00","R$ 25.569,10","R$ 25.569,10",
3122504,Dom Cavati,MG,87,0,0,0,87,0,0,0,"217,5","217,5",-,"R$ 330,00","R$ 71,00","R$ 1.338,00","R$ 1.739,00",-,25,11,100,136,0,"13,2","6,454545455","13,38","12,78676471","R$ 0,00","R$ 0,00","R$ 0,00","R$ 2.910,15","R$ 2.910,15",
3122603,Dom Joaquim,MG,151,0,0,0,151,0,0,0,"377,5","377,5",-,"R$ 40,00","R$ 772,00","R$ 458,00","R$ 1.270,00",-,2,99,83,184,0,20,"7,797979798","5,518072289","6,902173913","R$ 0,00","R$ 0,00","R$ 0,00","R$ 2.083,07","R$ 2.083,07",
3122702,Dom Silvério,MG,67,0,0,0,67,0,0,0,"167,5","167,5",-,-,"R$ 294,00","R$ 234,00","R$ 528,00",-,-,29,63,92,0,0,"10,13793103","3,714285714","5,739130435","R$ 0,00","R$ 0,00","R$ 0,00","R$ 622,14","R$ 622,14",
3122801,Dom Viçoso,MG,19,0,0,0,19,0,0,0,"47,5","47,5",-,"R$ 7.890,00",-,"R$ 1.944,00","R$ 9.834,00",-,325,-,133,458,0,"24,27692308",0,"14,61654135","21,47161572","R$ 0,00","R$ 0,00","R$ 0,00","R$ 694,29","R$ 694,29",
3122900,Dona Eusébia,MG,544,0,0,0,544,0,0,0,1360,1360,-,-,-,"R$ 149,00","R$ 149,00",-,-,-,12,12,0,0,0,"12,41666667","12,41666667","R$ 0,00","R$ 0,00","R$ 0,00","R$ 16.886,67","R$ 16.886,67",
3123007,Dores de Campos,MG,0,0,0,0,0,0,0,0,0,0,-,-,-,"R$ 2.447,00","R$ 2.447,00",-,-,-,495,495,0,0,0,"4,943434343","4,943434343","R$ 0,00","R$ 0,00","R$ 0,00","R$ 0,00","R$ 0,00",
3123106,Dores de Guanhães,MG,32,0,0,0,32,0,0,0,80,80,-,-,"R$ 375,00","R$ 274,00","R$ 649,00",-,-,45,88,133,0,0,"8,333333333","3,113636364","4,879699248","R$ 0,00","R$ 0,00","R$ 0,00","R$ 249,09","R$ 249,09",
3123205,Dores do Indaiá,MG,193,0,0,0,193,0,0,0,"482,5","482,5",-,-,"R$ 168,00","R$ 56.538,00","R$ 56.706,00",-,-,18,8208,8226,0,0,"9,333333333","6,888157895","6,893508388","R$ 0,00","R$ 0,00","R$ 0,00","R$ 3.323,54","R$ 3.323,54",
3123304,Dores do Turvo,MG,0,0,0,0,0,0,0,0,0,0,-,"R$ 1.116,00","R$ 1.805,00","R$ 1.491,00","R$ 4.412,00",-,50,188,290,528,0,"22,32","9,60106383","5,14137931","8,356060606","R$ 0,00","R$ 0,00","R$ 0,00","R$ 0,00","R$ 0,00",
3123403,Doresópolis,MG,0,0,0,0,0,0,0,0,0,0,-,"R$ 7.387,00","R$ 2.697,00","R$ 1.799,00","R$ 11.883,00",-,260,310,285,855,0,"28,41153846","8,7","6,312280702","13,89824561","R$ 0,00","R$ 0,00","R$ 0,00","R$ 0,00","R$ 0,00",
3123502,Douradoquara,MG,0,0,0,0,0,0,0,0,0,0,-,-,"R$ 194,00","R$ 7.847,00","R$ 8.041,00",-,-,25,1259,1284,0,0,"7,76","6,232724384","6,262461059","R$ 0,00","R$ 0,00","R$ 0,00","R$ 0,00","R$ 0,00",
3123528,Durandé,MG,0,0,0,0,0,0,0,0,0,0,-,"R$ 144.220,00",-,"R$ 1.203,00","R$ 145.423,00",-,5225,-,290,5515,0,"27,60191388",0,"4,148275862","26,36863101","R$ 0,00","R$ 0,00","R$ 0,00","R$ 0,00","R$ 0,00",
3123601,Elói Mendes,MG,766,0,201,0,565,0,201,0,"1412,5","1613,5",-,"R$ 345.013,00","R$ 191,00","R$ 55.286,00","R$ 400.490,00",-,12542,30,8144,20716,0,"27,50861107","6,366666667","6,788555992","19,33240008","R$ 0,00","R$ 5.529,23","R$ 0,00","R$ 9.588,84","R$ 15.118,07",
3123700,Engenheiro Caldas,MG,135,0,0,0,135,0,0,0,"337,5","337,5",-,-,-,"R$ 3.078,00","R$ 3.078,00",-,-,-,98,98,0,0,0,"31,40816327","31,40816327","R$ 0,00","R$ 0,00","R$ 0,00","R$ 10.600,26","R$ 10.600,26",
3123809,Engenheiro Navarro,MG,552,0,0,0,552,0,0,0,1380,1380,"R$ 71,00","R$ 51,00","R$ 1.445,00","R$ 4.041,00","R$ 5.608,00",30,4,210,831,1075,"2,366666667","12,75","6,880952381","4,862815884","5,216744186","R$ 0,00","R$ 0,00","R$ 0,00","R$ 6.710,69","R$ 6.710,69",
3123858,Entre Folhas,MG,0,0,0,0,0,0,0,0,0,0,-,"R$ 9.504,00","R$ 143,00","R$ 2.308,00","R$ 11.955,00",-,360,21,520,901,0,"26,4","6,80952381","4,438461538","13,26859046","R$ 0,00","R$ 0,00","R$ 0,00","R$ 0,00","R$ 0,00",
3123908,Entre Rios de Minas,MG,24,0,0,0,24,0,0,0,60,60,-,"R$ 5.856,00","R$ 357,00","R$ 18.159,00","R$ 24.372,00",-,150,46,2932,3128,0,"39,04","7,760869565","6,193383356","7,791560102","R$ 0,00","R$ 0,00","R$ 0,00","R$ 371,60","R$ 371,60",
3124005,Ervália,MG,76,0,0,0,76,0,0,0,190,190,-,"R$ 144.738,00","R$ 564,00","R$ 23.809,00","R$ 169.111,00",-,5100,54,3628,8782,0,"28,38","10,44444444","6,562568908","19,25654748","R$ 0,00","R$ 0,00","R$ 0,00","R$ 1.246,89","R$ 1.246,89",
3124104,Esmeraldas,MG,270,0,0,0,270,0,0,0,675,675,-,"R$ 2.102,00","R$ 882,00","R$ 3.353,00","R$ 6.337,00",-,32,98,89,219,0,"65,6875",9,"37,6741573","28,93607306","R$ 0,00","R$ 0,00","R$ 0,00","R$ 25.430,06","R$ 25.430,06",
3124203,Espera Feliz,MG,98,0,0,0,98,0,0,0,245,245,-,"R$ 273.600,00","R$ 30,00","R$ 12.599,00","R$ 286.229,00",-,9500,4,2082,11586,0,"28,8","7,5","6,051392891","24,70472985","R$ 0,00","R$ 0,00","R$ 0,00","R$ 1.482,59","R$ 1.482,59",
3124302,Espinosa,MG,923,0,0,0,923,0,0,0,"2307,5","2307,5","R$ 4,00",-,"R$ 328,00","R$ 18.783,00","R$ 19.115,00",2,-,54,1274,1330,2,0,"6,074074074","14,7433281","14,37218045","R$ 0,00","R$ 0,00","R$ 0,00","R$ 34.020,23","R$ 34.020,23",
3124401,Espírito Santo do Dourado,MG,552,0,0,0,552,0,0,0,1380,1380,-,"R$ 15.737,00",-,"R$ 42.792,00","R$ 58.529,00",-,485,-,2233,2718,0,"32,44742268",0,"19,16345723","21,53384842","R$ 0,00","R$ 0,00","R$ 0,00","R$ 26.445,57","R$ 26.445,57",
3124500,Estiva,MG,689,0,0,0,689,0,0,0,"1722,5","1722,5",-,"R$ 82,00",-,"R$ 22.373,00","R$ 22.455,00",-,2,-,553,555,0,41,0,"40,45750452","40,45945946","R$ 0,00","R$ 0,00","R$ 0,00","R$ 69.688,05","R$ 69.688,05",
3124609,Estrela Dalva,MG,39,0,39,0,0,0,39,0,0,39,-,"R$ 2.364,00","R$ 351,00","R$ 849,00","R$ 3.564,00",-,43,41,71,155,0,"54,97674419","8,56097561","11,95774648","22,99354839","R$ 0,00","R$ 2.144,09","R$ 0,00","R$ 0,00","R$ 2.144,09",
3124708,Estrela do Indaiá,MG,243,0,0,0,243,0,0,0,"607,5","607,5",-,"R$ 7.020,00","R$ 9.841,00","R$ 41.164,00","R$ 58.025,00",-,200,900,6483,7583,0,"35,1","10,93444444","6,349529539","7,651984703","R$ 0,00","R$ 0,00","R$ 0,00","R$ 3.857,34","R$ 3.857,34",
3124807,Estrela do Sul,MG,3.654,0,1.995,0,1.659,0,1995,0,"4147,5","6142,5",-,"R$ 90.698,00",-,"R$ 110.019,00","R$ 200.717,00",-,2400,-,15979,18379,0,"37,79083333",0,"6,885224357","10,92099679","R$ 0,00","R$ 75.392,71","R$ 0,00","R$ 28.556,47","R$ 103.949,18",
3124906,Eugenópolis,MG,56,0,0,0,56,0,0,0,140,140,"R$ 6,00","R$ 52.112,00","R$ 264,00","R$ 1.230,00","R$ 53.612,00",3,1721,33,175,1932,2,"30,28006973",8,"7,028571429","27,7494824","R$ 0,00","R$ 0,00","R$ 0,00","R$ 984,00","R$ 984,00",
3125002,Ewbank da Câmara,MG,0,0,0,0,0,0,0,0,0,0,-,-,-,"R$ 56,00","R$ 56,00",-,-,-,16,16,0,0,0,"3,5","3,5","R$ 0,00","R$ 0,00","R$ 0,00","R$ 0,00","R$ 0,00",
3125101,Extrema,MG,116,0,0,0,116,0,0,0,290,290,-,"R$ 61,00",-,"R$ 11.701,00","R$ 11.762,00",-,2,-,479,481,0,"30,5",0,"24,42797495","24,45322245","R$ 0,00","R$ 0,00","R$ 0,00","R$ 7.084,11","R$ 7.084,11",
3125200,Fama,MG,144,0,0,0,144,0,0,0,360,360,-,"R$ 46.212,00",-,"R$ 3.750,00","R$ 49.962,00",-,1240,-,538,1778,0,"37,26774194",0,"6,970260223","28,10011249","R$ 0,00","R$ 0,00","R$ 0,00","R$ 2.509,29","R$ 2.509,29",
3125309,Faria Lemos,MG,0,0,0,0,0,0,0,0,0,0,-,"R$ 17.908,00","R$ 92,00","R$ 354,00","R$ 18.354,00",-,685,11,44,740,0,"26,14306569","8,363636364","8,045454545","24,8027027","R$ 0,00","R$ 0,00","R$ 0,00","R$ 0,00","R$ 0,00",
3125408,Felício dos Santos,MG,304,0,287,0,17,0,287,0,"42,5","329,5","R$ 59,00","R$ 16.830,00","R$ 887,00","R$ 8.911,00","R$ 26.687,00",10,297,93,1172,1572,"5,9","56,66666667","9,537634409","7,603242321","16,9764631","R$ 0,00","R$ 16.263,33","R$ 0,00","R$ 323,14","R$ 16.586,47",
3125507,São Gonçalo do Rio Preto,MG,57,0,19,0,38,0,19,0,95,114,-,"R$ 2.262,00","R$ 1.251,00","R$ 2.285,00","R$ 5.798,00",-,42,139,235,416,0,"53,85714286",9,"9,723404255","13,9375","R$ 0,00","R$ 1.023,29","R$ 0,00","R$ 923,72","R$ 1.947,01",
3125606,Felisburgo,MG,62,0,0,0,62,0,0,0,155,155,-,"R$ 296,00","R$ 141,00","R$ 1.329,00","R$ 1.766,00",-,11,19,191,221,0,"26,90909091","7,421052632","6,958115183","7,990950226","R$ 0,00","R$ 0,00","R$ 0,00","R$ 1.078,51","R$ 1.078,51",
3125705,Felixlândia,MG,1.186,0,0,0,1.186,0,0,0,2965,2965,-,-,"R$ 1.105,00","R$ 19.413,00","R$ 20.518,00",-,-,130,2945,3075,0,0,"8,5","6,591850594","6,672520325","R$ 0,00","R$ 0,00","R$ 0,00","R$ 19.544,84","R$ 19.544,84",
3125804,Fernandes Tourinho,MG,52,0,0,0,52,0,0,0,130,130,-,-,-,"R$ 1.452,00","R$ 1.452,00",-,-,-,130,130,0,0,0,"11,16923077","11,16923077","R$ 0,00","R$ 0,00","R$ 0,00","R$ 1.452,00","R$ 1.452,00",
3125903,Ferros,MG,369,0,0,0,369,0,0,0,"922,5","922,5",-,"R$ 980,00","R$ 2.138,00","R$ 2.769,00","R$ 5.887,00",-,39,300,473,812,0,"25,12820513","7,126666667","5,854122622","7,25","R$ 0,00","R$ 0,00","R$ 0,00","R$ 5.400,43","R$ 5.400,43",
3125952,Fervedouro,MG,13,0,0,0,13,0,0,0,"32,5","32,5",-,"R$ 95.777,00","R$ 122,00","R$ 3.523,00","R$ 99.422,00",-,3100,15,655,3770,0,"30,89580645","8,133333333","5,378625954","26,37188329","R$ 0,00","R$ 0,00","R$ 0,00","R$ 174,81","R$ 174,81",
3126000,Florestal,MG,92,0,0,0,92,0,0,0,230,230,-,-,"R$ 124,00","R$ 2.570,00","R$ 2.694,00",-,-,12,113,125,0,0,"10,33333333","22,74336283","21,552","R$ 0,00","R$ 0,00","R$ 0,00","R$ 5.230,97","R$ 5.230,97",
3126109,Formiga,MG,4.356,0,742,0,3.614,0,742,0,9035,9777,-,"R$ 113.362,00","R$ 329,00","R$ 211.736,00","R$ 325.427,00",-,2785,37,31150,33972,0,"40,70448833","8,891891892","6,797303371","9,579271164","R$ 0,00","R$ 30.202,73","R$ 0,00","R$ 61.413,64","R$ 91.616,37",
3126208,Formoso,MG,3.228,0,180,0,3.048,0,180,0,7620,7800,-,"R$ 81.000,00","R$ 144,00","R$ 307.346,00","R$ 388.490,00",-,1000,21,40792,41813,0,81,"6,857142857","7,534467543","9,291129553","R$ 0,00","R$ 14.580,00","R$ 0,00","R$ 57.412,64","R$ 71.992,64",
3126307,Fortaleza de Minas,MG,25,0,0,0,25,0,0,0,"62,5","62,5",-,"R$ 40.363,00","R$ 106,00","R$ 19.568,00","R$ 60.037,00",-,1270,15,919,2204,0,"31,78188976","7,066666667","21,29270947","27,24001815","R$ 0,00","R$ 0,00","R$ 0,00","R$ 1.330,79","R$ 1.330,79",
3126406,Fortuna de Minas,MG,1,0,0,0,1,0,0,0,"2,5","2,5","R$ 14,00",-,"R$ 103,00","R$ 4.242,00","R$ 4.359,00",2,-,9,51,62,7,0,"11,44444444","83,17647059","70,30645161","R$ 0,00","R$ 0,00","R$ 0,00","R$ 207,94","R$ 207,94",
3126505,Francisco Badaró,MG,232,0,0,0,232,0,0,0,580,580,-,-,"R$ 244,00","R$ 968,00","R$ 1.212,00",-,-,37,388,425,0,0,"6,594594595","2,494845361","2,851764706","R$ 0,00","R$ 0,00","R$ 0,00","R$ 1.447,01","R$ 1.447,01",
3126604,Francisco Dumont,MG,411,0,0,0,411,0,0,0,"1027,5","1027,5",-,"R$ 17.391,00","R$ 90,00","R$ 1.036,00","R$ 18.517,00",-,300,15,173,488,0,"57,97",6,"5,988439306","37,94467213","R$ 0,00","R$ 0,00","R$ 0,00","R$ 6.153,12","R$ 6.153,12",
3126703,Francisco Sá,MG,2.127,0,0,0,2.126,0,0,0,5315,5315,"R$ 4,00",-,"R$ 960,00","R$ 27.539,00","R$ 28.503,00",2,-,160,1651,1813,2,0,6,"16,68019382","15,72145615","R$ 0,00","R$ 0,00","R$ 0,00","R$ 88.655,23","R$ 88.655,23",
3126752,Franciscópolis,MG,14,0,0,0,14,0,0,0,35,35,-,"R$ 1.561,00","R$ 389,00","R$ 2.294,00","R$ 4.244,00",-,90,64,608,762,0,"17,34444444","6,078125","3,773026316","5,569553806","R$ 0,00","R$ 0,00","R$ 0,00","R$ 132,06","R$ 132,06",
3126802,Frei Gaspar,MG,180,0,3,0,177,0,3,0,"442,5","445,5",-,"R$ 1.543,00","R$ 389,00","R$ 1.885,00","R$ 3.817,00",-,43,54,160,257,0,"35,88372093","7,203703704","11,78125","14,85214008","R$ 0,00","R$ 107,65","R$ 0,00","R$ 5.213,20","R$ 5.320,85",
3126901,Frei Inocêncio,MG,583,0,0,0,583,0,0,0,"1457,5","1457,5",-,-,-,"R$ 1.198,00","R$ 1.198,00",-,-,-,184,184,0,0,0,"6,510869565","6,510869565","R$ 0,00","R$ 0,00","R$ 0,00","R$ 9.489,59","R$ 9.489,59",
3126950,Frei Lagonegro,MG,1,0,0,0,1,0,0,0,"2,5","2,5",-,"R$ 120,00","R$ 390,00","R$ 2.581,00","R$ 3.091,00",-,5,57,465,527,0,24,"6,842105263","5,550537634","5,865275142","R$ 0,00","R$ 0,00","R$ 0,00","R$ 13,88","R$ 13,88",
3127008,Fronteira,MG,1.964,0,0,1.664,300,0,0,1664,750,2414,-,-,"R$ 16.624,00","R$ 50.337,00","R$ 66.961,00",-,-,1250,1494,2744,0,0,"13,2992","33,69277108","24,40269679","R$ 0,00","R$ 0,00","R$ 22.129,87","R$ 25.269,58","R$ 47.399,45",
3127057,Fronteira dos Vales,MG,0,0,0,0,0,0,0,0,0,0,-,-,"R$ 125,00","R$ 247,00","R$ 372,00",-,-,13,27,40,0,0,"9,615384615","9,148148148","9,3","R$ 0,00","R$ 0,00","R$ 0,00","R$ 0,00","R$ 0,00",
3127073,Fruta de Leite,MG,52,0,0,0,52,0,0,0,130,130,-,-,"R$ 480,00","R$ 689,00","R$ 1.169,00",-,-,79,71,150,0,0,"6,075949367","9,704225352","7,793333333","R$ 0,00","R$ 0,00","R$ 0,00","R$ 1.261,55","R$ 1.261,55",
3127107,Frutal,MG,22.690,0,0,19.891,2.799,0,0,19891,"6997,5","26888,5",-,-,"R$ 709.280,00","R$ 501.512,00","R$ 1.210.792,00",-,-,68000,47627,115627,0,0,"10,43058824","10,52999349","10,47153347","R$ 0,00","R$ 0,00","R$ 207.474,83","R$ 73.683,63","R$ 281.158,46",
3127206,Funilândia,MG,338,0,0,0,338,0,0,0,845,845,-,-,"R$ 162,00","R$ 3.104,00","R$ 3.266,00",-,-,29,416,445,0,0,"5,586206897","7,461538462","7,339325843","R$ 0,00","R$ 0,00","R$ 0,00","R$ 6.305,00","R$ 6.305,00",
3127305,Galiléia,MG,192,0,9,0,183,0,9,0,"457,5","466,5",-,"R$ 981,00","R$ 398,00","R$ 1.109,00","R$ 2.488,00",-,30,37,227,294,0,"32,7","10,75675676","4,885462555","8,462585034","R$ 0,00","R$ 294,30","R$ 0,00","R$ 2.235,10","R$ 2.529,40",
3127339,Gameleiras,MG,290,0,0,0,291,0,0,0,"727,5","727,5","R$ 20,00",-,-,"R$ 723,00","R$ 743,00",7,-,-,375,382,"2,857142857",0,0,"1,928","1,945026178","R$ 0,00","R$ 0,00","R$ 0,00","R$ 1.402,62","R$ 1.402,62",
3127354,Glaucilândia,MG,92,0,0,0,92,0,0,0,230,230,-,-,"R$ 42,00","R$ 2.458,00","R$ 2.500,00",-,-,7,336,343,0,0,6,"7,31547619","7,288629738","R$ 0,00","R$ 0,00","R$ 0,00","R$ 1.682,56","R$ 1.682,56",
3127370,Goiabeira,MG,0,0,0,0,0,0,0,0,0,0,-,-,"R$ 958,00","R$ 936,00","R$ 1.894,00",-,-,95,36,131,0,0,"10,08421053",26,"14,45801527","R$ 0,00","R$ 0,00","R$ 0,00","R$ 0,00","R$ 0,00",
3127388,Goianá,MG,21,0,0,0,21,0,0,0,"52,5","52,5",-,-,"R$ 101,00","R$ 944,00","R$ 1.045,00",-,-,13,80,93,0,0,"7,769230769","11,8","11,23655914","R$ 0,00","R$ 0,00","R$ 0,00","R$ 619,50","R$ 619,50",
3127404,Gonçalves,MG,70,0,0,0,70,0,0,0,175,175,-,-,"R$ 67,00","R$ 9.724,00","R$ 9.791,00",-,-,7,467,474,0,0,"9,571428571","20,82226981","20,65611814","R$ 0,00","R$ 0,00","R$ 0,00","R$ 3.643,90","R$ 3.643,90",
3127503,Gonzaga,MG,178,0,0,0,178,0,0,0,445,445,-,-,"R$ 73,00","R$ 1.178,00","R$ 1.251,00",-,-,12,233,245,0,0,"6,083333333","5,055793991","5,106122449","R$ 0,00","R$ 0,00","R$ 0,00","R$ 2.249,83","R$ 2.249,83",
3127602,Gouveia,MG,322,0,0,0,322,0,0,0,805,805,-,-,-,"R$ 8.670,00","R$ 8.670,00",-,-,-,357,357,0,0,0,"24,28571429","24,28571429","R$ 0,00","R$ 0,00","R$ 0,00","R$ 19.550,00","R$ 19.550,00",
3127701,Governador Valadares,MG,1.091,0,0,0,1091,0,0,0,"2727,5","2727,5",-,-,"R$ 749,00","R$ 10.094,00","R$ 10.843,00",-,-,116,473,589,0,0,"6,456896552","21,34038055","18,40916808","R$ 0,00","R$ 0,00","R$ 0,00","R$ 58.205,89","R$ 58.205,89",
3127800,Grão Mogol,MG,781,0,0,0,781,0,0,0,"1952,5","1952,5","R$ 94,00","R$ 3.924,00","R$ 984,00","R$ 11.702,00","R$ 16.704,00",40,90,164,3112,3406,"2,35","43,6",6,"3,760282776","4,904286553","R$ 0,00","R$ 0,00","R$ 0,00","R$ 7.341,95","R$ 7.341,95",
3127909,Grupiara,MG,0,0,0,0,0,0,0,0,0,0,-,-,-,"R$ 13.998,00","R$ 13.998,00",-,-,-,2219,2219,0,0,0,"6,308246958","6,308246958","R$ 0,00","R$ 0,00","R$ 0,00","R$ 0,00","R$ 0,00",
3128006,Guanhães,MG,1.047,0,0,0,1.047,0,0,0,"2617,5","2617,5",-,-,"R$ 653,00","R$ 1.713,00","R$ 2.366,00",-,-,107,263,370,0,0,"6,102803738","6,513307985","6,394594595","R$ 0,00","R$ 0,00","R$ 0,00","R$ 17.048,58","R$ 17.048,58",
3128105,Guapé,MG,1.412,0,388,0,1025,0,388,0,"2562,5","2950,5",-,"R$ 323.361,00","R$ 395,00","R$ 50.510,00","R$ 374.266,00",-,9100,52,7532,16684,0,"35,53417582","7,596153846","6,706054169","22,43263006","R$ 0,00","R$ 13.787,26","R$ 0,00","R$ 17.184,26","R$ 30.971,52",
3128204,Guaraciaba,MG,116,0,0,0,116,0,0,0,290,290,"R$ 67,00","R$ 4.927,00","R$ 1.190,00","R$ 6.816,00","R$ 13.000,00",10,130,134,1673,1947,"6,7","37,9","8,880597015","4,07411835","6,67693888","R$ 0,00","R$ 0,00","R$ 0,00","R$ 1.181,49","R$ 1.181,49",
3128253,Guaraciama,MG,104,0,0,0,104,0,0,0,260,260,-,-,"R$ 198,00","R$ 465,00","R$ 663,00",-,-,33,236,269,0,0,6,"1,970338983","2,464684015","R$ 0,00","R$ 0,00","R$ 0,00","R$ 512,29","R$ 512,29",
3128303,Guaranésia,MG,1.015,0,39,802,175,0,39,802,"437,5","1278,5",-,"R$ 109.290,00","R$ 4.775,00","R$ 5.657,00","R$ 119.722,00",-,4200,464,705,5369,0,"26,02142857","10,29094828","8,024113475","22,2987521","R$ 0,00","R$ 1.014,84","R$ 8.253,34","R$ 3.510,55","R$ 12.778,73",
3128402,Guarani,MG,169,0,0,0,169,0,0,0,"422,5","422,5",-,"R$ 1.187,00","R$ 147,00","R$ 3.196,00","R$ 4.530,00",-,58,15,194,267,0,"20,46551724","9,8","16,4742268","16,96629213","R$ 0,00","R$ 0,00","R$ 0,00","R$ 6.960,36","R$ 6.960,36",
3128501,Guarará,MG,0,0,0,0,0,0,0,0,0,0,-,"R$ 342,00","R$ 148,00","R$ 438,00","R$ 928,00",-,14,20,44,78,0,"24,42857143","7,4","9,954545455","11,8974359","R$ 0,00","R$ 0,00","R$ 0,00","R$ 0,00","R$ 0,00",
3128600,Guarda-Mor,MG,12.299,0,372,0,11.927,0,372,0,"29817,5","30189,5",-,"R$ 13.489,00","R$ 64,00","R$ 697.099,00","R$ 710.652,00",-,354,8,125193,125555,0,"38,10451977",8,"5,568194707","5,660085222","R$ 0,00","R$ 14.174,88","R$ 0,00","R$ 166.029,65","R$ 180.204,53",
3128709,Guaxupé,MG,87,0,0,0,87,0,0,0,"217,5","217,5",-,"R$ 112.079,00","R$ 3.608,00","R$ 13.094,00","R$ 128.781,00",-,3950,370,1900,6220,0,"28,37443038","9,751351351","6,891578947","20,70434084","R$ 0,00","R$ 0,00","R$ 0,00","R$ 1.498,92","R$ 1.498,92",
3128808,Guidoval,MG,296,0,0,0,296,0,0,0,740,740,-,-,"R$ 142,00","R$ 7.538,00","R$ 7.680,00",-,-,11,406,417,0,0,"12,90909091","18,56650246","18,41726619","R$ 0,00","R$ 0,00","R$ 0,00","R$ 13.739,21","R$ 13.739,21",
3128907,Guimarânia,MG,994,0,270,0,725,0,270,0,"1812,5","2082,5",-,"R$ 154.238,00","R$ 27,00","R$ 91.307,00","R$ 245.572,00",-,4100,4,11181,15285,0,"37,61902439","6,75","8,166264198","16,0662087","R$ 0,00","R$ 10.157,14","R$ 0,00","R$ 14.801,35","R$ 24.958,49",
3129004,Guiricema,MG,312,0,0,0,312,0,0,0,780,780,-,"R$ 6.365,00","R$ 282,00","R$ 11.276,00","R$ 17.923,00",-,200,38,534,772,0,"31,825","7,421052632","21,11610487","23,21632124","R$ 0,00","R$ 0,00","R$ 0,00","R$ 16.470,56","R$ 16.470,56",
3129103,Gurinhatã,MG,2.523,0,0,2.173,350,0,0,2173,875,3048,"R$ 27,00",-,"R$ 174.900,00","R$ 44.862,00","R$ 219.789,00",10,-,11000,4693,15703,"2,7",0,"15,9","9,559343703","13,99662485","R$ 0,00","R$ 0,00","R$ 34.550,70","R$ 8.364,43","R$ 42.915,13",
3129202,Heliodora,MG,230,230,0,0,0,460,0,0,0,460,"R$ 4.095,00","R$ 109.566,00","R$ 285,00","R$ 10.307,00","R$ 124.253,00",300,3185,25,1047,4557,"13,65","34,40062794","11,4","9,844317096","27,26640334","R$ 6.279,00","R$ 0,00","R$ 0,00","R$ 0,00","R$ 6.279,00",
3129301,Iapu,MG,452,0,0,0,452,0,0,0,1130,1130,-,"R$ 8.528,00","R$ 112,00","R$ 12.666,00","R$ 21.306,00",-,304,16,210,530,0,"28,05263158",7,"60,31428571","40,2","R$ 0,00","R$ 0,00","R$ 0,00","R$ 68.155,14","R$ 68.155,14",
3129400,Ibertioga,MG,65,0,0,0,65,0,0,0,"162,5","162,5",-,-,"R$ 88,00","R$ 26.794,00","R$ 26.882,00",-,-,11,3858,3869,0,0,8,"6,945049248","6,948048591","R$ 0,00","R$ 0,00","R$ 0,00","R$ 1.128,57","R$ 1.128,57",
3129509,Ibiá,MG,6.737,0,891,0,5.846,0,891,0,14615,15506,-,"R$ 192.412,00",-,"R$ 641.509,00","R$ 833.921,00",-,5550,-,95307,100857,0,"34,66882883",0,"6,73097464","8,268350238","R$ 0,00","R$ 30.889,93","R$ 0,00","R$ 98.373,19","R$ 129.263,12",
3129608,Ibiaí,MG,1.680,0,707,0,973,0,707,0,"2432,5","3139,5","R$ 234,00",-,"R$ 163,00","R$ 34.734,00","R$ 35.131,00",120,-,17,4494,4631,"1,95",0,"9,588235294","7,728971963","7,586050529","R$ 0,00","R$ 0,00","R$ 0,00","R$ 18.800,72","R$ 18.800,72",
3129657,Ibiracatu,MG,21,0,0,0,21,0,0,0,"52,5","52,5",-,-,"R$ 493,00","R$ 774,00","R$ 1.267,00",-,-,74,394,468,0,0,"6,662162162","1,964467005","2,707264957","R$ 0,00","R$ 0,00","R$ 0,00","R$ 103,13","R$ 103,13",
3129707,Ibiraci,MG,862,0,41,0,821,0,41,0,"2052,5","2093,5",-,"R$ 676.836,00",-,"R$ 38.421,00","R$ 715.257,00",-,15800,-,1845,17645,0,"42,83772152",0,"20,82439024","40,5359592","R$ 0,00","R$ 1.756,35","R$ 0,00","R$ 42.742,06","R$ 44.498,41",
3129806,Ibirité,MG,206,0,0,0,206,0,0,0,515,515,-,-,-,"R$ 619,00","R$ 619,00",-,-,-,18,18,0,0,0,"34,38888889","34,38888889","R$ 0,00","R$ 0,00","R$ 0,00","R$ 17.710,28","R$ 17.710,28",
3129905,Ibitiúra de Minas,MG,0,0,0,0,0,0,0,0,0,0,-,"R$ 43.382,00",-,"R$ 1.125,00","R$ 44.507,00",-,1510,-,60,1570,0,"28,72980132",0,"18,75","28,34840764","R$ 0,00","R$ 0,00","R$ 0,00","R$ 0,00","R$ 0,00",
3130002,Ibituruna,MG,0,0,0,0,0,0,0,0,0,0,-,"R$ 21.233,00",-,"R$ 5.028,00","R$ 26.261,00",-,600,-,701,1301,0,"35,38833333",0,"7,172610556","20,18524212","R$ 0,00","R$ 0,00","R$ 0,00","R$ 0,00","R$ 0,00",
3130051,Icaraí de Minas,MG,295,0,0,0,295,0,0,0,"737,5","737,5","R$ 14,00",-,"R$ 1.624,00","R$ 2.245,00","R$ 3.883,00",5,-,246,533,784,"2,8",0,"6,601626016","4,212007505","4,952806122","R$ 0,00","R$ 0,00","R$ 0,00","R$ 3.106,36","R$ 3.106,36",
3130101,Igarapé,MG,386,0,0,0,386,0,0,0,965,965,-,"R$ 125,00","R$ 200,00","R$ 7.561,00","R$ 7.886,00",-,10,21,122,153,0,"12,5","9,523809524","61,97540984","51,54248366","R$ 0,00","R$ 0,00","R$ 0,00","R$ 59.806,27","R$ 59.806,27",
3130200,Igaratinga,MG,44,0,0,0,44,0,0,0,110,110,-,-,-,"R$ 441,00","R$ 441,00",-,-,-,75,75,0,0,0,"5,88","5,88","R$ 0,00","R$ 0,00","R$ 0,00","R$ 646,80","R$ 646,80",
3130309,Iguatama,MG,765,0,0,86,678,0,0,86,1695,1781,-,-,"R$ 66.185,00","R$ 69.886,00","R$ 136.071,00",-,-,6860,13715,20575,0,0,"9,647959184","5,095588771","6,613414338","R$ 0,00","R$ 0,00","R$ 829,72","R$ 8.637,02","R$ 9.466,75",
3130408,Ijaci,MG,55,0,10,0,45,0,10,0,"112,5","122,5",-,"R$ 8.815,00","R$ 81,00","R$ 5.123,00","R$ 14.019,00",-,200,10,713,923,0,"44,075","8,1","7,18513324","15,18851571","R$ 0,00","R$ 440,75","R$ 0,00","R$ 808,33","R$ 1.249,08",
3130507,Ilicínea,MG,4,0,0,0,4,0,0,0,10,10,-,"R$ 198.047,00",-,"R$ 7.415,00","R$ 205.462,00",-,6970,-,1143,8113,0,"28,41420373",0,"6,487314086","25,3250339","R$ 0,00","R$ 0,00","R$ 0,00","R$ 64,87","R$ 64,87",
3130556,Imbé de Minas,MG,356,0,0,0,356,0,0,0,890,890,-,"R$ 93.177,00",-,"R$ 20.693,00","R$ 113.870,00",-,3400,-,1282,4682,0,"27,405",0,"16,14118565","24,32080308","R$ 0,00","R$ 0,00","R$ 0,00","R$ 14.365,66","R$ 14.365,66",
3130606,Inconfidentes,MG,37,0,0,0,37,0,0,0,"92,5","92,5",-,"R$ 120.599,00",-,"R$ 11.084,00","R$ 131.683,00",-,3025,-,656,3681,0,"39,86743802",0,"16,89634146","35,7737028","R$ 0,00","R$ 0,00","R$ 0,00","R$ 1.562,91","R$ 1.562,91",
3130655,Indaiabira,MG,832,0,180,0,652,0,180,0,1630,1810,"R$ 10,00","R$ 29.109,00","R$ 2.960,00","R$ 5.682,00","R$ 37.761,00",5,540,410,1342,2297,2,"53,90555556","7,219512195","4,233979136","16,43926861","R$ 0,00","R$ 9.703,00","R$ 0,00","R$ 6.901,39","R$ 16.604,39",
3130705,Indianópolis,MG,9.057,0,5.161,0,3.896,0,5161,0,9740,14901,-,"R$ 180.771,00","R$ 99,00","R$ 273.169,00","R$ 454.039,00",-,4570,9,36054,40633,0,"39,55601751",11,"7,576662784","11,17414417","R$ 0,00","R$ 204.148,61","R$ 0,00","R$ 73.796,70","R$ 277.945,30",
3130804,Ingaí,MG,0,0,0,0,0,0,0,0,0,0,-,"R$ 15.052,00",-,"R$ 63.805,00","R$ 78.857,00",-,438,-,8210,8648,0,"34,3652968",0,"7,771619976","9,118524514","R$ 0,00","R$ 0,00","R$ 0,00","R$ 0,00","R$ 0,00",
3130903,Inhapim,MG,664,0,0,0,664,0,0,0,1660,1660,-,"R$ 91.290,00","R$ 438,00","R$ 36.923,00","R$ 128.651,00",-,3580,74,1845,5499,0,"25,5","5,918918919","20,01246612","23,39534461","R$ 0,00","R$ 0,00","R$ 0,00","R$ 33.220,69","R$ 33.220,69",
3131000,Inhaúma,MG,598,0,0,0,598,0,0,0,1495,1495,-,-,"R$ 133,00","R$ 7.582,00","R$ 7.715,00",-,-,14,1232,1246,0,0,"9,5","6,154220779","6,191813804","R$ 0,00","R$ 0,00","R$ 0,00","R$ 9.200,56","R$ 9.200,56",
3131109,Inimutaba,MG,130,0,0,0,130,0,0,0,325,325,-,-,-,"R$ 1.443,00","R$ 1.443,00",-,-,-,55,55,0,0,0,"26,23636364","26,23636364","R$ 0,00","R$ 0,00","R$ 0,00","R$ 8.526,82","R$ 8.526,82",
3131158,Ipaba,MG,0,0,0,0,0,0,0,0,0,0,-,-,"R$ 38,00","R$ 1.328,00","R$ 1.366,00",-,-,5,326,331,0,0,"7,6","4,073619632","4,126888218","R$ 0,00","R$ 0,00","R$ 0,00","R$ 0,00","R$ 0,00",
3131208,Ipanema,MG,239,0,15,0,224,0,15,0,560,575,"R$ 12,00","R$ 12.015,00","R$ 72,00","R$ 2.397,00","R$ 14.496,00",4,302,8,382,696,3,"39,78476821",9,"6,27486911","20,82758621","R$ 0,00","R$ 596,77","R$ 0,00","R$ 3.513,93","R$ 4.110,70",
3131307,Ipatinga,MG,163,0,0,0,163,0,0,0,"407,5","407,5",-,-,"R$ 17,00","R$ 800,00","R$ 817,00",-,-,2,29,31,0,0,"8,5","27,5862069","26,35483871","R$ 0,00","R$ 0,00","R$ 0,00","R$ 11.241,38","R$ 11.241,38",
3131406,Ipiaçu,MG,551,0,0,355,197,0,0,355,"492,5","847,5",-,-,"R$ 80.370,00","R$ 58.778,00","R$ 139.148,00",-,-,5000,18596,23596,0,0,"16,074","3,160787266","5,897101204","R$ 0,00","R$ 0,00","R$ 5.706,27","R$ 1.556,69","R$ 7.262,96",
3131505,Ipuiúna,MG,399,0,0,0,399,0,0,0,"997,5","997,5",-,-,-,"R$ 189.558,00","R$ 189.558,00",-,-,-,2849,2849,0,0,0,"66,53492453","66,53492453","R$ 0,00","R$ 0,00","R$ 0,00","R$ 66.368,59","R$ 66.368,59",
3131604,Iraí de Minas,MG,2.028,0,383,0,1.645,0,383,0,"4112,5","4495,5",-,"R$ 64.365,00",-,"R$ 97.474,00","R$ 161.839,00",-,1158,-,9864,11022,0,"55,58290155",0,"9,881792376","14,68326982","R$ 0,00","R$ 21.288,25","R$ 0,00","R$ 40.638,87","R$ 61.927,12",
3131703,Itabira,MG,314,0,0,0,314,0,0,0,785,785,-,"R$ 125,00","R$ 935,00","R$ 2.000,00","R$ 3.060,00",-,6,85,118,209,0,"20,83333333",11,"16,94915254","14,64114833","R$ 0,00","R$ 0,00","R$ 0,00","R$ 13.305,08","R$ 13.305,08",
3131802,Itabirinha,MG,332,0,43,0,289,0,43,0,"722,5","765,5","R$ 5,00","R$ 4.481,00","R$ 274,00","R$ 1.291,00","R$ 6.051,00",1,159,24,101,285,5,"28,18238994","11,41666667","12,78217822","21,23157895","R$ 0,00","R$ 1.211,84","R$ 0,00","R$ 9.235,12","R$ 10.446,97",
3131901,Itabirito,MG,68,0,0,0,68,0,0,0,170,170,-,-,"R$ 369,00","R$ 1.805,00","R$ 2.174,00",-,-,45,197,242,0,0,"8,2","9,162436548","8,983471074","R$ 0,00","R$ 0,00","R$ 0,00","R$ 1.557,61","R$ 1.557,61",
3132008,Itacambira,MG,126,0,0,0,126,0,0,0,315,315,"R$ 53,00","R$ 40,00","R$ 102,00","R$ 979,00","R$ 1.174,00",50,4,17,382,453,"1,06",10,6,"2,562827225","2,591611479","R$ 0,00","R$ 0,00","R$ 0,00","R$ 807,29","R$ 807,29",
3132107,Itacarambi,MG,5.339,0,0,0,5.339,0,0,0,"13347,5","13347,5",-,-,"R$ 211,00","R$ 39.191,00","R$ 39.402,00",-,-,33,3176,3209,0,0,"6,393939394","12,33973552","12,27859146","R$ 0,00","R$ 0,00","R$ 0,00","R$ 164.704,62","R$ 164.704,62",
3132206,Itaguara,MG,54,0,0,0,54,0,0,0,135,135,-,"R$ 255,00","R$ 6.199,00","R$ 10.853,00","R$ 17.307,00",-,13,420,1012,1445,0,"19,61538462","14,75952381","10,7243083","11,97716263","R$ 0,00","R$ 0,00","R$ 0,00","R$ 1.447,78","R$ 1.447,78",
3132305,Itaipé,MG,292,0,0,0,292,0,0,0,730,730,-,"R$ 6.939,00","R$ 678,00","R$ 4.240,00","R$ 11.857,00",-,400,102,682,1184,0,"17,3475","6,647058824","6,217008798","10,01435811","R$ 0,00","R$ 0,00","R$ 0,00","R$ 4.538,42","R$ 4.538,42",
3132404,Itajubá,MG,103,0,0,0,103,0,0,0,"257,5","257,5",-,"R$ 649,00","R$ 166,00","R$ 9.557,00","R$ 10.372,00",-,29,10,316,355,0,"22,37931034","16,6","30,24367089","29,21690141","R$ 0,00","R$ 0,00","R$ 0,00","R$ 7.787,75","R$ 7.787,75",
3132503,Itamarandiba,MG,1.115,0,495,0,620,0,495,0,1550,2045,"R$ 8,00","R$ 23.027,00","R$ 1.280,00","R$ 5.834,00","R$ 30.149,00",3,539,160,1544,2246,"2,666666667","42,72170686",8,"3,778497409","13,42341941","R$ 0,00","R$ 21.147,24","R$ 0,00","R$ 5.856,67","R$ 27.003,92",
3132602,Itamarati de Minas,MG,44,0,0,0,44,0,0,0,110,110,-,"R$ 1.683,00",-,"R$ 1.819,00","R$ 3.502,00",-,66,-,102,168,0,"25,5",0,"17,83333333","20,8452381","R$ 0,00","R$ 0,00","R$ 0,00","R$ 1.961,67","R$ 1.961,67",
3132701,Itambacuri,MG,343,0,0,0,343,0,0,0,"857,5","857,5",-,"R$ 4.844,00","R$ 441,00","R$ 3.133,00","R$ 8.418,00",-,252,53,270,575,0,"19,22222222","8,320754717","11,6037037","14,64","R$ 0,00","R$ 0,00","R$ 0,00","R$ 9.950,18","R$ 9.950,18",
3132800,Itambé do Mato Dentro,MG,0,0,0,0,0,0,0,0,0,0,-,-,"R$ 117,00","R$ 249,00","R$ 366,00",-,-,14,20,34,0,0,"8,357142857","12,45","10,76470588","R$ 0,00","R$ 0,00","R$ 0,00","R$ 0,00","R$ 0,00",
3132909,Itamogi,MG,26,0,26,0,0,0,26,0,0,26,-,"R$ 322.877,00",-,"R$ 5.703,00","R$ 328.580,00",-,10400,-,784,11184,0,"31,04586538",0,"7,274234694","29,37947067","R$ 0,00","R$ 807,19","R$ 0,00","R$ 0,00","R$ 807,19",
3133006,Itamonte,MG,34,0,0,0,34,0,0,0,85,85,-,-,-,"R$ 838,00","R$ 838,00",-,-,-,105,105,0,0,0,"7,980952381","7,980952381","R$ 0,00","R$ 0,00","R$ 0,00","R$ 678,38","R$ 678,38",
3133105,Itanhandu,MG,0,0,0,0,0,0,0,0,0,0,-,-,"R$ 23,00","R$ 927,00","R$ 950,00",-,-,3,103,106,0,0,"7,666666667",9,"8,962264151","R$ 0,00","R$ 0,00","R$ 0,00","R$ 0,00","R$ 0,00",
3133204,Itanhomi,MG,334,0,0,0,334,0,0,0,835,835,-,"R$ 6.737,00","R$ 25,00","R$ 979,00","R$ 7.741,00",-,335,4,170,509,0,"20,11044776","6,25","5,758823529","15,20825147","R$ 0,00","R$ 0,00","R$ 0,00","R$ 4.808,62","R$ 4.808,62",
3133303,Itaobim,MG,395,0,0,0,395,0,0,0,"987,5","987,5",-,-,"R$ 102,00","R$ 8.173,00","R$ 8.275,00",-,-,16,272,288,0,0,"6,375","30,04779412","28,73263889","R$ 0,00","R$ 0,00","R$ 0,00","R$ 29.672,20","R$ 29.672,20",
3133402,Itapagipe,MG,6.447,0,0,6.042,404,0,0,6042,1010,7052,"R$ 7,00",-,"R$ 291.125,00","R$ 59.109,00","R$ 350.241,00",2,-,25000,4013,29015,"3,5",0,"11,645","14,72937952","12,07103222","R$ 0,00","R$ 0,00","R$ 70.359,09","R$ 14.876,67","R$ 85.235,76",
3133501,Itapecerica,MG,144,0,0,0,144,0,0,0,360,360,-,"R$ 14.211,00","R$ 729,00","R$ 17.645,00","R$ 32.585,00",-,395,92,2417,2904,0,"35,97721519","7,923913043","7,300372362","11,22073003","R$ 0,00","R$ 0,00","R$ 0,00","R$ 2.628,13","R$ 2.628,13",
3133600,Itapeva,MG,136,0,0,0,136,0,0,0,340,340,-,-,-,"R$ 41.972,00","R$ 41.972,00",-,-,-,582,582,0,0,0,"72,11683849","72,11683849","R$ 0,00","R$ 0,00","R$ 0,00","R$ 24.519,73","R$ 24.519,73",
3133709,Itatiaiuçu,MG,262,0,0,0,262,0,0,0,655,655,-,-,"R$ 187,00","R$ 3.527,00","R$ 3.714,00",-,-,22,235,257,0,0,"8,5","15,00851064","14,45136187","R$ 0,00","R$ 0,00","R$ 0,00","R$ 9.830,57","R$ 9.830,57",
3133758,Itaú de Minas,MG,0,0,0,0,0,0,0,0,0,0,-,"R$ 210,00",-,"R$ 12.836,00","R$ 13.046,00",-,9,-,2050,2059,0,"23,33333333",0,"6,261463415","6,336085478","R$ 0,00","R$ 0,00","R$ 0,00","R$ 0,00","R$ 0,00",
3133808,Itaúna,MG,194,0,0,0,194,0,0,0,485,485,-,-,"R$ 74,00","R$ 2.840,00","R$ 2.914,00",-,-,10,301,311,0,0,"7,4","9,435215947","9,36977492","R$ 0,00","R$ 0,00","R$ 0,00","R$ 4.576,08","R$ 4.576,08",
3133907,Itaverava,MG,87,0,0,0,87,0,0,0,"217,5","217,5",-,-,"R$ 785,00","R$ 6.752,00","R$ 7.537,00",-,-,141,639,780,0,0,"5,567375887","10,56651017","9,662820513","R$ 0,00","R$ 0,00","R$ 0,00","R$ 2.298,22","R$ 2.298,22",
3134004,Itinga,MG,668,0,0,0,668,0,0,0,1670,1670,-,-,"R$ 360,00","R$ 6.092,00","R$ 6.452,00",-,-,45,416,461,0,0,8,"14,64423077","13,99566161","R$ 0,00","R$ 0,00","R$ 0,00","R$ 24.455,87","R$ 24.455,87",
3134103,Itueta,MG,1.790,0,261,0,1.529,0,261,0,"3822,5","4083,5",-,"R$ 21.387,00","R$ 71,00","R$ 3.038,00","R$ 24.496,00",-,670,12,391,1073,0,"31,92089552","5,916666667","7,769820972","22,82945014","R$ 0,00","R$ 8.331,35","R$ 0,00","R$ 29.700,14","R$ 38.031,49",
3134202,Ituiutaba,MG,6.994,0,0,5.375,1.619,0,0,5375,"4047,5","9422,5","R$ 33,00","R$ 74,00","R$ 513.000,00","R$ 265.798,00","R$ 778.905,00",10,4,38000,50353,88367,"3,3","18,5","13,5","5,278692431","8,81443299","R$ 0,00","R$ 0,00","R$ 72.562,50","R$ 21.365,51","R$ 93.928,01",
3134301,Itumirim,MG,0,0,0,0,0,0,0,0,0,0,-,"R$ 11.561,00","R$ 130,00","R$ 12.347,00","R$ 24.038,00",-,359,9,1831,2199,0,"32,20334262","14,44444444","6,743309667","10,93133242","R$ 0,00","R$ 0,00","R$ 0,00","R$ 0,00","R$ 0,00",
3134400,Iturama,MG,17.488,0,0,16.466,1023,0,0,16466,"2557,5","19023,5",-,-,"R$ 373.176,00","R$ 87.309,00","R$ 460.485,00",-,-,36500,10503,47003,0,0,"10,224","8,312767781","9,796927856","R$ 0,00","R$ 0,00","R$ 168.348,38","R$ 21.259,90","R$ 189.608,29",
3134509,Itutinga,MG,0,0,0,0,0,0,0,0,0,0,-,"R$ 3.554,00",-,"R$ 65.730,00","R$ 69.284,00",-,100,-,9604,9704,0,"35,54",0,"6,844023324","7,139736191","R$ 0,00","R$ 0,00","R$ 0,00","R$ 0,00","R$ 0,00",
3134608,Jaboticatubas,MG,318,0,0,0,318,0,0,0,795,795,-,"R$ 213,00","R$ 1.210,00","R$ 15.171,00","R$ 16.594,00",-,8,180,440,628,0,"26,625","6,722222222","34,47954545","26,42356688","R$ 0,00","R$ 0,00","R$ 0,00","R$ 27.411,24","R$ 27.411,24",
3134707,Jacinto,MG,102,0,0,0,102,0,0,0,255,255,-,-,-,"R$ 1.108,00","R$ 1.108,00",-,-,-,166,166,0,0,0,"6,674698795","6,674698795","R$ 0,00","R$ 0,00","R$ 0,00","R$ 1.702,05","R$ 1.702,05",
3134806,Jacuí,MG,0,0,0,0,0,0,0,0,0,0,-,"R$ 96.648,00","R$ 149,00","R$ 33.251,00","R$ 130.048,00",-,3250,18,3824,7092,0,"29,73784615","8,277777778","8,695345188","18,33728144","R$ 0,00","R$ 0,00","R$ 0,00","R$ 0,00","R$ 0,00",
3134905,Jacutinga,MG,36,0,0,0,36,0,0,0,90,90,-,"R$ 94.113,00","R$ 2.393,00","R$ 5.501,00","R$ 102.007,00",-,3195,300,661,4156,0,"29,45633803","7,976666667","8,322239032","24,54451396","R$ 0,00","R$ 0,00","R$ 0,00","R$ 749,00","R$ 749,00",
3135001,Jaguaraçu,MG,20,0,0,0,20,0,0,0,50,50,-,-,"R$ 58,00","R$ 65,00","R$ 123,00",-,-,7,20,27,0,0,"8,285714286","3,25","4,555555556","R$ 0,00","R$ 0,00","R$ 0,00","R$ 162,50","R$ 162,50",
3135050,Jaíba,MG,32.530,0,11,8.657,23.862,0,11,8657,59655,68323,-,"R$ 153,00","R$ 108.315,00","R$ 730.523,00","R$ 838.991,00",-,10,8300,14757,23067,0,"15,3","13,05","49,50348987","36,37191659","R$ 0,00","R$ 168,30","R$ 112.973,85","R$ 2.953.130,69","R$ 3.066.272,84",
3135076,Jampruca,MG,25,0,0,0,25,0,0,0,"62,5","62,5",-,-,-,"R$ 902,00","R$ 902,00",-,-,-,118,118,0,0,0,"7,644067797","7,644067797","R$ 0,00","R$ 0,00","R$ 0,00","R$ 477,75","R$ 477,75",
3135100,Janaúba,MG,7.887,0,0,0,7.887,0,0,0,"19717,5","19717,5",-,-,"R$ 53,00","R$ 176.661,00","R$ 176.714,00",-,-,7,2930,2937,0,0,"7,571428571","60,29385666","60,16819884","R$ 0,00","R$ 0,00","R$ 0,00","R$ 1.188.844,12","R$ 1.188.844,12",
3135209,Januária,MG,1.388,0,0,0,1388,0,0,0,3470,3470,"R$ 110,00",-,"R$ 3.497,00","R$ 13.321,00","R$ 16.928,00",40,-,540,3703,4283,"2,75",0,"6,475925926","3,597353497","3,952369834","R$ 0,00","R$ 0,00","R$ 0,00","R$ 12.482,82","R$ 12.482,82",
3135308,Japaraíba,MG,4.732,0,0,4.710,22,0,0,4710,55,4765,"R$ 116,00",-,"R$ 46.642,00","R$ 5.137,00","R$ 51.895,00",12,-,4454,864,5330,"9,666666667",0,"10,47193534","5,945601852","9,736397749","R$ 0,00","R$ 0,00","R$ 49.322,82","R$ 327,01","R$ 49.649,82",
3135357,Japonvar,MG,32,0,0,0,32,0,0,0,80,80,"R$ 15,00",-,"R$ 825,00","R$ 1.650,00","R$ 2.490,00",16,-,125,537,678,"0,9375",0,"6,6","3,072625698","3,672566372","R$ 0,00","R$ 0,00","R$ 0,00","R$ 245,81","R$ 245,81",
3135407,Jeceaba,MG,3,0,0,0,3,0,0,0,"7,5","7,5",-,-,"R$ 276,00","R$ 4.405,00","R$ 4.681,00",-,-,29,397,426,0,0,"9,517241379","11,09571788","10,98826291","R$ 0,00","R$ 0,00","R$ 0,00","R$ 83,22","R$ 83,22",
3135456,Jenipapo de Minas,MG,45,0,0,0,45,0,0,0,"112,5","112,5",-,-,"R$ 143,00","R$ 407,00","R$ 550,00",-,-,25,155,180,0,0,"5,72","2,625806452","3,055555556","R$ 0,00","R$ 0,00","R$ 0,00","R$ 295,40","R$ 295,40",
3135506,Jequeri,MG,583,0,0,0,583,0,0,0,"1457,5","1457,5",-,"R$ 130.017,00","R$ 4.269,00","R$ 2.463,00","R$ 136.749,00",-,3600,465,716,4781,0,"36,11583333","9,180645161","3,439944134","28,6025936","R$ 0,00","R$ 0,00","R$ 0,00","R$ 5.013,72","R$ 5.013,72",
3135605,Jequitaí,MG,1.554,0,0,0,1554,0,0,0,3885,3885,-,-,"R$ 347,00","R$ 12.262,00","R$ 12.609,00",-,-,66,1137,1203,0,0,"5,257575758","10,78452067","10,48129676","R$ 0,00","R$ 0,00","R$ 0,00","R$ 41.897,86","R$ 41.897,86",
3135704,Jequitibá,MG,835,0,0,0,835,0,0,0,"2087,5","2087,5",-,-,"R$ 1.555,00","R$ 11.325,00","R$ 12.880,00",-,-,132,357,489,0,0,"11,78030303","31,72268908","26,3394683","R$ 0,00","R$ 0,00","R$ 0,00","R$ 66.221,11","R$ 66.221,11",
3135803,Jequitinhonha,MG,1.808,0,0,0,1.808,0,0,0,4520,4520,-,"R$ 2.952,00","R$ 475,00","R$ 39.622,00","R$ 43.049,00",-,60,50,1154,1264,0,"49,2","9,5","34,33448873","34,05775316","R$ 0,00","R$ 0,00","R$ 0,00","R$ 155.191,89","R$ 155.191,89",
3135902,Jesuânia,MG,0,0,0,0,0,0,0,0,0,0,"R$ 270,00","R$ 52.946,00",-,"R$ 5.295,00","R$ 58.511,00",70,1630,-,484,2184,"3,857142857","32,48220859",0,"10,94008264","26,79075092","R$ 0,00","R$ 0,00","R$ 0,00","R$ 0,00","R$ 0,00",
3136009,Joaíma,MG,526,0,42,0,484,0,42,0,1210,1252,-,"R$ 788,00","R$ 110,00","R$ 1.697,00","R$ 2.595,00",-,30,17,236,283,0,"26,26666667","6,470588235","7,190677966","9,169611307","R$ 0,00","R$ 1.103,20","R$ 0,00","R$ 8.700,72","R$ 9.803,92",
3136108,Joanésia,MG,1,0,0,0,1,0,0,0,"2,5","2,5",-,-,"R$ 354,00","R$ 841,00","R$ 1.195,00",-,-,58,254,312,0,0,"6,103448276","3,311023622","3,830128205","R$ 0,00","R$ 0,00","R$ 0,00","R$ 8,28","R$ 8,28",
3136207,João Monlevade,MG,18,0,0,0,18,0,0,0,45,45,-,-,-,"R$ 70,00","R$ 70,00",-,-,-,8,8,0,0,0,"8,75","8,75","R$ 0,00","R$ 0,00","R$ 0,00","R$ 393,75","R$ 393,75",
3136306,João Pinheiro,MG,43.487,0,2.055,30.258,11.174,0,2055,30258,27935,60248,-,"R$ 197.386,00","R$ 497.871,00","R$ 113.816,00","R$ 809.073,00",-,3000,64200,12845,80045,0,"65,79533333","7,755","8,860724017","10,1077269","R$ 0,00","R$ 135.209,41","R$ 234.650,79","R$ 247.524,33","R$ 617.384,53",
3136405,Joaquim Felício,MG,132,0,0,0,132,0,0,0,330,330,-,-,"R$ 1.564,00","R$ 689,00","R$ 2.253,00",-,-,158,305,463,0,0,"9,898734177","2,259016393","4,866090713","R$ 0,00","R$ 0,00","R$ 0,00","R$ 745,48","R$ 745,48",
3136504,Jordânia,MG,3,0,0,0,3,0,0,0,"7,5","7,5",-,-,"R$ 205,00","R$ 1.869,00","R$ 2.074,00",-,-,33,166,199,0,0,"6,212121212","11,25903614","10,42211055","R$ 0,00","R$ 0,00","R$ 0,00","R$ 84,44","R$ 84,44",
3136520,José Gonçalves de Minas,MG,112,0,0,0,112,0,0,0,280,280,-,"R$ 6.270,00","R$ 628,00","R$ 1.392,00","R$ 8.290,00",-,190,97,280,567,0,33,"6,474226804","4,971428571","14,62081129","R$ 0,00","R$ 0,00","R$ 0,00","R$ 1.392,00","R$ 1.392,00",
3136553,José Raydan,MG,75,0,8,0,67,0,8,0,"167,5","175,5",-,"R$ 3.553,00","R$ 554,00","R$ 2.369,00","R$ 6.476,00",-,95,66,242,403,0,"37,4","8,393939394","9,789256198","16,06947891","R$ 0,00","R$ 299,20","R$ 0,00","R$ 1.639,70","R$ 1.938,90",
3136579,Josenópolis,MG,56,0,0,0,56,0,0,0,140,140,-,"R$ 37,00","R$ 54,00","R$ 891,00","R$ 982,00",-,4,9,97,110,0,"9,25",6,"9,18556701","8,927272727","R$ 0,00","R$ 0,00","R$ 0,00","R$ 1.285,98","R$ 1.285,98",
3136603,Nova União,MG,36,0,0,0,36,0,0,0,90,90,-,"R$ 63,00","R$ 376,00","R$ 88.253,00","R$ 88.692,00",-,5,33,1667,1705,0,"12,6","11,39393939","52,94121176","52,01876833","R$ 0,00","R$ 0,00","R$ 0,00","R$ 4.764,71","R$ 4.764,71",
3136652,Juatuba,MG,56,0,0,0,56,0,0,0,140,140,-,-,-,"R$ 4.843,00","R$ 4.843,00",-,-,-,486,486,0,0,0,"9,965020576","9,965020576","R$ 0,00","R$ 0,00","R$ 0,00","R$ 1.395,10","R$ 1.395,10",
3136702,Juiz de Fora,MG,374,0,0,0,374,0,0,0,935,935,-,"R$ 154,00","R$ 296,00","R$ 3.218,00","R$ 3.668,00",-,6,40,204,250,0,"25,66666667","7,4","15,7745098","14,672","R$ 0,00","R$ 0,00","R$ 0,00","R$ 14.749,17","R$ 14.749,17",
3136801,Juramento,MG,1.133,0,0,0,1.133,0,0,0,"2832,5","2832,5",-,-,"R$ 174,00","R$ 913,00","R$ 1.087,00",-,-,29,623,652,0,0,6,"1,465489567","1,667177914","R$ 0,00","R$ 0,00","R$ 0,00","R$ 4.151,00","R$ 4.151,00",
3136900,Juruaia,MG,0,0,0,0,0,0,0,0,0,0,-,"R$ 174.176,00","R$ 941,00","R$ 4.545,00","R$ 179.662,00",-,4800,138,667,5605,0,"36,28666667","6,81884058","6,814092954","32,05388046","R$ 0,00","R$ 0,00","R$ 0,00","R$ 0,00","R$ 0,00",
3136959,Juvenília,MG,541,0,0,0,541,0,0,0,"1352,5","1352,5",-,-,"R$ 26,00","R$ 13.615,00","R$ 13.641,00",-,-,4,1397,1401,0,0,"6,5","9,745884037","9,736616702","R$ 0,00","R$ 0,00","R$ 0,00","R$ 13.181,31","R$ 13.181,31",
3137007,Ladainha,MG,134,0,0,0,134,0,0,0,335,335,-,"R$ 5.274,00","R$ 745,00","R$ 9.026,00","R$ 15.045,00",-,200,106,1556,1862,0,"26,37","7,028301887","5,800771208","8,080021482","R$ 0,00","R$ 0,00","R$ 0,00","R$ 1.943,26","R$ 1.943,26",
3137106,Lagamar,MG,2.636,0,311,0,2.325,0,311,0,"5812,5","6123,5",-,"R$ 17.220,00",-,"R$ 55.795,00","R$ 73.015,00",-,410,-,8810,9220,0,42,0,"6,333144154","7,919197397","R$ 0,00","R$ 13.062,00","R$ 0,00","R$ 36.811,40","R$ 49.873,40",
3137205,Lagoa da Prata,MG,5.908,0,0,5.874,34,0,0,5874,85,5959,-,-,"R$ 95.312,00","R$ 4.625,00","R$ 99.937,00",-,-,9200,692,9892,0,0,"10,36","6,683526012","10,10281035","R$ 0,00","R$ 0,00","R$ 60.854,64","R$ 568,10","R$ 61.422,74",
3137304,Lagoa dos Patos,MG,204,0,0,0,204,0,0,0,510,510,"R$ 8,00",-,"R$ 78,00","R$ 727,00","R$ 813,00",5,-,13,307,325,"1,6",0,6,"2,368078176","2,501538462","R$ 0,00","R$ 0,00","R$ 0,00","R$ 1.207,72","R$ 1.207,72",
3137403,Lagoa Dourada,MG,663,0,0,0,663,0,0,0,"1657,5","1657,5",-,"R$ 7.996,00",-,"R$ 150.248,00","R$ 158.244,00",-,262,-,13869,14131,0,"30,51908397",0,"10,83336938","11,19835822","R$ 0,00","R$ 0,00","R$ 0,00","R$ 17.956,31","R$ 17.956,31",
3137502,Lagoa Formosa,MG,2.036,0,495,0,1540,0,495,0,3850,4345,-,"R$ 38.100,00","R$ 40,00","R$ 188.489,00","R$ 226.629,00",-,1050,5,24247,25302,0,"36,28571429",8,"7,773703963","8,956959924","R$ 0,00","R$ 17.961,43","R$ 0,00","R$ 29.928,76","R$ 47.890,19",
3137536,Lagoa Grande,MG,7.761,0,102,0,7.659,0,102,0,"19147,5","19249,5",-,"R$ 7.461,00","R$ 83,00","R$ 82.095,00","R$ 89.639,00",-,140,11,9470,9621,0,"53,29285714","7,545454545","8,668954593","9,317014863","R$ 0,00","R$ 5.435,87","R$ 0,00","R$ 165.988,81","R$ 171.424,68",
3137601,Lagoa Santa,MG,35,0,0,0,35,0,0,0,"87,5","87,5",-,-,"R$ 47,00","R$ 3.398,00","R$ 3.445,00",-,-,5,62,67,0,0,"9,4","54,80645161","51,41791045","R$ 0,00","R$ 0,00","R$ 0,00","R$ 4.795,56","R$ 4.795,56",
3137700,Lajinha,MG,237,0,166,0,71,0,166,0,"177,5","343,5",-,"R$ 265.580,00","R$ 77,00","R$ 3.490,00","R$ 269.147,00",-,8485,13,788,9286,0,"31,29994107","5,923076923","4,42893401","28,98416972","R$ 0,00","R$ 5.195,79","R$ 0,00","R$ 786,14","R$ 5.981,93",
3137809,Lambari,MG,4,0,0,0,4,0,0,0,10,10,-,"R$ 167.351,00","R$ 18,00","R$ 5.472,00","R$ 172.841,00",-,4800,2,472,5274,0,"34,86479167",9,"11,59322034","32,77227911","R$ 0,00","R$ 0,00","R$ 0,00","R$ 115,93","R$ 115,93",
3137908,Lamim,MG,44,0,0,0,44,0,0,0,110,110,-,"R$ 656,00","R$ 1.064,00","R$ 1.018,00","R$ 2.738,00",-,18,140,240,398,0,"36,44444444","7,6","4,241666667","6,879396985","R$ 0,00","R$ 0,00","R$ 0,00","R$ 466,58","R$ 466,58",
3138005,Laranjal,MG,26,0,0,0,26,0,0,0,65,65,"R$ 21,00",-,-,"R$ 849,00","R$ 870,00",2,-,-,72,74,"10,5",0,0,"11,79166667","11,75675676","R$ 0,00","R$ 0,00","R$ 0,00","R$ 766,46","R$ 766,46",
3138104,Lassance,MG,3.163,0,441,0,2.722,0,441,0,6805,7246,-,"R$ 4.396,00","R$ 162,00","R$ 85.945,00","R$ 90.503,00",-,100,20,2056,2176,0,"43,96","8,1","41,8020428","41,59145221","R$ 0,00","R$ 19.386,36","R$ 0,00","R$ 284.462,90","R$ 303.849,26",
3138203,Lavras,MG,134,0,0,0,134,0,0,0,335,335,-,"R$ 161.279,00","R$ 756,00","R$ 57.743,00","R$ 219.778,00",-,5020,60,7459,12539,0,"32,12729084","12,6","7,741386245","17,52755403","R$ 0,00","R$ 0,00","R$ 0,00","R$ 2.593,36","R$ 2.593,36",
3138302,Leandro Ferreira,MG,26,0,0,0,26,0,0,0,65,65,-,-,"R$ 37,00","R$ 565,00","R$ 602,00",-,-,3,117,120,0,0,"12,33333333","4,829059829","5,016666667","R$ 0,00","R$ 0,00","R$ 0,00","R$ 313,89","R$ 313,89",
3138351,Leme do Prado,MG,173,0,67,0,106,0,67,0,265,332,-,"R$ 3.942,00","R$ 81,00","R$ 454,00","R$ 4.477,00",-,68,13,137,218,0,"57,97058824","6,230769231","3,313868613","20,53669725","R$ 0,00","R$ 3.884,03","R$ 0,00","R$ 878,18","R$ 4.762,20",
3138401,Leopoldina,MG,150,0,0,0,150,0,0,0,375,375,"R$ 19,00","R$ 2.199,00","R$ 352,00","R$ 7.612,00","R$ 10.182,00",2,73,38,262,375,"9,5","30,12328767","9,263157895","29,05343511","27,152","R$ 0,00","R$ 0,00","R$ 0,00","R$ 10.895,04","R$ 10.895,04",
3138500,Liberdade,MG,0,0,0,0,0,0,0,0,0,0,-,-,"R$ 96,00","R$ 1.136,00","R$ 1.232,00",-,-,9,221,230,0,0,"10,66666667","5,140271493","5,356521739","R$ 0,00","R$ 0,00","R$ 0,00","R$ 0,00","R$ 0,00",
3138609,Lima Duarte,MG,73,0,0,0,73,0,0,0,"182,5","182,5",-,-,"R$ 410,00","R$ 2.050,00","R$ 2.460,00",-,-,40,391,431,0,0,"10,25","5,242966752","5,707656613","R$ 0,00","R$ 0,00","R$ 0,00","R$ 956,84","R$ 956,84",
3138625,Limeira do Oeste,MG,14.647,0,0,14.645,2,0,0,14645,5,14650,-,-,"R$ 364.154,00","R$ 46.945,00","R$ 411.099,00",-,-,37000,4472,41472,0,0,"9,842","10,49754025","9,912688079","R$ 0,00","R$ 0,00","R$ 144.136,09","R$ 52,49","R$ 144.188,58",
3138658,Lontra,MG,25,0,0,0,25,0,0,0,"62,5","62,5","R$ 16,00",-,"R$ 156,00","R$ 523,00","R$ 695,00",6,-,26,204,236,"2,666666667",0,6,"2,56372549","2,944915254","R$ 0,00","R$ 0,00","R$ 0,00","R$ 160,23","R$ 160,23",
3138674,Luisburgo,MG,3,0,0,0,3,0,0,0,"7,5","7,5",-,"R$ 147.600,00","R$ 88,00","R$ 5.961,00","R$ 153.649,00",-,6150,11,984,7145,0,24,8,"6,057926829","21,50440868","R$ 0,00","R$ 0,00","R$ 0,00","R$ 45,43","R$ 45,43",
3138682,Luislândia,MG,162,0,0,0,162,0,0,0,405,405,-,-,"R$ 586,00","R$ 1.151,00","R$ 1.737,00",-,-,93,159,252,0,0,"6,301075269","7,238993711","6,892857143","R$ 0,00","R$ 0,00","R$ 0,00","R$ 2.931,79","R$ 2.931,79",
3138708,Luminárias,MG,0,0,0,0,0,0,0,0,0,0,-,"R$ 64.633,00","R$ 72,00","R$ 61.400,00","R$ 126.105,00",-,2175,8,9902,12085,0,"29,71632184",9,"6,200767522","10,43483657","R$ 0,00","R$ 0,00","R$ 0,00","R$ 0,00","R$ 0,00",
3138807,Luz,MG,3.196,0,0,1222,1.974,0,0,1222,4935,6157,-,"R$ 5.198,00","R$ 137.685,00","R$ 56.903,00","R$ 199.786,00",-,130,13400,9285,22815,0,"39,98461538","10,275","6,128486807","8,756782818","R$ 0,00","R$ 0,00","R$ 12.556,05","R$ 30.244,08","R$ 42.800,13",
3138906,Machacalis,MG,40,0,0,0,40,0,0,0,100,100,-,-,-,"R$ 319,00","R$ 319,00",-,-,-,35,35,0,0,0,"9,114285714","9,114285714","R$ 0,00","R$ 0,00","R$ 0,00","R$ 911,43","R$ 911,43",
3139003,Machado,MG,2.120,0,613,0,1507,0,613,0,"3767,5","4380,5",-,"R$ 459.390,00","R$ 3.348,00","R$ 105.133,00","R$ 567.871,00",-,15506,300,17335,33141,0,"29,62659616","11,16","6,064782232","17,13499894","R$ 0,00","R$ 18.161,10","R$ 0,00","R$ 22.849,07","R$ 41.010,17",
3139102,Madre de Deus de Minas,MG,46,0,0,0,46,0,0,0,115,115,-,-,-,"R$ 283.837,00","R$ 283.837,00",-,-,-,43702,43702,0,0,0,"6,494828612","6,494828612","R$ 0,00","R$ 0,00","R$ 0,00","R$ 746,91","R$ 746,91",
3139201,Malacacheta,MG,221,0,0,0,221,0,0,0,"552,5","552,5","R$ 21,00","R$ 28.913,00","R$ 430,00","R$ 4.149,00","R$ 33.513,00",3,1000,62,600,1665,7,"28,913","6,935483871","6,915","20,12792793","R$ 0,00","R$ 0,00","R$ 0,00","R$ 3.820,54","R$ 3.820,54",
3139250,Mamonas,MG,47,0,0,0,47,0,0,0,"117,5","117,5",-,-,"R$ 126,00","R$ 1.051,00","R$ 1.177,00",-,-,21,635,656,0,0,6,"1,65511811","1,794207317","R$ 0,00","R$ 0,00","R$ 0,00","R$ 194,48","R$ 194,48",
3139300,Manga,MG,3.887,0,0,0,3.887,0,0,0,"9717,5","9717,5","R$ 12,00",-,"R$ 254,00","R$ 19.693,00","R$ 19.959,00",6,-,41,1060,1107,2,0,"6,195121951","18,57830189","18,0298103","R$ 0,00","R$ 0,00","R$ 0,00","R$ 180.534,65","R$ 180.534,65",
3139409,Manhuaçu,MG,85,0,0,0,85,0,0,0,"212,5","212,5",-,"R$ 678.000,00","R$ 39,00","R$ 22.468,00","R$ 700.507,00",-,22600,5,2769,25374,0,30,"7,8","8,114120621","27,60727516","R$ 0,00","R$ 0,00","R$ 0,00","R$ 1.724,25","R$ 1.724,25",
3139508,Manhumirim,MG,0,0,0,0,0,0,0,0,0,0,-,"R$ 165.360,00",-,"R$ 1.616,00","R$ 166.976,00",-,5300,-,352,5652,0,"31,2",0,"4,590909091","29,5428167","R$ 0,00","R$ 0,00","R$ 0,00","R$ 0,00","R$ 0,00",
3139607,Mantena,MG,869,0,158,0,711,0,158,0,"1777,5","1935,5","R$ 37,00","R$ 20.247,00","R$ 3.036,00","R$ 6.809,00","R$ 30.129,00",10,1100,230,553,1893,"3,7","18,40636364","13,2","12,31283906","15,91600634","R$ 0,00","R$ 2.908,21","R$ 0,00","R$ 21.886,07","R$ 24.794,28",
3139706,Maravilhas,MG,120,0,0,0,120,0,0,0,300,300,-,-,"R$ 225,00","R$ 37.668,00","R$ 37.893,00",-,-,25,761,786,0,0,9,"49,49802891","48,20992366","R$ 0,00","R$ 0,00","R$ 0,00","R$ 14.849,41","R$ 14.849,41",
3139805,Mar de Espanha,MG,44,0,0,0,44,0,0,0,110,110,-,"R$ 2.172,00","R$ 798,00","R$ 2.244,00","R$ 5.214,00",-,80,70,171,321,0,"27,15","11,4","13,12280702","16,24299065","R$ 0,00","R$ 0,00","R$ 0,00","R$ 1.443,51","R$ 1.443,51",
3139904,Maria da Fé,MG,396,0,0,0,396,0,0,0,990,990,-,"R$ 2.634,00","R$ 128,00","R$ 43.853,00","R$ 46.615,00",-,90,16,910,1016,0,"29,26666667",8,"48,19010989","45,88090551","R$ 0,00","R$ 0,00","R$ 0,00","R$ 47.708,21","R$ 47.708,21",
3140001,Mariana,MG,424,0,0,0,424,0,0,0,1060,1060,-,"R$ 620,00","R$ 342,00","R$ 1.549,00","R$ 2.511,00",-,20,45,297,362,0,31,"7,6","5,215488215","6,936464088","R$ 0,00","R$ 0,00","R$ 0,00","R$ 5.528,42","R$ 5.528,42",
3140100,Marilac,MG,894,0,0,0,894,0,0,0,2235,2235,-,-,-,"R$ 17.865,00","R$ 17.865,00",-,-,-,400,400,0,0,0,"44,6625","44,6625","R$ 0,00","R$ 0,00","R$ 0,00","R$ 99.820,69","R$ 99.820,69",
3140159,Mário Campos,MG,273,0,0,0,273,0,0,0,"682,5","682,5",-,-,-,"R$ 738,00","R$ 738,00",-,-,-,16,16,0,0,0,"46,125","46,125","R$ 0,00","R$ 0,00","R$ 0,00","R$ 31.480,31","R$ 31.480,31",
3140209,Maripá de Minas,MG,0,0,0,0,0,0,0,0,0,0,-,-,"R$ 108,00","R$ 278,00","R$ 386,00",-,-,13,40,53,0,0,"8,307692308","6,95","7,283018868","R$ 0,00","R$ 0,00","R$ 0,00","R$ 0,00","R$ 0,00",
3140308,Marliéria,MG,22,0,0,0,22,0,0,0,55,55,-,"R$ 64,00","R$ 51,00","R$ 497,00","R$ 612,00",-,2,7,55,64,0,32,"7,285714286","9,036363636","9,5625","R$ 0,00","R$ 0,00","R$ 0,00","R$ 497,00","R$ 497,00",
3140407,Marmelópolis,MG,0,0,0,0,0,0,0,0,0,0,-,-,-,"R$ 5.809,00","R$ 5.809,00",-,-,-,121,121,0,0,0,"48,00826446","48,00826446","R$ 0,00","R$ 0,00","R$ 0,00","R$ 0,00","R$ 0,00",
3140506,Martinho Campos,MG,3.388,0,0,0,3.388,0,0,0,8470,8470,-,-,-,"R$ 39.199,00","R$ 39.199,00",-,-,-,4924,4924,0,0,0,"7,960804224","7,960804224","R$ 0,00","R$ 0,00","R$ 0,00","R$ 67.428,01","R$ 67.428,01",
3140530,Martins Soares,MG,0,0,0,0,0,0,0,0,0,0,-,"R$ 70.800,00",-,"R$ 279,00","R$ 71.079,00",-,2950,-,85,3035,0,24,0,"3,282352941","23,41976936","R$ 0,00","R$ 0,00","R$ 0,00","R$ 0,00","R$ 0,00",
3140555,Mata Verde,MG,44,0,44,0,0,0,44,0,0,44,-,"R$ 16.760,00",-,"R$ 1.427,00","R$ 18.187,00",-,573,-,120,693,0,"29,2495637",0,"11,89166667","26,24386724","R$ 0,00","R$ 1.286,98","R$ 0,00","R$ 0,00","R$ 1.286,98",
3140605,Materlândia,MG,42,0,0,0,42,0,0,0,105,105,-,-,"R$ 342,00","R$ 429,00","R$ 771,00",-,-,45,152,197,0,0,"7,6","2,822368421","3,913705584","R$ 0,00","R$ 0,00","R$ 0,00","R$ 296,35","R$ 296,35",
3140704,Mateus Leme,MG,614,0,0,0,614,0,0,0,1535,1535,-,"R$ 526,00","R$ 410,00","R$ 11.097,00","R$ 12.033,00",-,22,54,403,479,0,"23,90909091","7,592592593","27,53598015","25,12108559","R$ 0,00","R$ 0,00","R$ 0,00","R$ 42.267,73","R$ 42.267,73",
3140803,Matias Barbosa,MG,0,0,0,0,0,0,0,0,0,0,-,-,"R$ 84,00","R$ 1.114,00","R$ 1.198,00",-,-,7,47,54,0,0,12,"23,70212766","22,18518519","R$ 0,00","R$ 0,00","R$ 0,00","R$ 0,00","R$ 0,00",
3140852,Matias Cardoso,MG,7.418,0,0,500,6.918,0,0,500,17295,17795,-,"R$ 1.598,00","R$ 11.988,00","R$ 180.581,00","R$ 194.167,00",-,52,740,4310,5102,0,"30,73076923","16,2","41,89814385","38,05703646","R$ 0,00","R$ 0,00","R$ 8.100,00","R$ 724.628,40","R$ 732.728,40",
3140902,Matipó,MG,13,0,0,0,13,0,0,0,"32,5","32,5",-,"R$ 102.960,00","R$ 200,00","R$ 6.252,00","R$ 109.412,00",-,4290,30,1688,6008,0,24,"6,666666667","3,703791469","18,21105193","R$ 0,00","R$ 0,00","R$ 0,00","R$ 120,37","R$ 120,37",
3141009,Mato Verde,MG,114,0,0,0,114,0,0,0,285,285,"R$ 8,00",-,"R$ 36,00","R$ 1.162,00","R$ 1.206,00",5,-,6,928,939,"1,6",0,6,"1,252155172","1,284345048","R$ 0,00","R$ 0,00","R$ 0,00","R$ 356,86","R$ 356,86",
3141108,Matozinhos,MG,253,0,0,0,253,0,0,0,"632,5","632,5",-,-,-,"R$ 3.870,00","R$ 3.870,00",-,-,-,685,685,0,0,0,"5,649635036","5,649635036","R$ 0,00","R$ 0,00","R$ 0,00","R$ 3.573,39","R$ 3.573,39",
3141207,Matutina,MG,288,0,0,0,288,0,0,0,720,720,-,"R$ 6.820,00","R$ 132,00","R$ 2.794,00","R$ 9.746,00",-,247,16,93,356,0,"27,61133603","8,25","30,04301075","27,37640449","R$ 0,00","R$ 0,00","R$ 0,00","R$ 21.630,97","R$ 21.630,97",
3141306,Medeiros,MG,237,0,0,0,237,0,0,0,"592,5","592,5",-,"R$ 112.624,00","R$ 5.620,00","R$ 120.861,00","R$ 239.105,00",-,3280,570,14431,18281,0,"34,33658537","9,859649123","8,375095281","13,07942673","R$ 0,00","R$ 0,00","R$ 0,00","R$ 4.962,24","R$ 4.962,24",
3141405,Medina,MG,660,0,0,0,660,0,0,0,1650,1650,-,"R$ 124,00","R$ 353,00","R$ 1.754,00","R$ 2.231,00",-,2,58,403,463,0,62,"6,086206897","4,35235732","4,818574514","R$ 0,00","R$ 0,00","R$ 0,00","R$ 7.181,39","R$ 7.181,39",
3141504,Mendes Pimentel,MG,113,0,0,0,113,0,0,0,"282,5","282,5","R$ 20,00",-,"R$ 312,00","R$ 1.363,00","R$ 1.695,00",3,-,26,99,128,"6,666666667",0,12,"13,76767677","13,2421875","R$ 0,00","R$ 0,00","R$ 0,00","R$ 3.889,37","R$ 3.889,37",
3141603,Mercês,MG,20,0,0,0,20,0,0,0,50,50,-,"R$ 367,00","R$ 257,00","R$ 2.035,00","R$ 2.659,00",-,20,30,235,285,0,"18,35","8,566666667","8,659574468","9,329824561","R$ 0,00","R$ 0,00","R$ 0,00","R$ 432,98","R$ 432,98",
3141702,Mesquita,MG,52,0,0,0,52,0,0,0,130,130,-,-,"R$ 211,00","R$ 1.798,00","R$ 2.009,00",-,-,33,401,434,0,0,"6,393939394","4,483790524","4,629032258","R$ 0,00","R$ 0,00","R$ 0,00","R$ 582,89","R$ 582,89",
3141801,Minas Novas,MG,1.218,0,202,0,1.016,0,202,0,2540,2742,"R$ 10,00","R$ 14.488,00","R$ 3.216,00","R$ 6.935,00","R$ 24.649,00",4,440,536,2160,3140,"2,5","32,92727273",6,"3,210648148","7,85","R$ 0,00","R$ 6.651,31","R$ 0,00","R$ 8.155,05","R$ 14.806,36",
3141900,Minduri,MG,0,0,0,0,0,0,0,0,0,0,-,"R$ 60,00","R$ 150,00","R$ 63.820,00","R$ 64.030,00",-,2,19,9743,9764,0,30,"7,894736842","6,550343837","6,557763212","R$ 0,00","R$ 0,00","R$ 0,00","R$ 0,00","R$ 0,00",
3142007,Mirabela,MG,135,0,0,0,135,0,0,0,"337,5","337,5",-,-,"R$ 480,00","R$ 942,00","R$ 1.422,00",-,-,80,187,267,0,0,6,"5,037433155","5,325842697","R$ 0,00","R$ 0,00","R$ 0,00","R$ 1.700,13","R$ 1.700,13",
3142106,Miradouro,MG,30,0,0,0,30,0,0,0,75,75,-,"R$ 56.736,00","R$ 261,00","R$ 5.114,00","R$ 62.111,00",-,2765,29,503,3297,0,"20,51934901",9,"10,16699801","18,83864119","R$ 0,00","R$ 0,00","R$ 0,00","R$ 762,52","R$ 762,52",
3142205,Miraí,MG,30,0,0,0,30,0,0,0,75,75,-,"R$ 8.157,00","R$ 143,00","R$ 1.175,00","R$ 9.475,00",-,320,13,140,473,0,"25,490625",11,"8,392857143","20,03171247","R$ 0,00","R$ 0,00","R$ 0,00","R$ 629,46","R$ 629,46",
3142254,Miravânia,MG,46,0,0,0,46,0,0,0,115,115,"R$ 4,00",-,"R$ 300,00","R$ 869,00","R$ 1.173,00",2,-,50,215,267,2,0,6,"4,041860465","4,393258427","R$ 0,00","R$ 0,00","R$ 0,00","R$ 464,81","R$ 464,81",
3142304,Moeda,MG,0,0,0,0,0,0,0,0,0,0,-,"R$ 61,00","R$ 60,00","R$ 2.876,00","R$ 2.997,00",-,2,5,163,170,0,"30,5",12,"17,64417178","17,62941176","R$ 0,00","R$ 0,00","R$ 0,00","R$ 0,00","R$ 0,00",
3142403,Moema,MG,290,0,0,210,80,0,0,210,200,410,-,-,"R$ 15.229,00","R$ 1.985,00","R$ 17.214,00",-,-,1470,333,1803,0,0,"10,35986395","5,960960961","9,547420965","R$ 0,00","R$ 0,00","R$ 2.175,57","R$ 1.192,19","R$ 3.367,76",
3142502,Monjolos,MG,336,0,0,0,336,0,0,0,840,840,-,-,-,"R$ 1.473,00","R$ 1.473,00",-,-,-,97,97,0,0,0,"15,18556701","15,18556701","R$ 0,00","R$ 0,00","R$ 0,00","R$ 12.755,88","R$ 12.755,88",
3142601,Monsenhor Paulo,MG,39,0,0,0,39,0,0,0,"97,5","97,5",-,"R$ 122.703,00","R$ 263,00","R$ 28.701,00","R$ 151.667,00",-,3690,33,2651,6374,0,"33,25284553","7,96969697","10,82648057","23,79463445","R$ 0,00","R$ 0,00","R$ 0,00","R$ 1.055,58","R$ 1.055,58",
3142700,Montalvânia,MG,1.380,0,0,0,1.380,0,0,0,3450,3450,"R$ 8,00",-,"R$ 210,00","R$ 21.127,00","R$ 21.345,00",5,-,25,1475,1505,"1,6",0,"8,4","14,32338983","14,18272425","R$ 0,00","R$ 0,00","R$ 0,00","R$ 49.415,69","R$ 49.415,69",
3142809,Monte Alegre de Minas,MG,12.649,0,41,4.942,7.666,0,41,4942,19165,24148,-,"R$ 6.731,00","R$ 97.236,00","R$ 436.331,00","R$ 540.298,00",-,132,8350,56775,65257,0,"50,99242424","11,64502994","7,685266402","8,279540892","R$ 0,00","R$ 2.090,69","R$ 57.549,74","R$ 147.288,13","R$ 206.928,56",
3142908,Monte Azul,MG,376,0,0,0,376,0,0,0,940,940,-,"R$ 108,00","R$ 35,00","R$ 2.771,00","R$ 2.914,00",-,3,5,1595,1603,0,36,7,"1,737304075","1,817841547","R$ 0,00","R$ 0,00","R$ 0,00","R$ 1.633,07","R$ 1.633,07",
3143005,Monte Belo,MG,2.294,0,0,2.277,17,0,0,2277,"42,5","2319,5","R$ 35,00","R$ 168.415,00","R$ 42.600,00","R$ 15.239,00","R$ 226.289,00",6,5200,4000,2308,11514,"5,833333333","32,3875","10,65","6,602686308","19,6533785","R$ 0,00","R$ 0,00","R$ 24.250,05","R$ 280,61","R$ 24.530,66",
3143104,Monte Carmelo,MG,19.221,0,16.711,0,2.510,0,16711,0,6275,22986,-,"R$ 531.167,00","R$ 125,00","R$ 248.308,00","R$ 779.600,00",-,16200,16,34789,51005,0,"32,78808642","7,8125","7,137543476","15,284776","R$ 0,00","R$ 547.921,71","R$ 0,00","R$ 44.788,09","R$ 592.709,80",
3143153,Monte Formoso,MG,39,0,0,0,39,0,0,0,"97,5","97,5",-,"R$ 377,00","R$ 150,00","R$ 797,00","R$ 1.324,00",-,25,25,204,254,0,"15,08",6,"3,906862745","5,212598425","R$ 0,00","R$ 0,00","R$ 0,00","R$ 380,92","R$ 380,92",
3143203,Monte Santo de Minas,MG,723,0,0,0,723,0,0,0,"1807,5","1807,5",-,"R$ 344.560,00","R$ 26.582,00","R$ 51.135,00","R$ 422.277,00",-,10650,2400,2454,15504,0,"32,35305164","11,07583333","20,83740831","27,23664861","R$ 0,00","R$ 0,00","R$ 0,00","R$ 37.663,62","R$ 37.663,62",
3143302,Montes Claros,MG,2.159,0,0,0,2.159,0,0,0,"5397,5","5397,5",-,-,"R$ 1.422,00","R$ 54.153,00","R$ 55.575,00",-,-,174,1985,2159,0,0,"8,172413793","27,28110831","25,74108384","R$ 0,00","R$ 0,00","R$ 0,00","R$ 147.249,78","R$ 147.249,78",
3143401,Monte Sião,MG,195,0,0,0,195,0,0,0,"487,5","487,5",-,"R$ 70.983,00","R$ 200,00","R$ 10.198,00","R$ 81.381,00",-,2100,25,1146,3271,0,"33,80142857",8,"8,89877836","24,87954754","R$ 0,00","R$ 0,00","R$ 0,00","R$ 4.338,15","R$ 4.338,15",
3143450,Montezuma,MG,140,0,0,0,140,0,0,0,350,350,"R$ 48,00","R$ 752,00","R$ 1.474,00","R$ 3.372,00","R$ 5.646,00",50,40,194,963,1247,"0,96","18,8","7,597938144","3,501557632","4,527666399","R$ 0,00","R$ 0,00","R$ 0,00","R$ 1.225,55","R$ 1.225,55",
3143500,Morada Nova de Minas,MG,3.975,0,0,0,3.975,0,0,0,"9937,5","9937,5",-,-,"R$ 86,00","R$ 105.058,00","R$ 105.144,00",-,-,10,13641,13651,0,0,"8,6","7,701634778","7,702292872","R$ 0,00","R$ 0,00","R$ 0,00","R$ 76.535,00","R$ 76.535,00",
3143609,Morro da Garça,MG,254,0,0,0,254,0,0,0,635,635,-,-,"R$ 429,00","R$ 7.051,00","R$ 7.480,00",-,-,58,1016,1074,0,0,"7,396551724","6,93996063","6,96461825","R$ 0,00","R$ 0,00","R$ 0,00","R$ 4.406,88","R$ 4.406,88",
3143708,Morro do Pilar,MG,0,0,0,0,0,0,0,0,0,0,-,-,-,"R$ 1.306,00","R$ 1.306,00",-,-,-,184,184,0,0,0,"7,097826087","7,097826087","R$ 0,00","R$ 0,00","R$ 0,00","R$ 0,00","R$ 0,00",
3143807,Munhoz,MG,855,0,0,0,855,0,0,0,"2137,5","2137,5",-,"R$ 389,00","R$ 44,00","R$ 43.868,00","R$ 44.301,00",-,14,6,1532,1552,0,"27,78571429","7,333333333","28,63446475","28,54445876","R$ 0,00","R$ 0,00","R$ 0,00","R$ 61.206,17","R$ 61.206,17",
3143906,Muriaé,MG,396,0,0,0,396,0,0,0,990,990,"R$ 30,00","R$ 19.392,00","R$ 630,00","R$ 9.404,00","R$ 29.456,00",5,900,75,1059,2039,6,"21,54666667","8,4","8,880075543","14,4462972","R$ 0,00","R$ 0,00","R$ 0,00","R$ 8.791,27","R$ 8.791,27",
3144003,Mutum,MG,1.820,0,195,0,1.625,0,195,0,"4062,5","4257,5","R$ 234,00","R$ 177.992,00","R$ 185,00","R$ 9.852,00","R$ 188.263,00",40,7335,25,1168,8568,"5,85","24,26612134","7,4","8,434931507","21,97280579","R$ 0,00","R$ 4.731,89","R$ 0,00","R$ 34.266,91","R$ 38.998,80",
3144102,Muzambinho,MG,15,0,0,0,15,0,0,0,"37,5","37,5",-,"R$ 228.456,00","R$ 77,00","R$ 15.769,00","R$ 244.302,00",-,8400,11,2207,10618,0,"27,19714286",7,"7,144993203","23,00828781","R$ 0,00","R$ 0,00","R$ 0,00","R$ 267,94","R$ 267,94",
3144201,Nacip Raydan,MG,55,0,0,0,55,0,0,0,"137,5","137,5",-,-,"R$ 14,00","R$ 537,00","R$ 551,00",-,-,2,135,137,0,0,7,"3,977777778","4,02189781","R$ 0,00","R$ 0,00","R$ 0,00","R$ 546,94","R$ 546,94",
3144300,Nanuque,MG,1.494,0,0,1.399,96,0,0,1399,240,1639,-,-,"R$ 13.981,00","R$ 1.313,00","R$ 15.294,00",-,-,2050,106,2156,0,0,"6,82","12,38679245","7,093692022","R$ 0,00","R$ 0,00","R$ 9.541,18","R$ 2.972,83","R$ 12.514,01",
3144359,Naque,MG,89,0,0,0,89,0,0,0,"222,5","222,5",-,-,"R$ 23,00","R$ 267,00","R$ 290,00",-,-,3,28,31,0,0,"7,666666667","9,535714286","9,35483871","R$ 0,00","R$ 0,00","R$ 0,00","R$ 2.121,70","R$ 2.121,70",
3144375,Natalândia,MG,613,0,0,0,613,0,0,0,"1532,5","1532,5",-,-,"R$ 36,00","R$ 15.972,00","R$ 16.008,00",-,-,4,2633,2637,0,0,9,"6,066084314","6,070534699","R$ 0,00","R$ 0,00","R$ 0,00","R$ 9.296,27","R$ 9.296,27",
3144409,Natércia,MG,0,0,0,0,0,0,0,0,0,0,-,"R$ 101.329,00",-,"R$ 2.415,00","R$ 103.744,00",-,2520,-,240,2760,0,"40,20992063",0,"10,0625","37,5884058","R$ 0,00","R$ 0,00","R$ 0,00","R$ 0,00","R$ 0,00",
3144508,Nazareno,MG,0,0,0,0,0,0,0,0,0,0,-,"R$ 71.148,00","R$ 185,00","R$ 32.086,00","R$ 103.419,00",-,2120,16,5205,7341,0,"33,56037736","11,5625","6,164457253","14,08786269","R$ 0,00","R$ 0,00","R$ 0,00","R$ 0,00","R$ 0,00",
3144607,Nepomuceno,MG,34,0,0,0,34,0,0,0,85,85,-,"R$ 284.724,00","R$ 188,00","R$ 27.633,00","R$ 312.545,00",-,10420,18,4117,14555,0,"27,32476008","10,44444444","6,71192616","21,47337685","R$ 0,00","R$ 0,00","R$ 0,00","R$ 570,51","R$ 570,51",
3144656,Ninheira,MG,3.128,0,1.655,0,1.473,0,1655,0,"3682,5","5337,5",-,"R$ 114.838,00","R$ 186,00","R$ 3.016,00","R$ 118.040,00",-,1903,29,1065,2997,0,"60,34576984","6,413793103","2,831924883","39,38605272","R$ 0,00","R$ 99.872,25","R$ 0,00","R$ 10.428,56","R$ 110.300,81",
3144672,Nova Belém,MG,935,0,526,0,409,0,526,0,"1022,5","1548,5","R$ 12,00","R$ 107.048,00","R$ 9,00","R$ 1.900,00","R$ 108.969,00",3,5100,1,181,5285,4,"20,98980392",9,"10,49723757","20,61854305","R$ 0,00","R$ 11.040,64","R$ 0,00","R$ 10.733,43","R$ 21.774,06",
3144706,Nova Era,MG,504,0,0,0,504,0,0,0,1260,1260,-,"R$ 340,00","R$ 190,00","R$ 467,00","R$ 997,00",-,12,27,40,79,0,"28,33333333","7,037037037","11,675","12,62025316","R$ 0,00","R$ 0,00","R$ 0,00","R$ 14.710,50","R$ 14.710,50",
3144805,Nova Lima,MG,30,0,0,0,30,0,0,0,75,75,-,"R$ 39,00",-,"R$ 691,00","R$ 730,00",-,1,-,37,38,0,39,0,"18,67567568","19,21052632","R$ 0,00","R$ 0,00","R$ 0,00","R$ 1.400,68","R$ 1.400,68",
3144904,Nova Módica,MG,90,0,0,0,90,0,0,0,225,225,-,"R$ 196,00","R$ 25,00","R$ 926,00","R$ 1.147,00",-,10,2,74,86,0,"19,6","12,5","12,51351351","13,3372093","R$ 0,00","R$ 0,00","R$ 0,00","R$ 2.815,54","R$ 2.815,54",
3145000,Nova Ponte,MG,7.140,0,360,1.714,5.066,0,360,1714,12665,14739,-,"R$ 31.042,00","R$ 125.081,00","R$ 424.202,00","R$ 580.325,00",-,610,11000,49304,60914,0,"50,88852459","11,371","8,603804965","9,526956036","R$ 0,00","R$ 18.319,87","R$ 19.489,89","R$ 108.967,19","R$ 146.776,95",
3145059,Nova Porteirinha,MG,7.747,0,0,0,7.747,0,0,0,"19367,5","19367,5",-,"R$ 135,00","R$ 256,00","R$ 181.541,00","R$ 181.932,00",-,3,16,2674,2693,0,45,16,"67,89117427","67,55737096","R$ 0,00","R$ 0,00","R$ 0,00","R$ 1.314.882,32","R$ 1.314.882,32",
3145109,Nova Resende,MG,151,0,0,0,151,0,0,0,"377,5","377,5",-,"R$ 412.028,00","R$ 43,00","R$ 28.136,00","R$ 440.207,00",-,14500,4,3631,18135,0,"28,41572414","10,75","7,748829524","24,27389027","R$ 0,00","R$ 0,00","R$ 0,00","R$ 2.925,18","R$ 2.925,18",
3145208,Nova Serrana,MG,42,0,0,0,42,0,0,0,105,105,-,-,"R$ 64,00","R$ 314,00","R$ 378,00",-,-,8,65,73,0,0,8,"4,830769231","5,178082192","R$ 0,00","R$ 0,00","R$ 0,00","R$ 507,23","R$ 507,23",
3145307,Novo Cruzeiro,MG,1.041,0,283,0,758,0,283,0,1895,2178,"R$ 35,00","R$ 28.564,00","R$ 2.295,00","R$ 11.436,00","R$ 42.330,00",18,814,376,3220,4428,"1,944444444","35,09090909","6,103723404","3,551552795","9,559620596","R$ 0,00","R$ 9.930,73","R$ 0,00","R$ 6.730,19","R$ 16.660,92",
3145356,Novo Oriente de Minas,MG,23,0,0,0,23,0,0,0,"57,5","57,5",-,-,"R$ 353,00","R$ 2.038,00","R$ 2.391,00",-,-,29,205,234,0,0,"12,17241379","9,941463415","10,21794872","R$ 0,00","R$ 0,00","R$ 0,00","R$ 571,63","R$ 571,63",
3145372,Novorizonte,MG,121,0,0,0,121,0,0,0,"302,5","302,5",-,"R$ 738,00","R$ 994,00","R$ 2.988,00","R$ 4.720,00",-,27,115,243,385,0,"27,33333333","8,643478261","12,2962963","12,25974026","R$ 0,00","R$ 0,00","R$ 0,00","R$ 3.719,63","R$ 3.719,63",
3145406,Olaria,MG,1,0,0,0,1,0,0,0,"2,5","2,5",-,-,-,"R$ 238,00","R$ 238,00",-,-,-,31,31,0,0,0,"7,677419355","7,677419355","R$ 0,00","R$ 0,00","R$ 0,00","R$ 19,19","R$ 19,19",
3145455,Olhos-d'Água,MG,137,0,0,0,137,0,0,0,"342,5","342,5","R$ 2,00",-,"R$ 1.035,00","R$ 592,00","R$ 1.629,00",2,-,150,153,305,1,0,"6,9","3,869281046","5,340983607","R$ 0,00","R$ 0,00","R$ 0,00","R$ 1.325,23","R$ 1.325,23",
3145505,Olímpio Noronha,MG,0,0,0,0,0,0,0,0,0,0,-,"R$ 24.085,00",-,"R$ 1.712,00","R$ 25.797,00",-,720,-,110,830,0,"33,45138889",0,"15,56363636","31,08072289","R$ 0,00","R$ 0,00","R$ 0,00","R$ 0,00","R$ 0,00",
3145604,Oliveira,MG,566,0,225,0,341,0,225,0,"852,5","1077,5",-,"R$ 262.991,00","R$ 285,00","R$ 28.448,00","R$ 291.724,00",-,7035,33,2395,9463,0,"37,38322672","8,636363636","11,87807933","30,82785586","R$ 0,00","R$ 8.411,23","R$ 0,00","R$ 10.126,06","R$ 18.537,29",
3145703,Oliveira Fortes,MG,0,0,0,0,0,0,0,0,0,0,-,-,-,"R$ 1.944,00","R$ 1.944,00",-,-,-,113,113,0,0,0,"17,20353982","17,20353982","R$ 0,00","R$ 0,00","R$ 0,00","R$ 0,00","R$ 0,00",
3145802,Onça de Pitangui,MG,211,0,0,0,211,0,0,0,"527,5","527,5",-,-,-,"R$ 33.384,00","R$ 33.384,00",-,-,-,366,366,0,0,0,"91,21311475","91,21311475","R$ 0,00","R$ 0,00","R$ 0,00","R$ 48.114,92","R$ 48.114,92",
3145851,Oratórios,MG,0,0,0,0,0,0,0,0,0,0,-,-,"R$ 6.329,00","R$ 1.099,00","R$ 7.428,00",-,-,694,209,903,0,0,"9,119596542","5,258373206","8,225913621","R$ 0,00","R$ 0,00","R$ 0,00","R$ 0,00","R$ 0,00",
3145877,Orizânia,MG,0,0,0,0,0,0,0,0,0,0,-,"R$ 126.461,00",-,"R$ 2.635,00","R$ 129.096,00",-,4150,-,715,4865,0,"30,47253012",0,"3,685314685","26,5356629","R$ 0,00","R$ 0,00","R$ 0,00","R$ 0,00","R$ 0,00",
3145901,Ouro Branco,MG,256,0,0,0,256,0,0,0,640,640,-,"R$ 102,00","R$ 131,00","R$ 14.079,00","R$ 14.312,00",-,5,16,550,571,0,"20,4","8,1875","25,59818182","25,0647986","R$ 0,00","R$ 0,00","R$ 0,00","R$ 16.382,84","R$ 16.382,84",
3146008,Ouro Fino,MG,114,0,0,0,114,0,0,0,285,285,-,"R$ 194.238,00","R$ 2.219,00","R$ 7.964,00","R$ 204.421,00",-,5820,340,986,7146,0,"33,3742268","6,526470588","8,077079108","28,6063532","R$ 0,00","R$ 0,00","R$ 0,00","R$ 2.301,97","R$ 2.301,97",
3146107,Ouro Preto,MG,427,0,0,0,427,0,0,0,"1067,5","1067,5",-,"R$ 390,00","R$ 449,00","R$ 2.478,00","R$ 3.317,00",-,25,43,405,473,0,"15,6","10,44186047","6,118518519","7,012684989","R$ 0,00","R$ 0,00","R$ 0,00","R$ 6.531,52","R$ 6.531,52",
3146206,Ouro Verde de Minas,MG,179,0,8,0,171,0,8,0,"427,5","435,5",-,"R$ 4.600,00","R$ 105,00","R$ 2.266,00","R$ 6.971,00",-,68,15,202,285,0,"67,64705882",7,"11,21782178","24,45964912","R$ 0,00","R$ 541,18","R$ 0,00","R$ 4.795,62","R$ 5.336,80",
3146255,Padre Carvalho,MG,4,0,0,0,4,0,0,0,10,10,-,"R$ 121,00",-,"R$ 1.004,00","R$ 1.125,00",-,12,-,191,203,0,"10,08333333",0,"5,256544503","5,541871921","R$ 0,00","R$ 0,00","R$ 0,00","R$ 52,57","R$ 52,57",
3146305,Padre Paraíso,MG,42,0,0,0,42,0,0,0,105,105,-,"R$ 2.294,00","R$ 736,00","R$ 2.474,00","R$ 5.504,00",-,165,92,212,469,0,"13,9030303",8,"11,66981132","11,73560768","R$ 0,00","R$ 0,00","R$ 0,00","R$ 1.225,33","R$ 1.225,33",
3146404,Paineiras,MG,186,0,0,0,186,0,0,0,465,465,-,-,"R$ 726,00","R$ 3.089,00","R$ 3.815,00",-,-,108,528,636,0,0,"6,722222222","5,850378788","5,998427673","R$ 0,00","R$ 0,00","R$ 0,00","R$ 2.720,43","R$ 2.720,43",
3146503,Pains,MG,76,0,0,0,76,0,0,0,190,190,-,-,"R$ 135,00","R$ 31.332,00","R$ 31.467,00",-,-,13,5244,5257,0,0,"10,38461538","5,974828375","5,985733308","R$ 0,00","R$ 0,00","R$ 0,00","R$ 1.135,22","R$ 1.135,22",
3146552,Pai Pedro,MG,106,0,0,0,106,0,0,0,265,265,-,-,-,"R$ 1.323,00","R$ 1.323,00",-,-,-,791,791,0,0,0,"1,672566372","1,672566372","R$ 0,00","R$ 0,00","R$ 0,00","R$ 443,23","R$ 443,23",
3146602,Paiva,MG,0,0,0,0,0,0,0,0,0,0,-,"R$ 63,00","R$ 285,00","R$ 477,00","R$ 825,00",-,2,25,54,81,0,"31,5","11,4","8,833333333","10,18518519","R$ 0,00","R$ 0,00","R$ 0,00","R$ 0,00","R$ 0,00",
3146701,Palma,MG,90,0,0,0,90,0,0,0,225,225,-,"R$ 4.439,00","R$ 132,00","R$ 918,00","R$ 5.489,00",-,112,21,88,221,0,"39,63392857","6,285714286","10,43181818","24,83710407","R$ 0,00","R$ 0,00","R$ 0,00","R$ 2.347,16","R$ 2.347,16",
3146750,Palmópolis,MG,4,0,0,0,4,0,0,0,10,10,-,"R$ 54,00","R$ 40,00","R$ 735,00","R$ 829,00",-,2,5,113,120,0,27,8,"6,504424779","6,908333333","R$ 0,00","R$ 0,00","R$ 0,00","R$ 65,04","R$ 65,04",
3146909,Papagaios,MG,1.393,0,0,0,1.393,0,0,0,"3482,5","3482,5",-,-,"R$ 396,00","R$ 9.872,00","R$ 10.268,00",-,-,50,1104,1154,0,0,"7,92","8,942028986","8,897746967","R$ 0,00","R$ 0,00","R$ 0,00","R$ 31.140,62","R$ 31.140,62",
3147006,Paracatu,MG,86.292,0,1.673,25.153,59.465,0,1673,25153,"148662,5","175488,5","R$ 149.400,00","R$ 92.828,00","R$ 261.225,00","R$ 1.057.935,00","R$ 1.561.388,00",12000,1545,25800,187359,226704,"12,45","60,0828479","10,125","5,646566218","6,887342085","R$ 0,00","R$ 100.518,60","R$ 254.674,13","R$ 839.432,65","R$ 1.194.625,38",
3147105,Pará de Minas,MG,250,0,0,0,250,0,0,0,625,625,-,-,"R$ 274,00","R$ 12.738,00","R$ 13.012,00",-,-,38,318,356,0,0,"7,210526316","40,05660377","36,5505618","R$ 0,00","R$ 0,00","R$ 0,00","R$ 25.035,38","R$ 25.035,38",
3147204,Paraguaçu,MG,1.210,0,164,0,1046,0,164,0,2615,2779,-,"R$ 272.065,00",-,"R$ 91.487,00","R$ 363.552,00",-,9950,-,13272,23222,0,"27,34321608",0,"6,893233876","15,6554991","R$ 0,00","R$ 4.484,29","R$ 0,00","R$ 18.025,81","R$ 22.510,09",
3147303,Paraisópolis,MG,166,0,0,0,166,0,0,0,415,415,-,"R$ 2.311,00","R$ 1.210,00","R$ 12.451,00","R$ 15.972,00",-,75,112,586,773,0,"30,81333333","10,80357143","21,24744027","20,66235446","R$ 0,00","R$ 0,00","R$ 0,00","R$ 8.817,69","R$ 8.817,69",
3147402,Paraopeba,MG,1.649,0,0,0,1.649,0,0,0,"4122,5","4122,5",-,-,"R$ 647,00","R$ 24.735,00","R$ 25.382,00",-,-,62,835,897,0,0,"10,43548387","29,62275449","28,29654404","R$ 0,00","R$ 0,00","R$ 0,00","R$ 122.119,81","R$ 122.119,81",
3147501,Passabém,MG,0,0,0,0,0,0,0,0,0,0,-,"R$ 938,00","R$ 271,00","R$ 863,00","R$ 2.072,00",-,30,25,178,233,0,"31,26666667","10,84","4,848314607","8,892703863","R$ 0,00","R$ 0,00","R$ 0,00","R$ 0,00","R$ 0,00",
3147600,Passa Quatro,MG,26,0,0,0,26,0,0,0,65,65,-,-,-,"R$ 5.789,00","R$ 5.789,00",-,-,-,105,105,0,0,0,"55,13333333","55,13333333","R$ 0,00","R$ 0,00","R$ 0,00","R$ 3.583,67","R$ 3.583,67",
3147709,Passa Tempo,MG,162,0,0,0,162,0,0,0,405,405,-,"R$ 2.700,00","R$ 129,00","R$ 26.732,00","R$ 29.561,00",-,80,17,365,462,0,"33,75","7,588235294","73,23835616","63,98484848","R$ 0,00","R$ 0,00","R$ 0,00","R$ 29.661,53","R$ 29.661,53",
3147808,Passa Vinte,MG,0,0,0,0,0,0,0,0,0,0,-,-,"R$ 7,00","R$ 102,00","R$ 109,00",-,-,1,15,16,0,0,7,"6,8","6,8125","R$ 0,00","R$ 0,00","R$ 0,00","R$ 0,00","R$ 0,00",
3147907,Passos,MG,4.684,0,0,3.661,1024,0,0,3661,2560,6221,-,"R$ 133.439,00","R$ 134.670,00","R$ 181.480,00","R$ 449.589,00",-,3370,12860,31709,47939,0,"39,59614243","10,47200622","5,723296225","9,378355827","R$ 0,00","R$ 0,00","R$ 38.338,01","R$ 14.651,64","R$ 52.989,65",
3147956,Patis,MG,254,0,81,0,173,0,81,0,"432,5","513,5",-,"R$ 363,00","R$ 240,00","R$ 657,00","R$ 1.260,00",-,20,40,160,220,0,"18,15",6,"4,10625","5,727272727","R$ 0,00","R$ 1.470,15","R$ 0,00","R$ 1.775,95","R$ 3.246,10",
3148004,Patos de Minas,MG,10.292,0,5.906,325,4.060,0,5906,325,10150,16381,-,"R$ 305.060,00","R$ 1.572,00","R$ 427.822,00","R$ 734.454,00",-,9175,126,59219,68520,0,"33,24904632","12,47619048","7,22440433","10,71882662","R$ 0,00","R$ 196.368,87","R$ 4.054,76","R$ 73.327,70","R$ 273.751,33",
3148103,Patrocínio,MG,18.433,0,14.242,0,4.191,0,14242,0,"10477,5","24719,5",-,"R$ 1.387.740,00","R$ 67,00","R$ 548.875,00","R$ 1.936.682,00",-,42830,9,73451,116290,0,"32,40112071","7,444444444","7,472668854","16,65389973","R$ 0,00","R$ 461.456,76","R$ 0,00","R$ 78.294,89","R$ 539.751,65",
3148202,Patrocínio do Muriaé,MG,35,0,0,0,35,0,0,0,"87,5","87,5","R$ 8,00",-,"R$ 49,00","R$ 307,00","R$ 364,00",1,-,6,43,50,8,0,"8,166666667","7,139534884","7,28","R$ 0,00","R$ 0,00","R$ 0,00","R$ 624,71","R$ 624,71",
3148301,Paula Cândido,MG,95,0,0,0,95,0,0,0,"237,5","237,5",-,"R$ 39.719,00","R$ 296,00","R$ 11.318,00","R$ 51.333,00",-,1370,37,1273,2680,0,"28,9919708",8,"8,890809112","19,15410448","R$ 0,00","R$ 0,00","R$ 0,00","R$ 2.111,57","R$ 2.111,57",
3148400,Paulistas,MG,0,0,0,0,0,0,0,0,0,0,-,-,"R$ 61,00","R$ 2.849,00","R$ 2.910,00",-,-,8,674,682,0,0,"7,625","4,227002967","4,26686217","R$ 0,00","R$ 0,00","R$ 0,00","R$ 0,00","R$ 0,00",
3148509,Pavão,MG,128,0,0,0,128,0,0,0,320,320,-,-,-,"R$ 566,00","R$ 566,00",-,-,-,95,95,0,0,0,"5,957894737","5,957894737","R$ 0,00","R$ 0,00","R$ 0,00","R$ 1.906,53","R$ 1.906,53",
3148608,Peçanha,MG,1.118,0,0,0,1.118,0,0,0,2795,2795,"R$ 12,00","R$ 6.293,00","R$ 435,00","R$ 1.642,00","R$ 8.382,00",3,166,68,110,347,4,"37,90963855","6,397058824","14,92727273","24,1556196","R$ 0,00","R$ 0,00","R$ 0,00","R$ 41.721,73","R$ 41.721,73",
3148707,Pedra Azul,MG,64,0,0,0,64,0,0,0,160,160,-,"R$ 162,00","R$ 516,00","R$ 1.891,00","R$ 2.569,00",-,10,86,536,632,0,"16,2",6,"3,527985075","4,064873418","R$ 0,00","R$ 0,00","R$ 0,00","R$ 564,48","R$ 564,48",
3148756,Pedra Bonita,MG,0,0,0,0,0,0,0,0,0,0,-,"R$ 90.000,00",-,"R$ 1.060,00","R$ 91.060,00",-,3750,-,401,4151,0,24,0,"2,643391521","21,93688268","R$ 0,00","R$ 0,00","R$ 0,00","R$ 0,00","R$ 0,00",
3148806,Pedra do Anta,MG,144,0,0,0,144,0,0,0,360,360,-,"R$ 6.276,00","R$ 374,00","R$ 3.031,00","R$ 9.681,00",-,240,41,470,751,0,"26,15","9,12195122","6,44893617","12,89081225","R$ 0,00","R$ 0,00","R$ 0,00","R$ 2.321,62","R$ 2.321,62",
3148905,Pedra do Indaiá,MG,18,0,0,0,18,0,0,0,45,45,-,-,-,"R$ 1.594,00","R$ 1.594,00",-,-,-,241,241,0,0,0,"6,614107884","6,614107884","R$ 0,00","R$ 0,00","R$ 0,00","R$ 297,63","R$ 297,63",
3149002,Pedra Dourada,MG,0,0,0,0,0,0,0,0,0,0,-,"R$ 33.380,00","R$ 94,00","R$ 895,00","R$ 34.369,00",-,1300,12,173,1485,0,"25,67692308","7,833333333","5,173410405","23,14410774","R$ 0,00","R$ 0,00","R$ 0,00","R$ 0,00","R$ 0,00",
3149101,Pedralva,MG,82,0,0,0,82,0,0,0,205,205,"R$ 11,00","R$ 82.552,00",-,"R$ 55.068,00","R$ 137.631,00",3,2530,-,2078,4611,"3,666666667","32,62924901",0,"26,50048123","29,84840599","R$ 0,00","R$ 0,00","R$ 0,00","R$ 5.432,60","R$ 5.432,60",
3149150,Pedras de Maria da Cruz,MG,832,0,0,0,832,0,0,0,2080,2080,-,-,"R$ 64,00","R$ 8.715,00","R$ 8.779,00",-,-,10,465,475,0,0,"6,4","18,74193548","18,48210526","R$ 0,00","R$ 0,00","R$ 0,00","R$ 38.983,23","R$ 38.983,23",
3149200,Pedrinópolis,MG,2.070,0,14,0,2.056,0,14,0,5140,5154,-,"R$ 16.381,00","R$ 11.934,00","R$ 148.167,00","R$ 176.482,00",-,430,1000,15817,17247,0,"38,09534884","11,934","9,367579187","10,23262017","R$ 0,00","R$ 533,33","R$ 0,00","R$ 48.149,36","R$ 48.682,69",
3149309,Pedro Leopoldo,MG,113,0,0,0,113,0,0,0,"282,5","282,5",-,-,-,"R$ 1.004,00","R$ 1.004,00",-,-,-,79,79,0,0,0,"12,70886076","12,70886076","R$ 0,00","R$ 0,00","R$ 0,00","R$ 3.590,25","R$ 3.590,25",
3149408,Pedro Teixeira,MG,0,0,0,0,0,0,0,0,0,0,"R$ 12,00",-,"R$ 65,00","R$ 637,00","R$ 714,00",6,-,7,78,91,2,0,"9,285714286","8,166666667","7,846153846","R$ 0,00","R$ 0,00","R$ 0,00","R$ 0,00","R$ 0,00",
3149507,Pequeri,MG,0,0,0,0,0,0,0,0,0,0,-,-,-,"R$ 242,00","R$ 242,00",-,-,-,16,16,0,0,0,"15,125","15,125","R$ 0,00","R$ 0,00","R$ 0,00","R$ 0,00","R$ 0,00",
3149606,Pequi,MG,247,0,0,0,247,0,0,0,"617,5","617,5",-,-,"R$ 44,00","R$ 18.769,00","R$ 18.813,00",-,-,5,193,198,0,0,"8,8","97,24870466","95,01515152","R$ 0,00","R$ 0,00","R$ 0,00","R$ 60.051,08","R$ 60.051,08",
3149705,Perdigão,MG,6,0,0,0,6,0,0,0,15,15,-,-,"R$ 131,00","R$ 3.302,00","R$ 3.433,00",-,-,16,191,207,0,0,"8,1875","17,28795812","16,58454106","R$ 0,00","R$ 0,00","R$ 0,00","R$ 259,32","R$ 259,32",
3149804,Perdizes,MG,21.680,0,945,7.811,12.924,0,945,7811,32310,41066,-,"R$ 132.036,00","R$ 463.680,00","R$ 1.958.570,00","R$ 2.554.286,00",-,5595,40000,97309,142904,0,"23,59892761","11,592","20,12732635","17,87413928","R$ 0,00","R$ 22.300,99","R$ 90.545,11","R$ 650.313,91","R$ 763.160,01",
3149903,Perdões,MG,512,0,0,0,512,0,0,0,1280,1280,-,"R$ 110.789,00","R$ 1.387,00","R$ 20.428,00","R$ 132.604,00",-,3340,136,1897,5373,0,"33,17035928","10,19852941","10,76858197","24,67969477","R$ 0,00","R$ 0,00","R$ 0,00","R$ 13.783,78","R$ 13.783,78",
3149952,Periquito,MG,668,0,0,0,668,0,0,0,1670,1670,-,-,"R$ 185,00","R$ 770,00","R$ 955,00",-,-,25,69,94,0,0,"7,4","11,15942029","10,15957447","R$ 0,00","R$ 0,00","R$ 0,00","R$ 18.636,23","R$ 18.636,23",
3150000,Pescador,MG,6,0,0,0,6,0,0,0,15,15,-,-,"R$ 90,00","R$ 253,00","R$ 343,00",-,-,10,44,54,0,0,9,"5,75","6,351851852","R$ 0,00","R$ 0,00","R$ 0,00","R$ 86,25","R$ 86,25",
3150109,Piau,MG,151,0,0,0,151,0,0,0,"377,5","377,5",-,-,-,"R$ 35.054,00","R$ 35.054,00",-,-,-,1306,1306,0,0,0,"26,84073507","26,84073507","R$ 0,00","R$ 0,00","R$ 0,00","R$ 10.132,38","R$ 10.132,38",
3150158,Piedade de Caratinga,MG,672,0,0,0,672,0,0,0,1680,1680,-,"R$ 130.830,00","R$ 74,00","R$ 9.989,00","R$ 140.893,00",-,3500,8,245,3753,0,"37,38","9,25","40,77142857","37,54143352","R$ 0,00","R$ 0,00","R$ 0,00","R$ 68.496,00","R$ 68.496,00",
3150208,Piedade de Ponte Nova,MG,614,0,0,229,385,0,0,229,"962,5","1191,5",-,-,"R$ 9.600,00","R$ 196,00","R$ 9.796,00",-,-,1000,48,1048,0,0,"9,6","4,083333333","9,347328244","R$ 0,00","R$ 0,00","R$ 2.198,40","R$ 3.930,21","R$ 6.128,61",
3150307,Piedade do Rio Grande,MG,2,0,0,0,2,0,0,0,5,5,-,-,"R$ 167,00","R$ 49.961,00","R$ 50.128,00",-,-,21,5872,5893,0,0,"7,952380952","8,508344687","8,506363482","R$ 0,00","R$ 0,00","R$ 0,00","R$ 42,54","R$ 42,54",
3150406,Piedade dos Gerais,MG,36,0,0,0,36,0,0,0,90,90,-,-,-,"R$ 46.543,00","R$ 46.543,00",-,-,-,1658,1658,0,0,0,"28,07177322","28,07177322","R$ 0,00","R$ 0,00","R$ 0,00","R$ 2.526,46","R$ 2.526,46",
3150505,Pimenta,MG,625,0,304,0,321,0,304,0,"802,5","1106,5",-,"R$ 66.132,00","R$ 388,00","R$ 73.827,00","R$ 140.347,00",-,2142,50,12420,14612,0,"30,87394958","7,76","5,944202899","9,60491377","R$ 0,00","R$ 9.385,68","R$ 0,00","R$ 4.770,22","R$ 14.155,90",
3150539,Pingo d'Água,MG,0,0,0,0,0,0,0,0,0,0,"R$ 24,00",-,"R$ 177,00","R$ 778,00","R$ 979,00",5,-,31,169,205,"4,8",0,"5,709677419","4,603550296","4,775609756","R$ 0,00","R$ 0,00","R$ 0,00","R$ 0,00","R$ 0,00",
3150570,Pintópolis,MG,29,0,0,0,29,0,0,0,"72,5","72,5",-,-,"R$ 204,00","R$ 1.656,00","R$ 1.860,00",-,-,34,302,336,0,0,6,"5,483443709","5,535714286","R$ 0,00","R$ 0,00","R$ 0,00","R$ 397,55","R$ 397,55",
3150604,Piracema,MG,20,0,0,0,20,0,0,0,50,50,"R$ 27,00","R$ 88,00","R$ 1.479,00","R$ 5.251,00","R$ 6.845,00",2,5,174,350,531,"13,5","17,6","8,5","15,00285714","12,89077213","R$ 0,00","R$ 0,00","R$ 0,00","R$ 750,14","R$ 750,14",
3150703,Pirajuba,MG,12.186,0,0,10.664,1.522,0,0,10664,3805,14469,-,-,"R$ 140.448,00","R$ 97.868,00","R$ 238.316,00",-,-,12000,16836,28836,0,0,"11,704","5,81301972","8,264530448","R$ 0,00","R$ 0,00","R$ 124.811,46","R$ 22.118,54","R$ 146.930,00",
3150802,Piranga,MG,4,0,0,0,4,0,0,0,10,10,"R$ 18,00","R$ 6.259,00","R$ 666,00","R$ 12.059,00","R$ 19.002,00",3,160,100,1943,2206,6,"39,11875","6,66","6,206381884","8,613780598","R$ 0,00","R$ 0,00","R$ 0,00","R$ 62,06","R$ 62,06",
3150901,Piranguçu,MG,185,107,0,0,78,214,0,0,195,409,"R$ 270,00","R$ 156,00",-,"R$ 16.892,00","R$ 17.318,00",30,6,-,610,646,9,26,0,"27,69180328","26,80804954","R$ 1.926,00","R$ 0,00","R$ 0,00","R$ 5.399,90","R$ 7.325,90",
3151008,Piranguinho,MG,10,0,0,0,10,0,0,0,25,25,-,"R$ 15.711,00","R$ 99,00","R$ 3.182,00","R$ 18.992,00",-,473,10,298,781,0,"33,21564482","9,9","10,67785235","24,31754161","R$ 0,00","R$ 0,00","R$ 0,00","R$ 266,95","R$ 266,95",
3151107,Pirapetinga,MG,83,0,83,0,0,0,83,0,0,83,-,"R$ 4.735,00",-,"R$ 1.294,00","R$ 6.029,00",-,85,-,101,186,0,"55,70588235",0,"12,81188119","32,41397849","R$ 0,00","R$ 4.623,59","R$ 0,00","R$ 0,00","R$ 4.623,59",
3151206,Pirapora,MG,6.305,0,946,0,5.360,0,946,0,13400,14346,-,"R$ 50.646,00","R$ 415,00","R$ 107.063,00","R$ 158.124,00",-,890,42,2194,3126,0,"56,90561798","9,880952381","48,79808569","50,58349328","R$ 0,00","R$ 53.832,71","R$ 0,00","R$ 653.894,35","R$ 707.727,06",
3151305,Piraúba,MG,132,0,0,0,132,0,0,0,330,330,-,-,-,"R$ 18.803,00","R$ 18.803,00",-,-,-,581,581,0,0,0,"32,36316695","32,36316695","R$ 0,00","R$ 0,00","R$ 0,00","R$ 10.679,85","R$ 10.679,85",
3151404,Pitangui,MG,249,0,0,0,249,0,0,0,"622,5","622,5",-,-,"R$ 1.778,00","R$ 13.845,00","R$ 15.623,00",-,-,156,2577,2733,0,0,"11,3974359","5,372526193","5,716428833","R$ 0,00","R$ 0,00","R$ 0,00","R$ 3.344,40","R$ 3.344,40",
3151503,Piumhi,MG,1.336,0,768,0,568,0,768,0,1420,2188,-,"R$ 321.868,00","R$ 63,00","R$ 131.985,00","R$ 453.916,00",-,12620,8,26155,38783,0,"25,50459588","7,875","5,046262665","11,70399402","R$ 0,00","R$ 19.587,53","R$ 0,00","R$ 7.165,69","R$ 26.753,22",
3151602,Planura,MG,5.266,0,0,1752,3.514,0,0,1752,8785,10537,-,-,"R$ 104.040,00","R$ 141.156,00","R$ 245.196,00",-,-,8500,24725,33225,0,0,"12,24","5,709039434","7,37986456","R$ 0,00","R$ 0,00","R$ 21.444,48","R$ 50.153,91","R$ 71.598,39",
3151701,Poço Fundo,MG,102,0,1,0,101,0,1,0,"252,5","253,5",-,"R$ 300.318,00","R$ 709,00","R$ 18.010,00","R$ 319.037,00",-,9845,81,1822,11748,0,"30,50462164","8,75308642","9,884742042","27,15670752","R$ 0,00","R$ 30,50","R$ 0,00","R$ 2.495,90","R$ 2.526,40",
3151800,Poços de Caldas,MG,379,0,0,0,379,0,0,0,"947,5","947,5",-,"R$ 136.479,00",-,"R$ 58.488,00","R$ 194.967,00",-,3700,-,2564,6264,0,"36,88621622",0,"22,81123245","31,125","R$ 0,00","R$ 0,00","R$ 0,00","R$ 21.613,64","R$ 21.613,64",
3151909,Pocrane,MG,336,0,16,0,320,0,16,0,800,816,"R$ 35,00","R$ 33.775,00","R$ 75,00","R$ 1.701,00","R$ 35.586,00",6,728,9,377,1120,"5,833333333","46,39423077","8,333333333","4,51193634","31,77321429","R$ 0,00","R$ 742,31","R$ 0,00","R$ 3.609,55","R$ 4.351,86",
3152006,Pompéu,MG,6.293,0,0,4.000,2.294,0,0,4000,5735,9735,-,-,"R$ 264.099,00","R$ 33.706,00","R$ 297.805,00",-,-,26580,4683,31263,0,0,"9,936004515","7,197522955","9,525797268","R$ 0,00","R$ 0,00","R$ 39.744,02","R$ 41.277,79","R$ 81.021,81",
3152105,Ponte Nova,MG,401,0,0,0,401,0,0,0,"1002,5","1002,5",-,"R$ 81,00","R$ 12.403,00","R$ 3.715,00","R$ 16.199,00",-,2,1200,258,1460,0,"40,5","10,33583333","14,39922481","11,09520548","R$ 0,00","R$ 0,00","R$ 0,00","R$ 14.435,22","R$ 14.435,22",
3152131,Ponto Chique,MG,0,0,0,0,0,0,0,0,0,0,-,-,-,"R$ 598,00","R$ 598,00",-,-,-,369,369,0,0,0,"1,620596206","1,620596206","R$ 0,00","R$ 0,00","R$ 0,00","R$ 0,00","R$ 0,00",
3152170,Ponto dos Volantes,MG,240,0,0,0,240,0,0,0,600,600,-,"R$ 660,00","R$ 302,00","R$ 6.995,00","R$ 7.957,00",-,60,53,294,407,0,11,"5,698113208","23,79251701","19,55036855","R$ 0,00","R$ 0,00","R$ 0,00","R$ 14.275,51","R$ 14.275,51",
3152204,Porteirinha,MG,948,0,0,0,948,0,0,0,2370,2370,"R$ 8,00",-,"R$ 30,00","R$ 15.210,00","R$ 15.248,00",3,-,5,1913,1921,"2,666666667",0,6,"7,95086252","7,937532535","R$ 0,00","R$ 0,00","R$ 0,00","R$ 18.843,54","R$ 18.843,54",
3152303,Porto Firme,MG,115,0,0,0,115,0,0,0,"287,5","287,5","R$ 12,00","R$ 14.239,00","R$ 326,00","R$ 9.381,00","R$ 23.958,00",4,475,41,2196,2716,3,"29,97684211","7,951219512","4,271857923","8,821060383","R$ 0,00","R$ 0,00","R$ 0,00","R$ 1.228,16","R$ 1.228,16",
3152402,Poté,MG,86,0,0,0,86,0,0,0,215,215,-,"R$ 520,00","R$ 1.417,00","R$ 2.474,00","R$ 4.411,00",-,24,184,377,585,0,"21,66666667","7,701086957","6,562334218","7,54017094","R$ 0,00","R$ 0,00","R$ 0,00","R$ 1.410,90","R$ 1.410,90",
3152501,Pouso Alegre,MG,967,0,0,0,967,0,0,0,"2417,5","2417,5",-,"R$ 1.304,00",-,"R$ 77.420,00","R$ 78.724,00",-,33,-,3542,3575,0,"39,51515152",0,"21,85770751","22,0206993","R$ 0,00","R$ 0,00","R$ 0,00","R$ 52.841,01","R$ 52.841,01",
3152600,Pouso Alto,MG,14,0,0,0,14,0,0,0,35,35,-,"R$ 3.274,00",-,"R$ 3.792,00","R$ 7.066,00",-,100,-,287,387,0,"32,74",0,"13,21254355","18,25839793","R$ 0,00","R$ 0,00","R$ 0,00","R$ 462,44","R$ 462,44",
3152709,Prados,MG,18,0,0,0,18,0,0,0,45,45,"R$ 98,00",-,"R$ 622,00","R$ 17.364,00","R$ 18.084,00",15,-,56,2420,2491,"6,533333333",0,"11,10714286","7,175206612","7,259735046","R$ 0,00","R$ 0,00","R$ 0,00","R$ 322,88","R$ 322,88",
3152808,Prata,MG,4.745,0,0,1.308,3.437,0,0,1308,"8592,5","9900,5",-,-,"R$ 114.264,00","R$ 578.023,00","R$ 692.287,00",-,-,10350,59215,69565,0,0,"11,04","9,761428692","9,951656724","R$ 0,00","R$ 0,00","R$ 14.440,32","R$ 83.875,08","R$ 98.315,40",
3152907,Pratápolis,MG,43,0,0,0,43,0,0,0,"107,5","107,5",-,"R$ 4.067,00","R$ 45,00","R$ 57.548,00","R$ 61.660,00",-,176,5,8532,8713,0,"23,10795455",9,"6,74496015","7,07678182","R$ 0,00","R$ 0,00","R$ 0,00","R$ 725,08","R$ 725,08",
3153004,Pratinha,MG,236,0,0,0,236,0,0,0,590,590,-,"R$ 156.004,00","R$ 90,00","R$ 61.743,00","R$ 217.837,00",-,4200,11,5132,9343,0,"37,14380952","8,181818182","12,03098207","23,31553034","R$ 0,00","R$ 0,00","R$ 0,00","R$ 7.098,28","R$ 7.098,28",
3153103,Presidente Bernardes,MG,44,0,0,0,44,0,0,0,110,110,"R$ 6,00","R$ 7.236,00","R$ 393,00","R$ 9.434,00","R$ 17.069,00",2,345,45,2020,2412,3,"20,97391304","8,733333333","4,67029703","7,076699834","R$ 0,00","R$ 0,00","R$ 0,00","R$ 513,73","R$ 513,73",
3153202,Presidente Juscelino,MG,258,0,0,0,258,0,0,0,645,645,-,-,-,"R$ 2.483,00","R$ 2.483,00",-,-,-,399,399,0,0,0,"6,223057644","6,223057644","R$ 0,00","R$ 0,00","R$ 0,00","R$ 4.013,87","R$ 4.013,87",
3153301,Presidente Kubitschek,MG,0,0,0,0,0,0,0,0,0,0,-,"R$ 296,00","R$ 624,00","R$ 711,00","R$ 1.631,00",-,19,73,103,195,0,"15,57894737","8,547945205","6,902912621","8,364102564","R$ 0,00","R$ 0,00","R$ 0,00","R$ 0,00","R$ 0,00",
3153400,Presidente Olegário,MG,9.023,0,4.491,1.646,2.886,0,4491,1646,7215,13352,"R$ 211,00","R$ 207.740,00","R$ 40.607,00","R$ 283.266,00","R$ 531.824,00",60,5410,3800,40149,49419,"3,516666667","38,39926063","10,68605263","7,055368751","10,76152897","R$ 0,00","R$ 172.451,08","R$ 17.589,24","R$ 50.904,49","R$ 240.944,81",
3153509,Alto Jequitibá,MG,76,0,0,0,76,0,0,0,190,190,-,"R$ 109.140,00","R$ 59,00","R$ 1.656,00","R$ 110.855,00",-,5350,10,414,5774,0,"20,4","5,9",4,"19,1989955","R$ 0,00","R$ 0,00","R$ 0,00","R$ 760,00","R$ 760,00",
3153608,Prudente de Morais,MG,52,0,0,0,52,0,0,0,130,130,-,-,"R$ 62,00","R$ 254,00","R$ 316,00",-,-,6,50,56,0,0,"10,33333333","5,08","5,642857143","R$ 0,00","R$ 0,00","R$ 0,00","R$ 660,40","R$ 660,40",
3153707,Quartel Geral,MG,320,0,143,0,177,0,143,0,"442,5","585,5",-,"R$ 11.813,00","R$ 46,00","R$ 4.870,00","R$ 16.729,00",-,175,5,655,835,0,"67,50285714","9,2","7,435114504","20,03473054","R$ 0,00","R$ 9.652,91","R$ 0,00","R$ 3.290,04","R$ 12.942,95",
3153806,Queluzito,MG,0,0,0,0,0,0,0,0,0,0,-,-,-,"R$ 5.383,00","R$ 5.383,00",-,-,-,339,339,0,0,0,"15,87905605","15,87905605","R$ 0,00","R$ 0,00","R$ 0,00","R$ 0,00","R$ 0,00",
3153905,Raposos,MG,3,0,0,0,3,0,0,0,"7,5","7,5",-,"R$ 81,00",-,"R$ 0,00","R$ 81,00",-,3,-,0,3,0,27,0,0,27,"R$ 0,00","R$ 0,00","R$ 0,00","R$ 0,00","R$ 0,00",
3154002,Raul Soares,MG,193,0,24,0,169,0,24,0,"422,5","446,5","R$ 12,00","R$ 116.803,00","R$ 1.439,00","R$ 9.479,00","R$ 127.733,00",2,3480,144,1529,5155,6,"33,56408046","9,993055556","6,199476782","24,77846751","R$ 0,00","R$ 805,54","R$ 0,00","R$ 2.619,28","R$ 3.424,82",
3154101,Recreio,MG,72,0,0,0,72,0,0,0,180,180,-,-,-,"R$ 160,00","R$ 160,00",-,-,-,25,25,0,0,0,"6,4","6,4","R$ 0,00","R$ 0,00","R$ 0,00","R$ 1.152,00","R$ 1.152,00",
3154150,Reduto,MG,0,0,0,0,0,0,0,0,0,0,-,"R$ 79.200,00",-,"R$ 122,00","R$ 79.322,00",-,3300,-,30,3330,0,24,0,"4,066666667","23,82042042","R$ 0,00","R$ 0,00","R$ 0,00","R$ 0,00","R$ 0,00",
3154200,Resende Costa,MG,0,0,0,0,0,0,0,0,0,0,-,-,"R$ 239,00","R$ 6.983,00","R$ 7.222,00",-,-,21,1012,1033,0,0,"11,38095238","6,900197628","6,991287512","R$ 0,00","R$ 0,00","R$ 0,00","R$ 0,00","R$ 0,00",
3154309,Resplendor,MG,224,0,44,0,180,0,44,0,450,494,"R$ 98,00","R$ 9.515,00","R$ 196,00","R$ 1.937,00","R$ 11.746,00",20,220,21,416,677,"4,9","43,25","9,333333333","4,65625","17,35007386","R$ 0,00","R$ 1.903,00","R$ 0,00","R$ 2.095,31","R$ 3.998,31",
3154408,Ressaquinha,MG,1.843,0,0,0,1.843,0,0,0,"4607,5","4607,5",-,-,"R$ 137,00","R$ 13.338,00","R$ 13.475,00",-,-,13,894,907,0,0,"10,53846154","14,91946309","14,85667034","R$ 0,00","R$ 0,00","R$ 0,00","R$ 68.741,43","R$ 68.741,43",
3154457,Riachinho,MG,522,0,0,0,522,0,0,0,1305,1305,-,-,"R$ 361,00","R$ 74.998,00","R$ 75.359,00",-,-,50,10606,10656,0,0,"7,22","7,071280407","7,071978228","R$ 0,00","R$ 0,00","R$ 0,00","R$ 9.228,02","R$ 9.228,02",
3154507,Riacho dos Machados,MG,86,0,0,0,86,0,0,0,215,215,-,-,"R$ 126,00","R$ 911,00","R$ 1.037,00",-,-,21,366,387,0,0,6,"2,489071038","2,679586563","R$ 0,00","R$ 0,00","R$ 0,00","R$ 535,15","R$ 535,15",
3154606,Ribeirão das Neves,MG,46,0,0,0,46,0,0,0,115,115,-,-,"R$ 50,00","R$ 197,00","R$ 247,00",-,-,5,10,15,0,0,10,"19,7","16,46666667","R$ 0,00","R$ 0,00","R$ 0,00","R$ 2.265,50","R$ 2.265,50",
3154705,Ribeirão Vermelho,MG,0,0,0,0,0,0,0,0,0,0,-,"R$ 8.339,00",-,"R$ 5.233,00","R$ 13.572,00",-,285,-,687,972,0,"29,25964912",0,"7,617176128","13,96296296","R$ 0,00","R$ 0,00","R$ 0,00","R$ 0,00","R$ 0,00",
3154804,Rio Acima,MG,11,0,0,0,11,0,0,0,"27,5","27,5",-,-,"R$ 43,00","R$ 114,00","R$ 157,00",-,-,5,11,16,0,0,"8,6","10,36363636","9,8125","R$ 0,00","R$ 0,00","R$ 0,00","R$ 285,00","R$ 285,00",
3154903,Rio Casca,MG,60,0,0,1,59,0,0,1,"147,5","148,5",-,-,"R$ 4.543,00","R$ 13.944,00","R$ 18.487,00",-,-,600,2550,3150,0,0,"7,571666667","5,468235294","5,868888889","R$ 0,00","R$ 0,00","R$ 7,57","R$ 806,56","R$ 814,14",
3155009,Rio Doce,MG,2,0,0,0,2,0,0,0,5,5,-,-,-,"R$ 338,00","R$ 338,00",-,-,-,86,86,0,0,0,"3,930232558","3,930232558","R$ 0,00","R$ 0,00","R$ 0,00","R$ 19,65","R$ 19,65",
3155108,Rio do Prado,MG,0,0,0,0,0,0,0,0,0,0,-,-,-,"R$ 375,00","R$ 375,00",-,-,-,82,82,0,0,0,"4,573170732","4,573170732","R$ 0,00","R$ 0,00","R$ 0,00","R$ 0,00","R$ 0,00",
3155207,Rio Espera,MG,51,0,0,0,51,0,0,0,"127,5","127,5","R$ 105,00","R$ 61,00","R$ 3.137,00","R$ 3.495,00","R$ 6.798,00",17,2,410,889,1318,"6,176470588","30,5","7,651219512","3,931383577","5,157814871","R$ 0,00","R$ 0,00","R$ 0,00","R$ 501,25","R$ 501,25",
3155306,Rio Manso,MG,1.101,0,0,0,1.101,0,0,0,"2752,5","2752,5",-,-,"R$ 138,00","R$ 6.078,00","R$ 6.216,00",-,-,15,216,231,0,0,"9,2","28,13888889","26,90909091","R$ 0,00","R$ 0,00","R$ 0,00","R$ 77.452,29","R$ 77.452,29",
3155405,Rio Novo,MG,0,0,0,0,0,0,0,0,0,0,-,-,-,"R$ 1.309,00","R$ 1.309,00",-,-,-,76,76,0,0,0,"17,22368421","17,22368421","R$ 0,00","R$ 0,00","R$ 0,00","R$ 0,00","R$ 0,00",
3155504,Rio Paranaíba,MG,16.458,0,1.673,0,14.785,0,1673,0,"36962,5","38635,5",-,"R$ 454.780,00","R$ 111,00","R$ 1.070.849,00","R$ 1.525.740,00",-,13535,10,31581,45126,0,"33,60029553","11,1","33,90801431","33,81066348","R$ 0,00","R$ 56.213,29","R$ 0,00","R$ 1.253.324,98","R$ 1.309.538,27",
3155603,Rio Pardo de Minas,MG,1.865,0,512,0,1.352,0,512,0,3380,3892,"R$ 233,00","R$ 36.723,00","R$ 9.450,00","R$ 45.693,00","R$ 92.099,00",100,560,1200,6055,7915,"2,33","65,57678571","7,875","7,546325351","11,63600758","R$ 0,00","R$ 33.575,31","R$ 0,00","R$ 25.506,58","R$ 59.081,89",
3155702,Rio Piracicaba,MG,9,0,0,0,9,0,0,0,"22,5","22,5",-,-,"R$ 167,00","R$ 994,00","R$ 1.161,00",-,-,20,184,204,0,0,"8,35","5,402173913","5,691176471","R$ 0,00","R$ 0,00","R$ 0,00","R$ 121,55","R$ 121,55",
3155801,Rio Pomba,MG,203,0,0,0,203,0,0,0,"507,5","507,5",-,-,-,"R$ 3.568,00","R$ 3.568,00",-,-,-,215,215,0,0,0,"16,59534884","16,59534884","R$ 0,00","R$ 0,00","R$ 0,00","R$ 8.422,14","R$ 8.422,14",
3155900,Rio Preto,MG,0,0,0,0,0,0,0,0,0,0,-,-,"R$ 105,00","R$ 415,00","R$ 520,00",-,-,12,36,48,0,0,"8,75","11,52777778","10,83333333","R$ 0,00","R$ 0,00","R$ 0,00","R$ 0,00","R$ 0,00",
3156007,Rio Vermelho,MG,9,0,0,0,9,0,0,0,"22,5","22,5","R$ 6,00","R$ 243,00","R$ 361,00","R$ 2.676,00","R$ 3.286,00",2,13,47,416,478,3,"18,69230769","7,680851064","6,432692308","6,874476987","R$ 0,00","R$ 0,00","R$ 0,00","R$ 144,74","R$ 144,74",
3156106,Ritápolis,MG,0,0,0,0,0,0,0,0,0,0,-,"R$ 8.289,00","R$ 263,00","R$ 4.966,00","R$ 13.518,00",-,225,29,727,981,0,"36,84","9,068965517","6,830811554","13,77981651","R$ 0,00","R$ 0,00","R$ 0,00","R$ 0,00","R$ 0,00",
3156205,Rochedo de Minas,MG,0,0,0,0,0,0,0,0,0,0,-,-,-,"R$ 32,00","R$ 32,00",-,-,-,6,6,0,0,0,"5,333333333","5,333333333","R$ 0,00","R$ 0,00","R$ 0,00","R$ 0,00","R$ 0,00",
3156304,Rodeiro,MG,76,0,0,0,76,0,0,0,190,190,-,-,-,"R$ 1.726,00","R$ 1.726,00",-,-,-,101,101,0,0,0,"17,08910891","17,08910891","R$ 0,00","R$ 0,00","R$ 0,00","R$ 3.246,93","R$ 3.246,93",
3156403,Romaria,MG,17.312,0,8.683,0,8.629,0,8683,0,"21572,5","30255,5",-,"R$ 253.799,00",-,"R$ 132.741,00","R$ 386.540,00",-,5700,-,18373,24073,0,"44,52614035",0,"7,224786371","16,05699331","R$ 0,00","R$ 386.620,48","R$ 0,00","R$ 155.856,70","R$ 542.477,18",
3156452,Rosário da Limeira,MG,0,0,0,0,0,0,0,0,0,0,-,"R$ 17.910,00","R$ 56,00","R$ 1.413,00","R$ 19.379,00",-,790,7,213,1010,0,"22,67088608",8,"6,633802817","19,18712871","R$ 0,00","R$ 0,00","R$ 0,00","R$ 0,00","R$ 0,00",
3156502,Rubelita,MG,335,0,0,0,335,0,0,0,"837,5","837,5",-,-,"R$ 232,00","R$ 551,00","R$ 783,00",-,-,29,61,90,0,0,8,"9,032786885","8,7","R$ 0,00","R$ 0,00","R$ 0,00","R$ 7.564,96","R$ 7.564,96",
3156601,Rubim,MG,17,0,0,0,17,0,0,0,"42,5","42,5",-,-,-,"R$ 753,00","R$ 753,00",-,-,-,133,133,0,0,0,"5,661654135","5,661654135","R$ 0,00","R$ 0,00","R$ 0,00","R$ 240,62","R$ 240,62",
3156700,Sabará,MG,54,0,0,0,54,0,0,0,135,135,-,"R$ 100,00","R$ 81,00","R$ 6.366,00","R$ 6.547,00",-,6,9,177,192,0,"16,66666667",9,"35,96610169","34,09895833","R$ 0,00","R$ 0,00","R$ 0,00","R$ 4.855,42","R$ 4.855,42",
3156809,Sabinópolis,MG,682,0,0,0,682,0,0,0,1705,1705,-,"R$ 359,00","R$ 1.426,00","R$ 3.880,00","R$ 5.665,00",-,15,144,661,820,0,"23,93333333","9,902777778","5,8698941","6,908536585","R$ 0,00","R$ 0,00","R$ 0,00","R$ 10.008,17","R$ 10.008,17",
3156908,Sacramento,MG,5.830,0,265,3.103,2.463,0,265,3103,"6157,5","9525,5",-,"R$ 82.150,00","R$ 167.729,00","R$ 1.288.448,00","R$ 1.538.327,00",-,2350,15900,98847,117097,0,"34,95744681","10,54899371","13,03477091","13,13720249","R$ 0,00","R$ 9.263,72","R$ 32.733,53","R$ 80.261,60","R$ 122.258,85",
3157005,Salinas,MG,1.515,0,0,0,1.515,0,0,0,"3787,5","3787,5",-,"R$ 256,00","R$ 2.326,00","R$ 18.574,00","R$ 21.156,00",-,14,306,2994,3314,0,"18,28571429","7,60130719","6,203740815","6,383826192","R$ 0,00","R$ 0,00","R$ 0,00","R$ 23.496,67","R$ 23.496,67",
3157104,Salto da Divisa,MG,0,0,0,0,0,0,0,0,0,0,-,-,-,"R$ 511,00","R$ 511,00",-,-,-,24,24,0,0,0,"21,29166667","21,29166667","R$ 0,00","R$ 0,00","R$ 0,00","R$ 0,00","R$ 0,00",
3157203,Santa Bárbara,MG,395,0,0,0,395,0,0,0,"987,5","987,5",-,"R$ 304,00","R$ 370,00","R$ 1.281,00","R$ 1.955,00",-,12,41,105,158,0,"25,33333333","9,024390244","12,2","12,37341772","R$ 0,00","R$ 0,00","R$ 0,00","R$ 12.047,50","R$ 12.047,50",
3157252,Santa Bárbara do Leste,MG,279,0,0,0,279,0,0,0,"697,5","697,5",-,"R$ 101.134,00","R$ 39,00","R$ 32.622,00","R$ 133.795,00",-,3260,5,829,4094,0,"31,02269939","7,8","39,35102533","32,68075232","R$ 0,00","R$ 0,00","R$ 0,00","R$ 27.447,34","R$ 27.447,34",
3157278,Santa Bárbara do Monte Verde,MG,0,0,0,0,0,0,0,0,0,0,-,"R$ 276,00","R$ 120,00","R$ 759,00","R$ 1.155,00",-,10,10,61,81,0,"27,6",12,"12,44262295","14,25925926","R$ 0,00","R$ 0,00","R$ 0,00","R$ 0,00","R$ 0,00",
3157302,Santa Bárbara do Tugúrio,MG,46,0,0,0,46,0,0,0,115,115,-,"R$ 311,00","R$ 216,00","R$ 20.423,00","R$ 20.950,00",-,15,17,587,619,0,"20,73333333","12,70588235","34,79216354","33,84491115","R$ 0,00","R$ 0,00","R$ 0,00","R$ 4.001,10","R$ 4.001,10",
3157336,Santa Cruz de Minas,MG,0,0,0,0,0,0,0,0,0,0,...,...,...,#VALUE!,...,...,...,...,#VALUE!,...,0,0,0,0,0,"R$ 0,00","R$ 0,00","R$ 0,00","R$ 0,00","R$ 0,00",
3157377,Santa Cruz de Salinas,MG,59,0,0,0,59,0,0,0,"147,5","147,5",-,-,"R$ 198,00","R$ 1.654,00","R$ 1.852,00",-,-,33,267,300,0,0,6,"6,194756554","6,173333333","R$ 0,00","R$ 0,00","R$ 0,00","R$ 913,73","R$ 913,73",
3157401,Santa Cruz do Escalvado,MG,62,0,0,0,62,0,0,0,155,155,-,-,"R$ 4.495,00","R$ 546,00","R$ 5.041,00",-,-,580,109,689,0,0,"7,75","5,009174312","7,316400581","R$ 0,00","R$ 0,00","R$ 0,00","R$ 776,42","R$ 776,42",
3157500,Santa Efigênia de Minas,MG,12,0,0,0,12,0,0,0,30,30,-,-,-,"R$ 1.456,00","R$ 1.456,00",-,-,-,363,363,0,0,0,"4,011019284","4,011019284","R$ 0,00","R$ 0,00","R$ 0,00","R$ 120,33","R$ 120,33",
3157609,Santa Fé de Minas,MG,573,0,0,0,573,0,0,0,"1432,5","1432,5",-,-,"R$ 83,00","R$ 391,00","R$ 474,00",-,-,13,190,203,0,0,"6,384615385","2,057894737","2,334975369","R$ 0,00","R$ 0,00","R$ 0,00","R$ 2.947,93","R$ 2.947,93",
3157658,Santa Helena de Minas,MG,0,0,0,0,0,0,0,0,0,0,-,-,"R$ 108,00","R$ 1.499,00","R$ 1.607,00",-,-,11,111,122,0,0,"9,818181818","13,5045045","13,17213115","R$ 0,00","R$ 0,00","R$ 0,00","R$ 0,00","R$ 0,00",
3157708,Santa Juliana,MG,16.810,0,0,6.031,10.780,0,0,6031,26950,32981,-,"R$ 6.186,00","R$ 104.774,00","R$ 598.508,00","R$ 709.468,00",-,98,9950,22062,32110,0,"63,12244898","10,53005025","27,12845617","22,0949237","R$ 0,00","R$ 0,00","R$ 63.506,73","R$ 731.111,89","R$ 794.618,63",
3157807,Santa Luzia,MG,1,0,0,0,1,0,0,0,"2,5","2,5",-,-,"R$ 60,00","R$ 963,00","R$ 1.023,00",-,-,5,28,33,0,0,12,"34,39285714",31,"R$ 0,00","R$ 0,00","R$ 0,00","R$ 85,98","R$ 85,98",
3157906,Santa Margarida,MG,0,0,0,0,0,0,0,0,0,0,-,"R$ 330.000,00","R$ 74,00","R$ 4.294,00","R$ 334.368,00",-,11000,10,1011,12021,0,30,"7,4","4,247279921","27,81532318","R$ 0,00","R$ 0,00","R$ 0,00","R$ 0,00","R$ 0,00",
3158003,Santa Maria de Itabira,MG,917,0,0,0,917,0,0,0,"2292,5","2292,5",-,-,"R$ 368,00","R$ 1.395,00","R$ 1.763,00",-,-,40,167,207,0,0,"9,2","8,353293413","8,516908213","R$ 0,00","R$ 0,00","R$ 0,00","R$ 19.149,93","R$ 19.149,93",
3158102,Santa Maria do Salto,MG,34,0,0,0,34,0,0,0,85,85,-,-,"R$ 36,00","R$ 722,00","R$ 758,00",-,-,6,82,88,0,0,6,"8,804878049","8,613636364","R$ 0,00","R$ 0,00","R$ 0,00","R$ 748,41","R$ 748,41",
3158201,Santa Maria do Suaçuí,MG,80,0,0,0,80,0,0,0,200,200,-,"R$ 3.039,00","R$ 594,00","R$ 2.604,00","R$ 6.237,00",-,68,90,801,959,0,"44,69117647","6,6","3,25093633","6,503649635","R$ 0,00","R$ 0,00","R$ 0,00","R$ 650,19","R$ 650,19",
3158300,Santana da Vargem,MG,38,0,0,0,38,0,0,0,95,95,-,"R$ 134.460,00","R$ 24,00","R$ 17.226,00","R$ 151.710,00",-,4500,3,2230,6733,0,"29,88",8,"7,724663677","22,53230358","R$ 0,00","R$ 0,00","R$ 0,00","R$ 733,84","R$ 733,84",
3158409,Santana de Cataguases,MG,0,0,0,0,0,0,0,0,0,0,-,-,-,"R$ 344,00","R$ 344,00",-,-,-,54,54,0,0,0,"6,37037037","6,37037037","R$ 0,00","R$ 0,00","R$ 0,00","R$ 0,00","R$ 0,00",
3158508,Santana de Pirapama,MG,781,0,0,0,781,0,0,0,"1952,5","1952,5",-,-,"R$ 508,00","R$ 8.580,00","R$ 9.088,00",-,-,83,483,566,0,0,"6,120481928","17,76397516","16,0565371","R$ 0,00","R$ 0,00","R$ 0,00","R$ 34.684,16","R$ 34.684,16",
3158607,Santana do Deserto,MG,0,0,0,0,0,0,0,0,0,0,-,-,"R$ 72,00","R$ 210,00","R$ 282,00",-,-,8,35,43,0,0,9,6,"6,558139535","R$ 0,00","R$ 0,00","R$ 0,00","R$ 0,00","R$ 0,00",
3158706,Santana do Garambéu,MG,0,0,0,0,0,0,0,0,0,0,-,"R$ 168,00","R$ 37,00","R$ 4.300,00","R$ 4.505,00",-,7,4,895,906,0,24,"9,25","4,804469274","4,972406181","R$ 0,00","R$ 0,00","R$ 0,00","R$ 0,00","R$ 0,00",
3158805,Santana do Jacaré,MG,0,0,0,0,0,0,0,0,0,0,-,"R$ 11.278,00","R$ 65,00","R$ 1.689,00","R$ 13.032,00",-,475,7,345,827,0,"23,74315789","9,285714286","4,895652174","15,75816203","R$ 0,00","R$ 0,00","R$ 0,00","R$ 0,00","R$ 0,00",
3158904,Santana do Manhuaçu,MG,54,0,0,0,54,0,0,0,135,135,-,"R$ 157.680,00","R$ 91,00","R$ 1.842,00","R$ 159.613,00",-,7300,13,358,7671,0,"21,6",7,"5,145251397","20,80732629","R$ 0,00","R$ 0,00","R$ 0,00","R$ 694,61","R$ 694,61",
3158953,Santana do Paraíso,MG,129,0,0,0,129,0,0,0,"322,5","322,5",-,"R$ 233,00","R$ 51,00","R$ 529,00","R$ 813,00",-,14,7,173,194,0,"16,64285714","7,285714286","3,057803468","4,190721649","R$ 0,00","R$ 0,00","R$ 0,00","R$ 986,14","R$ 986,14",
3159001,Santana do Riacho,MG,8,0,0,0,8,0,0,0,20,20,-,-,"R$ 56,00","R$ 358,00","R$ 414,00",-,-,7,73,80,0,0,8,"4,904109589","5,175","R$ 0,00","R$ 0,00","R$ 0,00","R$ 98,08","R$ 98,08",
3159100,Santana dos Montes,MG,0,0,0,0,0,0,0,0,0,0,-,"R$ 230,00","R$ 108,00","R$ 1.817,00","R$ 2.155,00",-,12,15,325,352,0,"19,16666667","7,2","5,590769231","6,122159091","R$ 0,00","R$ 0,00","R$ 0,00","R$ 0,00","R$ 0,00",
3159209,Santa Rita de Caldas,MG,612,0,0,0,612,0,0,0,1530,1530,-,"R$ 7.610,00","R$ 600,00","R$ 107.235,00","R$ 115.445,00",-,200,40,4848,5088,0,"38,05",15,"22,11943069","22,68966195","R$ 0,00","R$ 0,00","R$ 0,00","R$ 33.842,73","R$ 33.842,73",
3159308,Santa Rita de Jacutinga,MG,0,0,0,0,0,0,0,0,0,0,-,-,"R$ 49,00","R$ 2.066,00","R$ 2.115,00",-,-,4,229,233,0,0,"12,25","9,021834061","9,077253219","R$ 0,00","R$ 0,00","R$ 0,00","R$ 0,00","R$ 0,00",
3159357,Santa Rita de Minas,MG,59,0,0,0,59,0,0,0,"147,5","147,5",-,"R$ 60.248,00",-,"R$ 3.006,00","R$ 63.254,00",-,2308,-,552,2860,0,"26,10398614",0,"5,445652174","22,11678322","R$ 0,00","R$ 0,00","R$ 0,00","R$ 803,23","R$ 803,23",
3159407,Santa Rita de Ibitipoca,MG,0,0,0,0,0,0,0,0,0,0,"R$ 88,00",-,"R$ 160,00","R$ 2.124,00","R$ 2.372,00",10,-,20,398,428,"8,8",0,8,"5,336683417","5,542056075","R$ 0,00","R$ 0,00","R$ 0,00","R$ 0,00","R$ 0,00",
3159506,Santa Rita do Itueto,MG,2.999,0,205,0,2.794,0,205,0,6985,7190,"R$ 77,00","R$ 219.252,00",-,"R$ 4.247,00","R$ 223.576,00",10,5650,-,824,6484,"7,7","38,80566372",0,"5,154126214","34,48118445","R$ 0,00","R$ 7.955,16","R$ 0,00","R$ 36.001,57","R$ 43.956,73",
3159605,Santa Rita do Sapucaí,MG,513,0,0,0,513,0,0,0,"1282,5","1282,5","R$ 11,00","R$ 116.651,00","R$ 704,00","R$ 21.942,00","R$ 139.308,00",1,3800,88,1254,5143,11,"30,69763158",8,"17,49760766","27,08691425","R$ 0,00","R$ 0,00","R$ 0,00","R$ 22.440,68","R$ 22.440,68",
3159704,Santa Rosa da Serra,MG,15,0,0,0,15,0,0,0,"37,5","37,5",-,"R$ 137.740,00",-,"R$ 14.576,00","R$ 152.316,00",-,3500,-,478,3978,0,"39,35428571",0,"30,49372385","38,28959276","R$ 0,00","R$ 0,00","R$ 0,00","R$ 1.143,51","R$ 1.143,51",
3159803,Santa Vitória,MG,11.945,0,0,11.635,310,0,0,11635,775,12410,"R$ 15,00",-,"R$ 517.992,00","R$ 85.393,00","R$ 603.400,00",5,-,40000,14561,54566,3,0,"12,9498","5,864501064","11,05816809","R$ 0,00","R$ 0,00","R$ 150.670,92","R$ 4.544,99","R$ 155.215,91",
3159902,Santo Antônio do Amparo,MG,8,0,0,0,8,0,0,0,20,20,-,"R$ 278.634,00","R$ 125,00","R$ 9.284,00","R$ 288.043,00",-,8200,11,1150,9361,0,"33,9797561","11,36363636","8,073043478","30,77053734","R$ 0,00","R$ 0,00","R$ 0,00","R$ 161,46","R$ 161,46",
3160009,Santo Antônio do Aventureiro,MG,154,0,0,0,154,0,0,0,385,385,"R$ 35,00",-,"R$ 68,00","R$ 1.962,00","R$ 2.065,00",4,-,8,79,91,"8,75",0,"8,5","24,83544304","22,69230769","R$ 0,00","R$ 0,00","R$ 0,00","R$ 9.561,65","R$ 9.561,65",
3160108,Santo Antônio do Grama,MG,146,0,0,93,53,0,0,93,"132,5","225,5",-,"R$ 733,00","R$ 2.844,00","R$ 287,00","R$ 3.864,00",-,23,430,83,536,0,"31,86956522","6,613953488","3,457831325","7,208955224","R$ 0,00","R$ 0,00","R$ 615,10","R$ 458,16","R$ 1.073,26",
3160207,Santo Antônio do Itambé,MG,0,0,0,0,0,0,0,0,0,0,-,-,"R$ 268,00","R$ 2.009,00","R$ 2.277,00",-,-,34,417,451,0,0,"7,882352941","4,817745803","5,048780488","R$ 0,00","R$ 0,00","R$ 0,00","R$ 0,00","R$ 0,00",
3160306,Santo Antônio do Jacinto,MG,157,0,0,0,157,0,0,0,"392,5","392,5",-,"R$ 31,00","R$ 222,00","R$ 1.995,00","R$ 2.248,00",-,2,37,304,343,0,"15,5",6,"6,5625","6,55393586","R$ 0,00","R$ 0,00","R$ 0,00","R$ 2.575,78","R$ 2.575,78",
3160405,Santo Antônio do Monte,MG,102,0,0,62,40,0,0,62,100,162,-,"R$ 674,00","R$ 1.376,00","R$ 3.825,00","R$ 5.875,00",-,25,120,661,806,0,"26,96","11,46666667","5,786686838","7,289081886","R$ 0,00","R$ 0,00","R$ 710,93","R$ 578,67","R$ 1.289,60",
3160454,Santo Antônio do Retiro,MG,386,0,3,0,383,0,3,0,"957,5","960,5","R$ 37,00","R$ 5.523,00","R$ 1.476,00","R$ 12.101,00","R$ 19.137,00",20,120,222,608,970,"1,85","46,025","6,648648649","19,90296053","19,72886598","R$ 0,00","R$ 138,08","R$ 0,00","R$ 19.057,08","R$ 19.195,16",
3160504,Santo Antônio do Rio Abaixo,MG,0,0,0,0,0,0,0,0,0,0,-,-,"R$ 405,00","R$ 809,00","R$ 1.214,00",-,-,45,228,273,0,0,9,"3,548245614","4,446886447","R$ 0,00","R$ 0,00","R$ 0,00","R$ 0,00","R$ 0,00",
3160603,Santo Hipólito,MG,255,0,0,34,221,0,0,34,"552,5","586,5",-,-,"R$ 180,00","R$ 29.853,00","R$ 30.033,00",-,-,20,3452,3472,0,0,9,"8,648030127","8,650057604","R$ 0,00","R$ 0,00","R$ 306,00","R$ 4.778,04","R$ 5.084,04",
3160702,Santos Dumont,MG,35,0,0,0,35,0,0,0,"87,5","87,5",-,-,"R$ 57,00","R$ 2.775,00","R$ 2.832,00",-,-,5,180,185,0,0,"11,4","15,41666667","15,30810811","R$ 0,00","R$ 0,00","R$ 0,00","R$ 1.348,96","R$ 1.348,96",
3160801,São Bento Abade,MG,91,0,0,0,91,0,0,0,"227,5","227,5",-,"R$ 40.019,00",-,"R$ 21.411,00","R$ 61.430,00",-,1200,-,3154,4354,0,"33,34916667",0,"6,788522511","14,10886541","R$ 0,00","R$ 0,00","R$ 0,00","R$ 1.544,39","R$ 1.544,39",
3160900,São Brás do Suaçuí,MG,0,0,0,0,0,0,0,0,0,0,-,-,-,"R$ 1.765,00","R$ 1.765,00",-,-,-,199,199,0,0,0,"8,869346734","8,869346734","R$ 0,00","R$ 0,00","R$ 0,00","R$ 0,00","R$ 0,00",
3160959,São Domingos das Dores,MG,24,0,0,0,24,0,0,0,60,60,-,"R$ 66.693,00",-,"R$ 8.290,00","R$ 74.983,00",-,2200,-,251,2451,0,"30,315",0,"33,02788845","30,59281926","R$ 0,00","R$ 0,00","R$ 0,00","R$ 1.981,67","R$ 1.981,67",
3161007,São Domingos do Prata,MG,296,0,0,0,296,0,0,0,740,740,-,"R$ 2.364,00","R$ 840,00","R$ 3.956,00","R$ 7.160,00",-,100,105,766,971,0,"23,64",8,"5,164490862","7,373841401","R$ 0,00","R$ 0,00","R$ 0,00","R$ 3.821,72","R$ 3.821,72",
3161056,São Félix de Minas,MG,42,0,0,0,42,0,0,0,105,105,-,"R$ 258,00","R$ 987,00","R$ 831,00","R$ 2.076,00",-,14,94,71,179,0,"18,42857143","10,5","11,70422535","11,59776536","R$ 0,00","R$ 0,00","R$ 0,00","R$ 1.228,94","R$ 1.228,94",
3161106,São Francisco,MG,1.209,0,0,0,1.209,0,0,0,"3022,5","3022,5",-,-,"R$ 1.324,00","R$ 38.036,00","R$ 39.360,00",-,-,172,2069,2241,0,0,"7,697674419","18,38376027","17,56358768","R$ 0,00","R$ 0,00","R$ 0,00","R$ 55.564,92","R$ 55.564,92",
3161205,São Francisco de Paula,MG,0,0,0,0,0,0,0,0,0,0,-,"R$ 85.415,00","R$ 122,00","R$ 12.111,00","R$ 97.648,00",-,2850,18,1363,4231,0,"29,97017544","6,777777778","8,885546588","23,0791775","R$ 0,00","R$ 0,00","R$ 0,00","R$ 0,00","R$ 0,00",
3161304,São Francisco de Sales,MG,2.685,0,0,2.416,270,0,0,2416,675,3091,-,-,"R$ 224.046,00","R$ 74.025,00","R$ 298.071,00",-,-,23050,4407,27457,0,0,"9,72","16,79714091","10,85592017","R$ 0,00","R$ 0,00","R$ 23.483,52","R$ 11.338,07","R$ 34.821,59",
3161403,São Francisco do Glória,MG,0,0,0,0,0,0,0,0,0,0,-,"R$ 34.657,00","R$ 50,00","R$ 1.160,00","R$ 35.867,00",-,1448,5,97,1550,0,"23,93439227",10,"11,95876289","23,14","R$ 0,00","R$ 0,00","R$ 0,00","R$ 0,00","R$ 0,00",
3161502,São Geraldo,MG,113,0,0,0,113,0,0,0,"282,5","282,5",-,"R$ 10.163,00","R$ 214,00","R$ 4.069,00","R$ 14.446,00",-,370,25,454,849,0,"27,46756757","8,56","8,962555066","17,01531213","R$ 0,00","R$ 0,00","R$ 0,00","R$ 2.531,92","R$ 2.531,92",
3161601,São Geraldo da Piedade,MG,38,0,0,0,38,0,0,0,95,95,-,-,"R$ 530,00","R$ 4.719,00","R$ 5.249,00",-,-,44,238,282,0,0,"12,04545455","19,82773109","18,61347518","R$ 0,00","R$ 0,00","R$ 0,00","R$ 1.883,63","R$ 1.883,63",
3161650,São Geraldo do Baixio,MG,40,0,0,0,40,0,0,0,100,100,"R$ 69,00","R$ 166,00","R$ 648,00","R$ 499,00","R$ 1.382,00",15,10,54,146,225,"4,6","16,6",12,"3,417808219","6,142222222","R$ 0,00","R$ 0,00","R$ 0,00","R$ 341,78","R$ 341,78",
3161700,São Gonçalo do Abaeté,MG,935,0,137,115,683,0,137,115,"1707,5","1959,5",-,"R$ 12.600,00","R$ 3.437,00","R$ 62.968,00","R$ 79.005,00",-,420,258,7404,8082,0,30,"13,32170543","8,504592112","9,775426875","R$ 0,00","R$ 4.110,00","R$ 1.532,00","R$ 14.521,59","R$ 20.163,59",
3161809,São Gonçalo do Pará,MG,110,0,0,0,110,0,0,0,275,275,-,-,-,"R$ 870,00","R$ 870,00",-,-,-,139,139,0,0,0,"6,258992806","6,258992806","R$ 0,00","R$ 0,00","R$ 0,00","R$ 1.721,22","R$ 1.721,22",
3161908,São Gonçalo do Rio Abaixo,MG,33,0,0,0,33,0,0,0,"82,5","82,5",-,"R$ 259,00","R$ 1.782,00","R$ 5.205,00","R$ 7.246,00",-,11,153,263,427,0,"23,54545455","11,64705882","19,79087452","16,96955504","R$ 0,00","R$ 0,00","R$ 0,00","R$ 1.632,75","R$ 1.632,75",
3162005,São Gonçalo do Sapucaí,MG,1.283,0,0,0,1283,0,0,0,"3207,5","3207,5",-,"R$ 282.864,00",-,"R$ 92.882,00","R$ 375.746,00",-,9330,-,7459,16789,0,"30,31768489",0,"12,45233946","22,38048722","R$ 0,00","R$ 0,00","R$ 0,00","R$ 39.940,88","R$ 39.940,88",
3162104,São Gotardo,MG,2.689,0,301,0,2.388,0,301,0,5970,6271,-,"R$ 68.072,00","R$ 1.824,00","R$ 324.880,00","R$ 394.776,00",-,2025,228,10352,12605,0,"33,61580247",8,"31,38330757","31,3190004","R$ 0,00","R$ 10.118,36","R$ 0,00","R$ 187.358,35","R$ 197.476,70",
3162203,São João Batista do Glória,MG,631,0,0,159,472,0,0,159,1180,1339,-,"R$ 8.846,00","R$ 6.790,00","R$ 83.507,00","R$ 99.143,00",-,279,620,13114,14013,0,"31,70609319","10,9516129","6,367774897","7,075073146","R$ 0,00","R$ 0,00","R$ 1.741,31","R$ 7.513,97","R$ 9.255,28",
3162252,São João da Lagoa,MG,139,0,0,0,139,0,0,0,"347,5","347,5","R$ 23,00",-,"R$ 555,00","R$ 3.639,00","R$ 4.217,00",15,-,100,1493,1608,"1,533333333",0,"5,55","2,437374414","2,622512438","R$ 0,00","R$ 0,00","R$ 0,00","R$ 846,99","R$ 846,99",
3162302,São João da Mata,MG,154,0,0,0,154,0,0,0,385,385,-,"R$ 19.581,00","R$ 149,00","R$ 13.023,00","R$ 32.753,00",-,700,17,876,1593,0,"27,97285714","8,764705882","14,86643836","20,56057753","R$ 0,00","R$ 0,00","R$ 0,00","R$ 5.723,58","R$ 5.723,58",
3162401,São João da Ponte,MG,3.206,0,0,0,3.206,0,0,0,8015,8015,"R$ 92,00",-,"R$ 1.617,00","R$ 4.623,00","R$ 6.332,00",40,-,210,525,775,"2,3",0,"7,7","8,805714286","8,170322581","R$ 0,00","R$ 0,00","R$ 0,00","R$ 70.577,80","R$ 70.577,80",
3162450,São João das Missões,MG,328,0,0,0,328,0,0,0,820,820,"R$ 53,00",-,"R$ 168,00","R$ 1.596,00","R$ 1.817,00",15,-,28,500,543,"3,533333333",0,6,"3,192","3,346224678","R$ 0,00","R$ 0,00","R$ 0,00","R$ 2.617,44","R$ 2.617,44",
3162500,São João del Rei,MG,535,0,13,0,522,0,13,0,1305,1318,-,"R$ 17.507,00","R$ 267,00","R$ 404.090,00","R$ 421.864,00",-,474,33,59296,59803,0,"36,93459916","8,090909091","6,814793578","7,054228049","R$ 0,00","R$ 480,15","R$ 0,00","R$ 8.893,31","R$ 9.373,46",
3162559,São João do Manhuaçu,MG,55,0,0,0,55,0,0,0,"137,5","137,5",-,"R$ 179.520,00",-,"R$ 5.016,00","R$ 184.536,00",-,6800,-,793,7593,0,"26,4",0,"6,325346784","24,30343738","R$ 0,00","R$ 0,00","R$ 0,00","R$ 869,74","R$ 869,74",
3162575,São João do Manteninha,MG,20,0,0,0,20,0,0,0,50,50,"R$ 101,00","R$ 3.678,00","R$ 296,00","R$ 1.684,00","R$ 5.759,00",30,210,21,131,392,"3,366666667","17,51428571","14,0952381","12,85496183","14,69132653","R$ 0,00","R$ 0,00","R$ 0,00","R$ 642,75","R$ 642,75",
3162609,São João do Oriente,MG,1.090,0,0,0,1.090,0,0,0,2725,2725,"R$ 34,00",-,-,"R$ 2.727,00","R$ 2.761,00",3,-,-,128,131,"11,33333333",0,0,"21,3046875","21,07633588","R$ 0,00","R$ 0,00","R$ 0,00","R$ 58.055,27","R$ 58.055,27",
3162658,São João do Pacuí,MG,47,0,0,0,47,0,0,0,"117,5","117,5","R$ 2,00",-,"R$ 366,00","R$ 1.834,00","R$ 2.202,00",2,-,61,1149,1212,1,0,6,"1,596170583","1,816831683","R$ 0,00","R$ 0,00","R$ 0,00","R$ 187,55","R$ 187,55",
3162708,São João do Paraíso,MG,1.376,0,198,0,1.178,0,198,0,2945,3143,"R$ 58,00","R$ 20.251,00","R$ 5.242,00","R$ 5.416,00","R$ 30.967,00",30,265,780,2034,3109,"1,933333333","76,41886792","6,720512821","2,66273353","9,96043744","R$ 0,00","R$ 15.130,94","R$ 0,00","R$ 7.841,75","R$ 22.972,69",
3162807,São João Evangelista,MG,57,0,0,0,57,0,0,0,"142,5","142,5",-,"R$ 40,00","R$ 1.079,00","R$ 3.340,00","R$ 4.459,00",-,2,142,634,778,0,20,"7,598591549","5,268138801","5,731362468","R$ 0,00","R$ 0,00","R$ 0,00","R$ 750,71","R$ 750,71",
3162906,São João Nepomuceno,MG,24,0,0,0,24,0,0,0,60,60,"R$ 20,00",-,"R$ 473,00","R$ 2.367,00","R$ 2.860,00",2,-,45,140,187,10,0,"10,51111111","16,90714286","15,29411765","R$ 0,00","R$ 0,00","R$ 0,00","R$ 1.014,43","R$ 1.014,43",
3162922,São Joaquim de Bicas,MG,308,0,0,0,308,0,0,0,770,770,-,-,-,"R$ 4.009,00","R$ 4.009,00",-,-,-,40,40,0,0,0,"100,225","100,225","R$ 0,00","R$ 0,00","R$ 0,00","R$ 77.173,25","R$ 77.173,25",
3162948,São José da Barra,MG,1.339,0,890,0,449,0,890,0,"1122,5","2012,5",-,"R$ 127.804,00","R$ 4.052,00","R$ 53.219,00","R$ 185.075,00",-,3780,370,9042,13192,0,"33,81058201","10,95135135","5,885755364","14,02933596","R$ 0,00","R$ 30.091,42","R$ 0,00","R$ 6.606,76","R$ 36.698,18",
3162955,São José da Lapa,MG,0,0,0,0,0,0,0,0,0,0,-,-,-,"R$ 98,00","R$ 98,00",-,-,-,15,15,0,0,0,"6,533333333","6,533333333","R$ 0,00","R$ 0,00","R$ 0,00","R$ 0,00","R$ 0,00",
3163003,São José da Safira,MG,0,0,0,0,0,0,0,0,0,0,-,-,-,"R$ 441,00","R$ 441,00",-,-,-,89,89,0,0,0,"4,95505618","4,95505618","R$ 0,00","R$ 0,00","R$ 0,00","R$ 0,00","R$ 0,00",
3163102,São José da Varginha,MG,75,0,0,0,75,0,0,0,"187,5","187,5",-,-,-,"R$ 3.999,00","R$ 3.999,00",-,-,-,142,142,0,0,0,"28,16197183","28,16197183","R$ 0,00","R$ 0,00","R$ 0,00","R$ 5.280,37","R$ 5.280,37",
3163201,São José do Alegre,MG,0,0,0,0,0,0,0,0,0,0,-,"R$ 4.719,00","R$ 154,00","R$ 6.510,00","R$ 11.383,00",-,130,17,482,629,0,"36,3","9,058823529","13,50622407","18,09697933","R$ 0,00","R$ 0,00","R$ 0,00","R$ 0,00","R$ 0,00",
3163300,São José do Divino,MG,31,0,0,0,31,0,0,0,"77,5","77,5",-,"R$ 33,00","R$ 1.656,00","R$ 1.208,00","R$ 2.897,00",-,2,138,101,241,0,"16,5",12,"11,96039604","12,02074689","R$ 0,00","R$ 0,00","R$ 0,00","R$ 926,93","R$ 926,93",
3163409,São José do Goiabal,MG,0,0,0,0,0,0,0,0,0,0,-,"R$ 41,00","R$ 5.280,00","R$ 1.136,00","R$ 6.457,00",-,2,550,280,832,0,"20,5","9,6","4,057142857","7,760817308","R$ 0,00","R$ 0,00","R$ 0,00","R$ 0,00","R$ 0,00",
3163508,São José do Jacuri,MG,16,0,0,0,16,0,0,0,40,40,-,"R$ 1.388,00","R$ 264,00","R$ 1.923,00","R$ 3.575,00",-,31,40,467,538,0,"44,77419355","6,6","4,117773019","6,644981413","R$ 0,00","R$ 0,00","R$ 0,00","R$ 164,71","R$ 164,71",
3163607,São José do Mantimento,MG,31,0,0,0,31,0,0,0,"77,5","77,5","R$ 19,00","R$ 22.753,00","R$ 192,00","R$ 1.815,00","R$ 24.779,00",5,865,26,359,1255,"3,8","26,30404624","7,384615385","5,055710306","19,74422311","R$ 0,00","R$ 0,00","R$ 0,00","R$ 391,82","R$ 391,82",
3163706,São Lourenço,MG,0,0,0,0,0,0,0,0,0,0,-,"R$ 1.449,00",-,"R$ 128,00","R$ 1.577,00",-,50,-,14,64,0,"28,98",0,"9,142857143","24,640625","R$ 0,00","R$ 0,00","R$ 0,00","R$ 0,00","R$ 0,00",
3163805,São Miguel do Anta,MG,145,0,0,0,145,0,0,0,"362,5","362,5",-,"R$ 52.263,00",-,"R$ 5.741,00","R$ 58.004,00",-,1540,-,1116,2656,0,"33,93701299",0,"5,144265233","21,83885542","R$ 0,00","R$ 0,00","R$ 0,00","R$ 1.864,80","R$ 1.864,80",
3163904,São Pedro da União,MG,9,0,0,0,9,0,0,0,"22,5","22,5","R$ 17,00","R$ 168.575,00",-,"R$ 36.958,00","R$ 205.550,00",4,3800,-,5456,9260,"4,25","44,36184211",0,"6,773826979","22,19762419","R$ 0,00","R$ 0,00","R$ 0,00","R$ 152,41","R$ 152,41",
3164001,São Pedro dos Ferros,MG,53,0,0,18,35,0,0,18,"87,5","105,5",-,-,"R$ 19.880,00","R$ 940,00","R$ 20.820,00",-,-,2505,226,2731,0,0,"7,936127745","4,159292035","7,623581106","R$ 0,00","R$ 0,00","R$ 142,85","R$ 363,94","R$ 506,79",
3164100,São Pedro do Suaçuí,MG,0,0,0,0,0,0,0,0,0,0,-,"R$ 792,00","R$ 64,00","R$ 2.141,00","R$ 2.997,00",-,23,8,595,626,0,"34,43478261",8,"3,598319328","4,787539936","R$ 0,00","R$ 0,00","R$ 0,00","R$ 0,00","R$ 0,00",
3164209,São Romão,MG,6.531,0,0,0,6.532,0,0,0,16330,16330,"R$ 20,00",-,"R$ 344,00","R$ 134.809,00","R$ 135.173,00",5,-,40,15325,15370,4,0,"8,6","8,796672104","8,79459987","R$ 0,00","R$ 0,00","R$ 0,00","R$ 143.649,66","R$ 143.649,66",
3164308,São Roque de Minas,MG,94,0,0,0,94,0,0,0,235,235,-,"R$ 175.333,00","R$ 127,00","R$ 88.215,00","R$ 263.675,00",-,5400,16,9332,14748,0,"32,46907407","7,9375","9,452957565","17,87869542","R$ 0,00","R$ 0,00","R$ 0,00","R$ 2.221,45","R$ 2.221,45",
3164407,São Sebastião da Bela Vista,MG,60,0,0,0,60,0,0,0,150,150,-,"R$ 43.832,00",-,"R$ 10.319,00","R$ 54.151,00",-,1350,-,1306,2656,0,"32,46814815",0,"7,901225115","20,38817771","R$ 0,00","R$ 0,00","R$ 0,00","R$ 1.185,18","R$ 1.185,18",
3164431,São Sebastião da Vargem Alegre,MG,21,0,0,0,21,0,0,0,"52,5","52,5",-,"R$ 23.153,00",-,"R$ 3.027,00","R$ 26.180,00",-,850,-,215,1065,0,"27,23882353",0,"14,07906977","24,58215962","R$ 0,00","R$ 0,00","R$ 0,00","R$ 739,15","R$ 739,15",
3164472,São Sebastião do Anta,MG,34,0,0,0,34,0,0,0,85,85,-,"R$ 89.262,00",-,"R$ 5.661,00","R$ 94.923,00",-,2205,-,384,2589,0,"40,48163265",0,"14,7421875","36,66396292","R$ 0,00","R$ 0,00","R$ 0,00","R$ 1.253,09","R$ 1.253,09",
3164506,São Sebastião do Maranhão,MG,34,0,6,0,28,0,6,0,70,76,"R$ 5,00","R$ 3.368,00","R$ 1.400,00","R$ 2.704,00","R$ 7.477,00",1,118,200,830,1149,5,"28,54237288",7,"3,257831325","6,507397737","R$ 0,00","R$ 171,25","R$ 0,00","R$ 228,05","R$ 399,30",
3164605,São Sebastião do Oeste,MG,0,0,0,0,0,0,0,0,0,0,-,-,"R$ 95,00","R$ 2.040,00","R$ 2.135,00",-,-,12,378,390,0,0,"7,916666667","5,396825397","5,474358974","R$ 0,00","R$ 0,00","R$ 0,00","R$ 0,00","R$ 0,00",
3164704,São Sebastião do Paraíso,MG,2.231,0,134,859,1.238,0,134,859,3095,4088,-,"R$ 326.970,00","R$ 27.324,00","R$ 165.499,00","R$ 519.793,00",-,12000,2750,7530,22280,0,"27,2475","9,936","21,97861886","23,33002693","R$ 0,00","R$ 3.651,17","R$ 8.535,02","R$ 68.023,83","R$ 80.210,01",
3164803,São Sebastião do Rio Preto,MG,0,0,0,0,0,0,0,0,0,0,-,-,"R$ 40,00","R$ 647,00","R$ 687,00",-,-,4,173,177,0,0,10,"3,739884393","3,881355932","R$ 0,00","R$ 0,00","R$ 0,00","R$ 0,00","R$ 0,00",
3164902,São Sebastião do Rio Verde,MG,0,0,0,0,0,0,0,0,0,0,"R$ 306,00",-,-,"R$ 1.839,00","R$ 2.145,00",50,-,-,264,314,"6,12",0,0,"6,965909091","6,831210191","R$ 0,00","R$ 0,00","R$ 0,00","R$ 0,00","R$ 0,00",
3165008,São Tiago,MG,0,0,0,0,0,0,0,0,0,0,-,"R$ 12.238,00","R$ 673,00","R$ 16.989,00","R$ 29.900,00",-,380,52,2110,2542,0,"32,20526316","12,94230769","8,051658768","11,76239182","R$ 0,00","R$ 0,00","R$ 0,00","R$ 0,00","R$ 0,00",
3165107,São Tomás de Aquino,MG,5,0,5,0,0,0,5,0,0,5,"R$ 191,00","R$ 279.067,00","R$ 15.904,00","R$ 12.940,00","R$ 308.102,00",55,8310,1400,1488,11253,"3,472727273","33,5820698","11,36","8,696236559","27,37954323","R$ 0,00","R$ 167,91","R$ 0,00","R$ 0,00","R$ 167,91",
3165206,São Thomé das Letras,MG,6,0,0,0,6,0,0,0,15,15,-,"R$ 65.078,00",-,"R$ 13.009,00","R$ 78.087,00",-,1380,-,2038,3418,0,"47,15797101",0,"6,383218842","22,84581627","R$ 0,00","R$ 0,00","R$ 0,00","R$ 95,75","R$ 95,75",
3165305,São Vicente de Minas,MG,160,0,0,0,160,0,0,0,400,400,-,-,"R$ 365,00","R$ 134.955,00","R$ 135.320,00",-,-,34,14946,14980,0,0,"10,73529412","9,029506222","9,033377837","R$ 0,00","R$ 0,00","R$ 0,00","R$ 3.611,80","R$ 3.611,80",
3165404,Sapucaí-Mirim,MG,62,0,0,0,62,0,0,0,155,155,-,-,-,"R$ 3.457,00","R$ 3.457,00",-,-,-,160,160,0,0,0,"21,60625","21,60625","R$ 0,00","R$ 0,00","R$ 0,00","R$ 3.348,97","R$ 3.348,97",
3165503,Sardoá,MG,0,0,0,0,0,0,0,0,0,0,-,"R$ 261,00","R$ 79,00","R$ 1.174,00","R$ 1.514,00",-,14,11,226,251,0,"18,64285714","7,181818182","5,194690265","6,03187251","R$ 0,00","R$ 0,00","R$ 0,00","R$ 0,00","R$ 0,00",
3165537,Sarzedo,MG,260,0,0,0,260,0,0,0,650,650,-,-,-,"R$ 381,00","R$ 381,00",-,-,-,46,46,0,0,0,"8,282608696","8,282608696","R$ 0,00","R$ 0,00","R$ 0,00","R$ 5.383,70","R$ 5.383,70",
3165552,Setubinha,MG,110,0,68,0,42,0,68,0,105,173,"R$ 8,00","R$ 17.414,00","R$ 624,00","R$ 1.986,00","R$ 20.032,00",3,840,100,789,1732,"2,666666667","20,73095238","6,24","2,517110266","11,56581986","R$ 0,00","R$ 1.409,70","R$ 0,00","R$ 264,30","R$ 1.674,00",
3165560,Sem-Peixe,MG,43,0,0,0,43,0,0,0,"107,5","107,5",-,-,"R$ 2.295,00","R$ 1.186,00","R$ 3.481,00",-,-,250,171,421,0,0,"9,18","6,935672515","8,268408551","R$ 0,00","R$ 0,00","R$ 0,00","R$ 745,58","R$ 745,58",
3165578,Senador Amaral,MG,454,0,0,0,454,0,0,0,1135,1135,-,-,-,"R$ 57.291,00","R$ 57.291,00",-,-,-,978,978,0,0,0,"58,5797546","58,5797546","R$ 0,00","R$ 0,00","R$ 0,00","R$ 66.488,02","R$ 66.488,02",
3165602,Senador Cortes,MG,0,0,0,0,0,0,0,0,0,0,-,-,-,"R$ 396,00","R$ 396,00",-,-,-,11,11,0,0,0,36,36,"R$ 0,00","R$ 0,00","R$ 0,00","R$ 0,00","R$ 0,00",
3165701,Senador Firmino,MG,0,0,0,0,0,0,0,0,0,0,-,"R$ 3.457,00","R$ 673,00","R$ 1.391,00","R$ 5.521,00",-,92,85,292,469,0,"37,57608696","7,917647059","4,76369863","11,77185501","R$ 0,00","R$ 0,00","R$ 0,00","R$ 0,00","R$ 0,00",
3165800,Senador José Bento,MG,0,0,0,0,0,0,0,0,0,0,-,"R$ 7.585,00",-,"R$ 9.144,00","R$ 16.729,00",-,400,-,423,823,0,"18,9625",0,"21,61702128","20,32685298","R$ 0,00","R$ 0,00","R$ 0,00","R$ 0,00","R$ 0,00",
3165909,Senador Modestino Gonçalves,MG,133,0,65,0,68,0,65,0,170,235,-,"R$ 3.830,00","R$ 1.224,00","R$ 4.583,00","R$ 9.637,00",-,75,160,858,1093,0,"51,06666667","7,65","5,341491841","8,817017383","R$ 0,00","R$ 3.319,33","R$ 0,00","R$ 908,05","R$ 4.227,39",
3166006,Senhora de Oliveira,MG,0,0,0,0,0,0,0,0,0,0,-,"R$ 4.711,00","R$ 266,00","R$ 1.390,00","R$ 6.367,00",-,120,35,390,545,0,"39,25833333","7,6","3,564102564","11,68256881","R$ 0,00","R$ 0,00","R$ 0,00","R$ 0,00","R$ 0,00",
3166105,Senhora do Porto,MG,0,0,0,0,0,0,0,0,0,0,-,-,-,"R$ 940,00","R$ 940,00",-,-,-,123,123,0,0,0,"7,642276423","7,642276423","R$ 0,00","R$ 0,00","R$ 0,00","R$ 0,00","R$ 0,00",
3166204,Senhora dos Remédios,MG,46,0,0,0,46,0,0,0,115,115,"R$ 137,00","R$ 1.130,00","R$ 1.051,00","R$ 14.578,00","R$ 16.896,00",35,30,130,2772,2967,"3,914285714","37,66666667","8,084615385","5,259018759","5,694641052","R$ 0,00","R$ 0,00","R$ 0,00","R$ 604,79","R$ 604,79",
3166303,Sericita,MG,0,0,0,0,0,0,0,0,0,0,-,"R$ 155.790,00",-,"R$ 1.245,00","R$ 157.035,00",-,5800,-,408,6208,0,"26,86034483",0,"3,051470588","25,29558634","R$ 0,00","R$ 0,00","R$ 0,00","R$ 0,00","R$ 0,00",
3166402,Seritinga,MG,0,0,0,0,0,0,0,0,0,0,-,-,"R$ 188,00","R$ 450,00","R$ 638,00",-,-,30,86,116,0,0,"6,266666667","5,23255814","5,5","R$ 0,00","R$ 0,00","R$ 0,00","R$ 0,00","R$ 0,00",
3166501,Serra Azul de Minas,MG,0,0,0,0,0,0,0,0,0,0,-,-,-,"R$ 613,00","R$ 613,00",-,-,-,178,178,0,0,0,"3,443820225","3,443820225","R$ 0,00","R$ 0,00","R$ 0,00","R$ 0,00","R$ 0,00",
3166600,Serra da Saudade,MG,67,0,0,0,67,0,0,0,"167,5","167,5",-,-,-,"R$ 118,00","R$ 118,00",-,-,-,27,27,0,0,0,"4,37037037","4,37037037","R$ 0,00","R$ 0,00","R$ 0,00","R$ 732,04","R$ 732,04",
3166709,Serra dos Aimorés,MG,136,0,0,128,8,0,0,128,20,148,-,-,"R$ 32.085,00","R$ 880,00","R$ 32.965,00",-,-,3450,90,3540,0,0,"9,3","9,777777778","9,312146893","R$ 0,00","R$ 0,00","R$ 1.190,40","R$ 195,56","R$ 1.385,96",
3166808,Serra do Salitre,MG,7.066,0,4.725,0,2.340,0,4725,0,5850,10575,-,"R$ 512.344,00",-,"R$ 253.718,00","R$ 766.062,00",-,16000,-,31937,47937,0,"32,0215",0,"7,944327896","15,98059954","R$ 0,00","R$ 151.301,59","R$ 0,00","R$ 46.474,32","R$ 197.775,91",
3166907,Serrania,MG,573,0,0,0,573,0,0,0,"1432,5","1432,5",-,"R$ 92.077,00","R$ 7.656,00","R$ 12.105,00","R$ 111.838,00",-,3300,600,1875,5775,0,"27,90212121","12,76","6,456","19,36588745","R$ 0,00","R$ 0,00","R$ 0,00","R$ 9.248,22","R$ 9.248,22",
3166956,Serranópolis de Minas,MG,199,0,6,0,193,0,6,0,"482,5","488,5",-,"R$ 929,00","R$ 19,00","R$ 1.362,00","R$ 2.310,00",-,20,2,364,386,0,"46,45","9,5","3,741758242","5,984455959","R$ 0,00","R$ 278,70","R$ 0,00","R$ 1.805,40","R$ 2.084,10",
3167004,Serranos,MG,0,0,0,0,0,0,0,0,0,0,-,-,"R$ 250,00","R$ 7.042,00","R$ 7.292,00",-,-,37,690,727,0,0,"6,756756757","10,2057971","10,03026135","R$ 0,00","R$ 0,00","R$ 0,00","R$ 0,00","R$ 0,00",
3167103,Serro,MG,0,0,0,0,0,0,0,0,0,0,"R$ 2,00","R$ 1.115,00","R$ 1.797,00","R$ 1.877,00","R$ 4.791,00",1,80,172,402,655,2,"13,9375","10,44767442","4,669154229","7,314503817","R$ 0,00","R$ 0,00","R$ 0,00","R$ 0,00","R$ 0,00",
3167202,Sete Lagoas,MG,829,0,0,0,829,0,0,0,"2072,5","2072,5",-,-,"R$ 360,00","R$ 5.776,00","R$ 6.136,00",-,-,36,1027,1063,0,0,10,"5,624148004","5,772342427","R$ 0,00","R$ 0,00","R$ 0,00","R$ 11.656,05","R$ 11.656,05",
3167301,Silveirânia,MG,13,0,0,0,13,0,0,0,"32,5","32,5",-,"R$ 41,00","R$ 305,00","R$ 186,00","R$ 532,00",-,2,29,40,71,0,"20,5","10,51724138","4,65","7,492957746","R$ 0,00","R$ 0,00","R$ 0,00","R$ 151,13","R$ 151,13",
3167400,Silvianópolis,MG,29,0,0,0,29,0,0,0,"72,5","72,5",-,"R$ 54.482,00",-,"R$ 43.400,00","R$ 97.882,00",-,1560,-,4531,6091,0,"34,92435897",0,"9,578459501","16,06993925","R$ 0,00","R$ 0,00","R$ 0,00","R$ 694,44","R$ 694,44",
3167509,Simão Pereira,MG,50,0,0,0,50,0,0,0,125,125,-,-,"R$ 31,00","R$ 817,00","R$ 848,00",-,-,3,62,65,0,0,"10,33333333","13,17741935","13,04615385","R$ 0,00","R$ 0,00","R$ 0,00","R$ 1.647,18","R$ 1.647,18",
3167608,Simonésia,MG,92,0,0,0,92,0,0,0,230,230,-,"R$ 265.200,00","R$ 118,00","R$ 9.439,00","R$ 274.757,00",-,11050,14,1022,12086,0,24,"8,428571429","9,235812133","22,7334933","R$ 0,00","R$ 0,00","R$ 0,00","R$ 2.124,24","R$ 2.124,24",
3167707,Sobrália,MG,296,0,0,0,296,0,0,0,740,740,"R$ 10,00",-,-,"R$ 830,00","R$ 840,00",5,-,-,95,100,2,0,0,"8,736842105","8,4","R$ 0,00","R$ 0,00","R$ 0,00","R$ 6.465,26","R$ 6.465,26",
3167806,Soledade de Minas,MG,4,0,0,0,4,0,0,0,10,10,-,"R$ 9.450,00",-,"R$ 2.528,00","R$ 11.978,00",-,300,-,378,678,0,"31,5",0,"6,687830688","17,66666667","R$ 0,00","R$ 0,00","R$ 0,00","R$ 66,88","R$ 66,88",
3167905,Tabuleiro,MG,35,0,0,0,35,0,0,0,"87,5","87,5",-,-,-,"R$ 889,00","R$ 889,00",-,-,-,82,82,0,0,0,"10,84146341","10,84146341","R$ 0,00","R$ 0,00","R$ 0,00","R$ 948,63","R$ 948,63",
3168002,Taiobeiras,MG,2.211,0,775,0,1436,0,775,0,3590,4365,-,"R$ 43.981,00","R$ 513,00","R$ 9.967,00","R$ 54.461,00",-,630,74,614,1318,0,"69,81111111","6,932432432","16,23289902","41,32094082","R$ 0,00","R$ 54.103,61","R$ 0,00","R$ 58.276,11","R$ 112.379,72",
3168051,Taparuba,MG,230,0,23,0,207,0,23,0,"517,5","540,5","R$ 27,00","R$ 6.253,00","R$ 486,00","R$ 528,00","R$ 7.294,00",7,132,75,86,300,"3,857142857","47,37121212","6,48","6,139534884","24,31333333","R$ 0,00","R$ 1.089,54","R$ 0,00","R$ 3.177,21","R$ 4.266,75",
3168101,Tapira,MG,1.013,0,0,0,1.013,0,0,0,"2532,5","2532,5",-,"R$ 18.293,00",-,"R$ 225.790,00","R$ 244.083,00",-,450,-,8434,8884,0,"40,65111111",0,"26,77140147","27,47444845","R$ 0,00","R$ 0,00","R$ 0,00","R$ 67.798,57","R$ 67.798,57",
3168200,Tapiraí,MG,704,0,314,0,390,0,314,0,975,1289,-,"R$ 71.475,00",-,"R$ 9.062,00","R$ 80.537,00",-,1613,-,1276,2889,0,"44,31184129",0,"7,101880878","27,87712011","R$ 0,00","R$ 13.913,92","R$ 0,00","R$ 6.924,33","R$ 20.838,25",
3168309,Taquaraçu de Minas,MG,32,0,0,0,32,0,0,0,80,80,-,-,"R$ 240,00","R$ 12.485,00","R$ 12.725,00",-,-,24,272,296,0,0,10,"45,90073529","42,98986486","R$ 0,00","R$ 0,00","R$ 0,00","R$ 3.672,06","R$ 3.672,06",
3168408,Tarumirim,MG,789,0,0,0,789,0,0,0,"1972,5","1972,5","R$ 29,00","R$ 229,00","R$ 292,00","R$ 2.447,00","R$ 2.997,00",10,14,48,390,462,"2,9","16,35714286","6,083333333","6,274358974","6,487012987","R$ 0,00","R$ 0,00","R$ 0,00","R$ 12.376,17","R$ 12.376,17",
3168507,Teixeiras,MG,42,0,0,0,42,0,0,0,105,105,-,"R$ 33.727,00",-,"R$ 7.222,00","R$ 40.949,00",-,1020,-,983,2003,0,"33,06568627",0,"7,346897253","20,44383425","R$ 0,00","R$ 0,00","R$ 0,00","R$ 771,42","R$ 771,42",
3168606,Teófilo Otoni,MG,1.460,0,0,0,1.460,0,0,0,3650,3650,-,"R$ 405,00","R$ 1.429,00","R$ 18.742,00","R$ 20.576,00",-,20,188,1769,1977,0,"20,25","7,60106383","10,59468626","10,40768842","R$ 0,00","R$ 0,00","R$ 0,00","R$ 38.670,60","R$ 38.670,60",
3168705,Timóteo,MG,0,0,0,0,0,0,0,0,0,0,-,-,-,"R$ 198,00","R$ 198,00",-,-,-,9,9,0,0,0,22,22,"R$ 0,00","R$ 0,00","R$ 0,00","R$ 0,00","R$ 0,00",
3168804,Tiradentes,MG,18,0,0,0,18,0,0,0,45,45,-,-,"R$ 47,00","R$ 4.626,00","R$ 4.673,00",-,-,5,543,548,0,0,"9,4","8,519337017","8,527372263","R$ 0,00","R$ 0,00","R$ 0,00","R$ 383,37","R$ 383,37",
3168903,Tiros,MG,920,0,139,0,781,0,139,0,"1952,5","2091,5",-,"R$ 80.340,00","R$ 79,00","R$ 81.864,00","R$ 162.283,00",-,2060,6,5720,7786,0,39,"13,16666667","14,31188811","20,8429232","R$ 0,00","R$ 5.421,00","R$ 0,00","R$ 27.943,96","R$ 33.364,96",
3169000,Tocantins,MG,609,0,0,0,609,0,0,0,"1522,5","1522,5",-,-,"R$ 170,00","R$ 50.443,00","R$ 50.613,00",-,-,29,1395,1424,0,0,"5,862068966","36,15985663","35,54283708","R$ 0,00","R$ 0,00","R$ 0,00","R$ 55.053,38","R$ 55.053,38",
3169059,Tocos do Moji,MG,234,0,0,0,234,0,0,0,585,585,-,"R$ 11.716,00",-,"R$ 4.090,00","R$ 15.806,00",-,354,-,282,636,0,"33,0960452",0,"14,5035461","24,85220126","R$ 0,00","R$ 0,00","R$ 0,00","R$ 8.484,57","R$ 8.484,57",
3169109,Toledo,MG,641,0,0,0,641,0,0,0,"1602,5","1602,5",-,-,"R$ 118,00","R$ 18.462,00","R$ 18.580,00",-,-,15,871,886,0,0,"7,866666667","21,19632606","20,97065463","R$ 0,00","R$ 0,00","R$ 0,00","R$ 33.967,11","R$ 33.967,11",
3169208,Tombos,MG,33,0,0,0,33,0,0,0,"82,5","82,5","R$ 20,00","R$ 47.899,00","R$ 528,00","R$ 1.983,00","R$ 50.430,00",4,1630,66,289,1989,5,"29,38588957",8,"6,861591696","25,35444947","R$ 0,00","R$ 0,00","R$ 0,00","R$ 566,08","R$ 566,08",
3169307,Três Corações,MG,746,0,92,0,654,0,92,0,1635,1727,-,"R$ 308.763,00",-,"R$ 301.411,00","R$ 610.174,00",-,8700,-,46815,55515,0,"35,49",0,"6,438342412","10,99115554","R$ 0,00","R$ 3.265,08","R$ 0,00","R$ 10.526,69","R$ 13.791,77",
3169356,Três Marias,MG,1.336,0,0,0,1.336,0,0,0,3340,3340,-,-,"R$ 595,00","R$ 43.027,00","R$ 43.622,00",-,-,68,5553,5621,0,0,"8,75","7,748424275","7,760540829","R$ 0,00","R$ 0,00","R$ 0,00","R$ 25.879,74","R$ 25.879,74",
3169406,Três Pontas,MG,406,0,82,0,324,0,82,0,810,892,-,"R$ 511.113,00","R$ 51,00","R$ 24.649,00","R$ 535.813,00",-,17571,5,4086,21662,0,"29,08844118","10,2","6,032550171","24,73515834","R$ 0,00","R$ 2.385,25","R$ 0,00","R$ 4.886,37","R$ 7.271,62",
3169505,Tumiritinga,MG,215,0,0,0,215,0,0,0,"537,5","537,5",-,-,"R$ 134,00","R$ 1.300,00","R$ 1.434,00",-,-,21,233,254,0,0,"6,380952381","5,579399142","5,645669291","R$ 0,00","R$ 0,00","R$ 0,00","R$ 2.998,93","R$ 2.998,93",
3169604,Tupaciguara,MG,10.246,0,117,5.733,4.396,0,117,5733,10990,16840,-,"R$ 12.397,00","R$ 176.190,00","R$ 386.930,00","R$ 575.517,00",-,191,15570,63312,79073,0,"64,90575916","11,31599229","6,111479656","7,278299799","R$ 0,00","R$ 7.593,97","R$ 64.874,58","R$ 67.165,16","R$ 139.633,72",
3169703,Turmalina,MG,1.379,0,524,0,855,0,524,0,"2137,5","2661,5","R$ 10,00","R$ 24.441,00","R$ 1.184,00","R$ 2.298,00","R$ 27.933,00",4,650,185,337,1176,"2,5","37,60153846","6,4","6,818991098","23,75255102","R$ 0,00","R$ 19.703,21","R$ 0,00","R$ 14.575,59","R$ 34.278,80",
3169802,Turvolândia,MG,342,0,0,0,342,0,0,0,855,855,-,"R$ 48.724,00","R$ 364,00","R$ 134.191,00","R$ 183.279,00",-,1600,32,3262,4894,0,"30,4525","11,375","41,13764562","37,44973437","R$ 0,00","R$ 0,00","R$ 0,00","R$ 35.172,69","R$ 35.172,69",
3169901,Ubá,MG,220,0,0,0,220,0,0,0,550,550,-,"R$ 141,00","R$ 203,00","R$ 8.249,00","R$ 8.593,00",-,4,20,336,360,0,"35,25","10,15","24,55059524","23,86944444","R$ 0,00","R$ 0,00","R$ 0,00","R$ 13.502,83","R$ 13.502,83",
3170008,Ubaí,MG,116,0,0,0,116,0,0,0,290,290,-,-,"R$ 1.650,00","R$ 1.466,00","R$ 3.116,00",-,-,250,313,563,0,0,"6,6","4,68370607","5,534635879","R$ 0,00","R$ 0,00","R$ 0,00","R$ 1.358,27","R$ 1.358,27",
3170057,Ubaporanga,MG,910,0,0,0,910,0,0,0,2275,2275,"R$ 4,00","R$ 109.758,00","R$ 136,00","R$ 12.250,00","R$ 122.148,00",2,3545,17,402,3966,2,"30,96135402",8,"30,47263682","30,79878971","R$ 0,00","R$ 0,00","R$ 0,00","R$ 69.325,25","R$ 69.325,25",
3170107,Uberaba,MG,34.615,0,225,25.890,8.500,0,225,25890,21250,47365,-,"R$ 17.229,00","R$ 1.353.600,00","R$ 1.016.583,00","R$ 2.387.412,00",-,408,120000,146769,267177,0,"42,22794118","11,28","6,926414979","8,935694315","R$ 0,00","R$ 9.501,29","R$ 292.039,20","R$ 147.186,32","R$ 448.726,81",
3170206,Uberlândia,MG,12.768,0,427,2.278,10.063,0,427,2278,"25157,5","27862,5",-,"R$ 18.844,00","R$ 180.320,00","R$ 907.465,00","R$ 1.106.629,00",-,460,16100,104998,121558,0,"40,96521739","11,2","8,642688432","9,103711808","R$ 0,00","R$ 17.492,15","R$ 25.513,60","R$ 217.428,43","R$ 260.434,18",
3170305,Umburatiba,MG,0,0,0,0,0,0,0,0,0,0,-,-,-,"R$ 40,00","R$ 40,00",-,-,-,5,5,0,0,0,8,8,"R$ 0,00","R$ 0,00","R$ 0,00","R$ 0,00","R$ 0,00",
3170404,Unaí,MG,70.874,0,3.250,6.710,60.913,0,3250,6710,"152282,5","162242,5","R$ 24.600,00","R$ 195.559,00","R$ 229.408,00","R$ 1.711.721,00","R$ 2.161.288,00",2000,3770,21400,298247,325417,"12,3","51,87241379","10,72","5,739273153","6,641595245","R$ 0,00","R$ 168.585,34","R$ 71.931,20","R$ 873.990,86","R$ 1.114.507,41",
3170438,União de Minas,MG,1.092,0,0,1.092,0,0,0,1092,0,1092,-,-,"R$ 114.062,00","R$ 30.387,00","R$ 144.449,00",-,-,12070,3228,15298,0,0,"9,450041425","9,413568773","9,442345405","R$ 0,00","R$ 0,00","R$ 10.319,45","R$ 0,00","R$ 10.319,45",
3170479,Uruana de Minas,MG,895,0,0,0,895,0,0,0,"2237,5","2237,5",-,-,"R$ 483,00","R$ 24.860,00","R$ 25.343,00",-,-,92,4737,4829,0,0,"5,25","5,248047287","5,24808449","R$ 0,00","R$ 0,00","R$ 0,00","R$ 11.742,51","R$ 11.742,51",
3170503,Urucânia,MG,1.329,0,0,1.225,103,0,0,1225,"257,5","1482,5",-,-,"R$ 42.242,00","R$ 2.836,00","R$ 45.078,00",-,-,4500,199,4699,0,0,"9,387111111","14,25125628","9,593104916","R$ 0,00","R$ 0,00","R$ 11.499,21","R$ 3.669,70","R$ 15.168,91",
3170529,Urucuia,MG,2.822,0,829,0,1.993,0,829,0,"4982,5","5811,5","R$ 174,00","R$ 23.895,00","R$ 622,00","R$ 39.990,00","R$ 64.681,00",30,553,84,4254,4921,"5,8","43,20976492","7,404761905","9,400564175","13,1438732","R$ 0,00","R$ 35.820,90","R$ 0,00","R$ 46.838,31","R$ 82.659,21",
3170578,Vargem Alegre,MG,55,0,0,0,55,0,0,0,"137,5","137,5","R$ 29,00","R$ 2.295,00","R$ 63,00","R$ 766,00","R$ 3.153,00",5,64,9,56,134,"5,8","35,859375",7,"13,67857143","23,52985075","R$ 0,00","R$ 0,00","R$ 0,00","R$ 1.880,80","R$ 1.880,80",
3170602,Vargem Bonita,MG,151,0,41,0,110,0,41,0,275,316,-,"R$ 99.927,00",-,"R$ 8.009,00","R$ 107.936,00",-,2460,-,1473,3933,0,"40,62073171",0,"5,437202987","27,44368167","R$ 0,00","R$ 1.665,45","R$ 0,00","R$ 1.495,23","R$ 3.160,68",
3170651,Vargem Grande do Rio Pardo,MG,353,0,0,0,353,0,0,0,"882,5","882,5","R$ 12,00","R$ 3.275,00","R$ 775,00","R$ 8.953,00","R$ 13.015,00",10,85,103,404,602,"1,2","38,52941176","7,524271845","22,16089109","21,61960133","R$ 0,00","R$ 0,00","R$ 0,00","R$ 19.556,99","R$ 19.556,99",
3170701,Varginha,MG,163,0,0,0,163,0,0,0,"407,5","407,5",-,"R$ 230.323,00","R$ 78,00","R$ 6.305,00","R$ 236.706,00",-,7950,10,871,8831,0,"28,97144654","7,8","7,23880597","26,80398596","R$ 0,00","R$ 0,00","R$ 0,00","R$ 2.949,81","R$ 2.949,81",
3170750,Varjão de Minas,MG,4.108,0,1.848,1.726,534,0,1848,1726,1335,4909,-,"R$ 125.620,00","R$ 10.067,00","R$ 101.672,00","R$ 237.359,00",-,2337,880,10654,13871,0,"53,75267437","11,43977273","9,54308241","17,11188811","R$ 0,00","R$ 99.334,94","R$ 19.745,05","R$ 12.740,02","R$ 131.820,00",
3170800,Várzea da Palma,MG,4.134,0,614,0,3.519,0,614,0,"8797,5","9411,5",-,"R$ 44.294,00","R$ 600,00","R$ 152.591,00","R$ 197.485,00",-,700,90,8042,8832,0,"63,27714286","6,666666667","18,97426013","22,36016757","R$ 0,00","R$ 38.852,17","R$ 0,00","R$ 166.926,05","R$ 205.778,22",
3170909,Varzelândia,MG,197,0,0,0,197,0,0,0,"492,5","492,5",-,-,"R$ 571,00","R$ 13.170,00","R$ 13.741,00",-,-,59,2315,2374,0,0,"9,677966102","5,688984881","5,788121314","R$ 0,00","R$ 0,00","R$ 0,00","R$ 2.801,83","R$ 2.801,83",
3171006,Vazante,MG,5.101,0,0,0,5.101,0,0,0,"12752,5","12752,5",-,-,"R$ 47,00","R$ 177.256,00","R$ 177.303,00",-,-,3,25221,25224,0,0,"15,66666667","7,028111494","7,029138915","R$ 0,00","R$ 0,00","R$ 0,00","R$ 89.625,99","R$ 89.625,99",
3171030,Verdelândia,MG,4.823,0,0,0,4.822,0,0,0,12055,12055,-,-,-,"R$ 72.171,00","R$ 72.171,00",-,-,-,1901,1901,0,0,0,"37,96475539","37,96475539","R$ 0,00","R$ 0,00","R$ 0,00","R$ 457.665,13","R$ 457.665,13",
3171071,Veredinha,MG,111,0,0,0,111,0,0,0,"277,5","277,5",-,"R$ 2.750,00","R$ 624,00","R$ 1.301,00","R$ 4.675,00",-,140,104,521,765,0,"19,64285714",6,"2,497120921","6,111111111","R$ 0,00","R$ 0,00","R$ 0,00","R$ 692,95","R$ 692,95",
3171105,Veríssimo,MG,3.229,0,0,3.107,122,0,0,3107,305,3412,-,-,"R$ 281.658,00","R$ 36.434,00","R$ 318.092,00",-,-,26000,7078,33078,0,0,"10,833","5,147499294","9,616421791","R$ 0,00","R$ 0,00","R$ 33.658,13","R$ 1.569,99","R$ 35.228,12",
3171154,Vermelho Novo,MG,31,0,0,0,31,0,0,0,"77,5","77,5",-,"R$ 88.896,00","R$ 258,00","R$ 3.112,00","R$ 92.266,00",-,2244,34,651,2929,0,"39,61497326","7,588235294","4,780337942","31,50085353","R$ 0,00","R$ 0,00","R$ 0,00","R$ 370,48","R$ 370,48",
3171204,Vespasiano,MG,5,0,0,0,5,0,0,0,"12,5","12,5",-,-,-,"R$ 38,00","R$ 38,00",-,-,-,7,7,0,0,0,"5,428571429","5,428571429","R$ 0,00","R$ 0,00","R$ 0,00","R$ 67,86","R$ 67,86",
3171303,Viçosa,MG,173,0,0,0,173,0,0,0,"432,5","432,5",-,"R$ 23.305,00","R$ 303,00","R$ 13.740,00","R$ 37.348,00",-,825,29,1410,2264,0,"28,24848485","10,44827586","9,744680851","16,49646643","R$ 0,00","R$ 0,00","R$ 0,00","R$ 4.214,57","R$ 4.214,57",
3171402,Vieiras,MG,0,0,0,0,0,0,0,0,0,0,-,"R$ 16.848,00","R$ 135,00","R$ 1.277,00","R$ 18.260,00",-,650,15,141,806,0,"25,92",9,"9,056737589","22,65508685","R$ 0,00","R$ 0,00","R$ 0,00","R$ 0,00","R$ 0,00",
3171501,Mathias Lobato,MG,0,0,0,0,0,0,0,0,0,0,-,-,-,"R$ 539,00","R$ 539,00",-,-,-,99,99,0,0,0,"5,444444444","5,444444444","R$ 0,00","R$ 0,00","R$ 0,00","R$ 0,00","R$ 0,00",
3171600,Virgem da Lapa,MG,226,0,0,0,226,0,0,0,565,565,-,-,"R$ 348,00","R$ 2.528,00","R$ 2.876,00",-,-,58,1355,1413,0,0,6,"1,865682657","2,035385704","R$ 0,00","R$ 0,00","R$ 0,00","R$ 1.054,11","R$ 1.054,11",
3171709,Virgínia,MG,91,0,0,0,91,0,0,0,"227,5","227,5","R$ 11,00","R$ 1.743,00","R$ 35,00","R$ 29.589,00","R$ 31.378,00",3,50,4,749,806,"3,666666667","34,86","8,75","39,5046729","38,93052109","R$ 0,00","R$ 0,00","R$ 0,00","R$ 8.987,31","R$ 8.987,31",
3171808,Virginópolis,MG,727,0,0,0,727,0,0,0,"1817,5","1817,5",-,"R$ 2.117,00","R$ 669,00","R$ 2.750,00","R$ 5.536,00",-,80,88,259,427,0,"26,4625","7,602272727","10,61776062","12,96487119","R$ 0,00","R$ 0,00","R$ 0,00","R$ 19.297,78","R$ 19.297,78",
3171907,Virgolândia,MG,37,0,0,0,37,0,0,0,"92,5","92,5",-,"R$ 395,00","R$ 231,00","R$ 1.288,00","R$ 1.914,00",-,22,33,191,246,0,"17,95454545",7,"6,743455497","7,780487805","R$ 0,00","R$ 0,00","R$ 0,00","R$ 623,77","R$ 623,77",
3172004,Visconde do Rio Branco,MG,252,0,0,0,252,0,0,0,630,630,-,"R$ 82,00","R$ 3.772,00","R$ 15.378,00","R$ 19.232,00",-,3,510,636,1149,0,"27,33333333","7,396078431","24,17924528","16,73803307","R$ 0,00","R$ 0,00","R$ 0,00","R$ 15.232,92","R$ 15.232,92",
3172103,Volta Grande,MG,0,0,0,0,0,0,0,0,0,0,-,-,"R$ 24,00","R$ 420,00","R$ 444,00",-,-,3,20,23,0,0,8,21,"19,30434783","R$ 0,00","R$ 0,00","R$ 0,00","R$ 0,00","R$ 0,00",
3172202,Wenceslau Braz,MG,11,0,0,0,11,0,0,0,"27,5","27,5",-,-,-,"R$ 1.081,00","R$ 1.081,00",-,-,-,68,68,0,0,0,"15,89705882","15,89705882","R$ 0,00","R$ 0,00","R$ 0,00","R$ 437,17","R$ 437,17",
3200102,Afonso Cláudio,ES,2.790,0,2.780,0,10,0,2780,0,25,2805,"R$ 80,00","R$ 478.219,00","R$ 68,00","R$ 81.341,00","R$ 559.708,00",10,11695,15,1484,13204,8,"40,89089354","4,533333333","54,81199461","42,38927598","R$ 0,00","R$ 113.676,68","R$ 0,00","R$ 1.370,30","R$ 115.046,98",
3200136,Águia Branca,ES,5.666,0,5.580,0,85,0,5580,0,"212,5","5792,5","R$ 111,00","R$ 307.504,00",-,"R$ 28.067,00","R$ 335.682,00",10,6270,-,656,6936,"11,1","49,04370016",0,"42,78506098","48,39705882","R$ 0,00","R$ 273.663,85","R$ 0,00","R$ 9.091,83","R$ 282.755,67",
3200169,Água Doce do Norte,ES,1.345,0,1.305,0,40,0,1305,0,100,1405,-,"R$ 81.034,00","R$ 81,00","R$ 12.703,00","R$ 93.818,00",-,2205,20,383,2608,0,"36,75011338","4,05","33,16710183","35,97315951","R$ 0,00","R$ 47.958,90","R$ 0,00","R$ 3.316,71","R$ 51.275,61",
3200201,Alegre,ES,150,0,136,0,14,0,136,0,35,171,-,"R$ 172.123,00","R$ 154,00","R$ 7.156,00","R$ 179.433,00",-,5225,30,935,6190,0,"32,94220096","5,133333333","7,653475936","28,98756058","R$ 0,00","R$ 4.480,14","R$ 0,00","R$ 267,87","R$ 4.748,01",
3200300,Alfredo Chaves,ES,492,0,416,0,76,0,416,0,190,606,-,"R$ 172.274,00","R$ 346,00","R$ 162.897,00","R$ 335.517,00",-,4632,40,4435,9107,0,"37,19214162","8,65","36,72987599","36,84166026","R$ 0,00","R$ 15.471,93","R$ 0,00","R$ 6.978,68","R$ 22.450,61",
3200359,Alto Rio Novo,ES,1.199,0,1.194,0,5,0,1194,0,"12,5","1206,5","R$ 32,00","R$ 116.683,00","R$ 162,00","R$ 1.469,00","R$ 118.346,00",3,2998,30,64,3095,"10,66666667","38,92028019","5,4","22,953125","38,23780291","R$ 0,00","R$ 46.470,81","R$ 0,00","R$ 286,91","R$ 46.757,73",
3200409,Anchieta,ES,428,0,130,0,299,0,130,0,"747,5","877,5",-,"R$ 34.087,00","R$ 12,00","R$ 17.920,00","R$ 52.019,00",-,1070,5,1696,2771,0,"31,85700935","2,4","10,56603774","18,77264525","R$ 0,00","R$ 4.141,41","R$ 0,00","R$ 7.898,11","R$ 12.039,52",
3200508,Apiacá,ES,64,0,64,0,0,0,64,0,0,64,-,"R$ 77.535,00",-,"R$ 2.691,00","R$ 80.226,00",-,1770,-,224,1994,0,"43,80508475",0,"12,01339286","40,2337011","R$ 0,00","R$ 2.803,53","R$ 0,00","R$ 0,00","R$ 2.803,53",
3200607,Aracruz,ES,6.479,0,5.191,52,1236,0,5191,52,3090,8333,-,"R$ 276.311,00","R$ 937,00","R$ 58.163,00","R$ 335.411,00",-,5350,170,1720,7240,0,"51,64691589","5,511764706","33,81569767","46,32748619","R$ 0,00","R$ 268.099,14","R$ 286,61","R$ 104.490,51","R$ 372.876,26",
3200706,Atílio Vivacqua,ES,784,0,770,0,14,0,770,0,35,805,-,"R$ 57.906,00",-,"R$ 5.481,00","R$ 63.387,00",-,1330,-,311,1641,0,"43,53834586",0,"17,62379421","38,62705667","R$ 0,00","R$ 33.524,53","R$ 0,00","R$ 616,83","R$ 34.141,36",
3200805,Baixo Guandu,ES,2.206,0,2.131,0,75,0,2131,0,"187,5","2318,5","R$ 35,00","R$ 127.850,00",-,"R$ 28.100,00","R$ 155.985,00",4,3490,-,781,4275,"8,75","36,63323782",0,"35,97951344","36,4877193","R$ 0,00","R$ 78.065,43","R$ 0,00","R$ 6.746,16","R$ 84.811,59",
3200904,Barra de São Francisco,ES,3.354,0,3.155,0,199,0,3155,0,"497,5","3652,5","R$ 125,00","R$ 242.327,00","R$ 39,00","R$ 42.684,00","R$ 285.175,00",10,5105,10,1247,6372,"12,5","47,46856024","3,9","34,22935044","44,75439422","R$ 0,00","R$ 149.763,31","R$ 0,00","R$ 17.029,10","R$ 166.792,41",
3201001,Boa Esperança,ES,6.421,0,4.265,776,1378,0,4265,776,3445,8486,-,"R$ 206.755,00","R$ 379,00","R$ 118.097,00","R$ 325.231,00",-,5300,131,2734,8165,0,"39,01037736","2,893129771","43,19568398","39,83233313","R$ 0,00","R$ 166.379,26","R$ 2.245,07","R$ 148.809,13","R$ 317.433,46",
3201100,Bom Jesus do Norte,ES,166,0,165,0,1,0,165,0,"2,5","167,5",-,"R$ 5.914,00",-,"R$ 820,00","R$ 6.734,00",-,174,-,39,213,0,"33,98850575",0,"21,02564103","31,61502347","R$ 0,00","R$ 5.608,10","R$ 0,00","R$ 52,56","R$ 5.660,67",
3201159,Brejetuba,ES,393,0,393,0,0,0,393,0,0,393,-,"R$ 632.748,00",-,"R$ 6.513,00","R$ 639.261,00",-,18000,-,571,18571,0,"35,15266667",0,"11,40630473","34,42254052","R$ 0,00","R$ 13.815,00","R$ 0,00","R$ 0,00","R$ 13.815,00",
3201209,Cachoeiro de Itapemirim,ES,941,0,900,0,41,0,900,0,"102,5","1002,5",-,"R$ 162.519,00","R$ 1.926,00","R$ 12.095,00","R$ 176.540,00",-,5870,300,758,6928,0,"27,68637138","6,42","15,95646438","25,48210162","R$ 0,00","R$ 24.917,73","R$ 0,00","R$ 1.635,54","R$ 26.553,27",
3201308,Cariacica,ES,150,0,98,0,52,0,98,0,130,228,-,"R$ 11.002,00","R$ 164,00","R$ 26.326,00","R$ 37.492,00",-,323,35,1117,1475,0,"34,0619195","4,685714286","23,56848702","25,41830508","R$ 0,00","R$ 3.338,07","R$ 0,00","R$ 3.063,90","R$ 6.401,97",
3201407,Castelo,ES,4.316,0,4.300,0,16,0,4300,0,40,4340,-,"R$ 361.077,00","R$ 357,00","R$ 38.865,00","R$ 400.299,00",-,11527,79,1043,12649,0,"31,32445563","4,518987342","37,26270374","31,64669144","R$ 0,00","R$ 134.695,16","R$ 0,00","R$ 1.490,51","R$ 136.185,67",
3201506,Colatina,ES,9.633,0,9.339,0,294,0,9339,0,735,10074,"R$ 40,00","R$ 520.647,00","R$ 110,00","R$ 77.466,00","R$ 598.263,00",3,11110,25,2501,13639,"13,33333333","46,86291629","4,4","30,9740104","43,8641396","R$ 0,00","R$ 437.652,78","R$ 0,00","R$ 22.765,90","R$ 460.418,67",
3201605,Conceição da Barra,ES,8.071,0,900,5.834,1.337,0,900,5834,"3342,5","10076,5",-,"R$ 44.385,00","R$ 39.458,00","R$ 116.261,00","R$ 200.104,00",-,1121,8793,1945,11859,0,"39,5941124","4,487433185","59,77429306","16,87359811","R$ 0,00","R$ 35.634,70","R$ 26.179,69","R$ 199.795,57","R$ 261.609,96",
3201704,Conceição do Castelo,ES,604,0,601,0,3,0,601,0,"7,5","608,5",-,"R$ 162.517,00","R$ 15,00","R$ 17.316,00","R$ 179.848,00",-,4088,3,644,4735,0,"39,75464775",5,"26,88819876","37,98268215","R$ 0,00","R$ 23.892,54","R$ 0,00","R$ 201,66","R$ 24.094,20",
3201803,Divino de São Lourenço,ES,0,0,0,0,0,0,0,0,0,0,-,"R$ 90.556,00",-,"R$ 1.343,00","R$ 91.899,00",-,2100,-,244,2344,0,"43,12190476",0,"5,504098361","39,20605802","R$ 0,00","R$ 0,00","R$ 0,00","R$ 0,00","R$ 0,00",
3201902,Domingos Martins,ES,55,0,52,0,3,0,52,0,"7,5","59,5",-,"R$ 145.581,00","R$ 198,00","R$ 201.927,00","R$ 347.706,00",-,6024,40,3684,9748,0,"24,16683267","4,95","54,81188925","35,66947066","R$ 0,00","R$ 1.256,68","R$ 0,00","R$ 411,09","R$ 1.667,76",
3202009,Dores do Rio Preto,ES,0,0,0,0,0,0,0,0,0,0,-,"R$ 108.397,00","R$ 83,00","R$ 7.445,00","R$ 115.925,00",-,3200,15,1695,4910,0,"33,8740625","5,533333333","4,392330383","23,60997963","R$ 0,00","R$ 0,00","R$ 0,00","R$ 0,00","R$ 0,00",
3202108,Ecoporanga,ES,439,0,394,0,45,0,394,0,"112,5","506,5",-,"R$ 98.501,00","R$ 273,00","R$ 15.716,00","R$ 114.490,00",-,2650,50,349,3049,0,"37,17018868","5,46","45,03151862","37,5500164","R$ 0,00","R$ 14.645,05","R$ 0,00","R$ 5.066,05","R$ 19.711,10",
3202207,Fundão,ES,2.331,0,2.250,0,81,0,2250,0,"202,5","2452,5",-,"R$ 166.047,00","R$ 182,00","R$ 7.940,00","R$ 174.169,00",-,2482,23,373,2878,0,"66,90048348","7,913043478","21,28686327","60,51737318","R$ 0,00","R$ 150.526,09","R$ 0,00","R$ 4.310,59","R$ 154.836,68",
3202256,Governador Lindenberg,ES,9.652,0,9.365,0,287,0,9365,0,"717,5","10082,5",-,"R$ 340.860,00",-,"R$ 16.427,00","R$ 357.287,00",-,9200,-,396,9596,0,"37,05",0,"41,48232323","37,23290955","R$ 0,00","R$ 346.973,25","R$ 0,00","R$ 29.763,57","R$ 376.736,82",
3202306,Guaçuí,ES,467,0,467,0,0,0,467,0,0,467,-,"R$ 192.180,00","R$ 36,00","R$ 16.935,00","R$ 209.151,00",-,6450,10,1422,7882,0,"29,79534884","3,6","11,9092827","26,53527024","R$ 0,00","R$ 13.914,43","R$ 0,00","R$ 0,00","R$ 13.914,43",
3202405,Guarapari,ES,366,0,11,0,355,0,11,0,"887,5","898,5",-,"R$ 49.715,00","R$ 182,00","R$ 48.083,00","R$ 97.980,00",-,2100,70,4271,6441,0,"23,67380952","2,6","11,2580192","15,21192361","R$ 0,00","R$ 260,41","R$ 0,00","R$ 9.991,49","R$ 10.251,90",
3202454,Ibatiba,ES,25,0,25,0,0,0,25,0,0,25,-,"R$ 271.670,00",-,"R$ 19.538,00","R$ 291.208,00",-,8200,-,908,9108,0,"33,1304878",0,"21,51762115","31,97277119","R$ 0,00","R$ 828,26","R$ 0,00","R$ 0,00","R$ 828,26",
3202504,Ibiraçu,ES,1.237,0,1.150,0,87,0,1150,0,"217,5","1367,5",-,"R$ 68.374,00","R$ 2.372,00","R$ 10.557,00","R$ 81.303,00",-,1866,255,471,2592,0,"36,64201501","9,301960784","22,41401274","31,36689815","R$ 0,00","R$ 42.138,32","R$ 0,00","R$ 4.875,05","R$ 47.013,37",
3202553,Ibitirama,ES,15,0,15,0,0,0,15,0,0,15,-,"R$ 182.981,00","R$ 20,00","R$ 6.075,00","R$ 189.076,00",-,5501,5,822,6328,0,"33,26322487",4,"7,390510949","29,87926675","R$ 0,00","R$ 498,95","R$ 0,00","R$ 0,00","R$ 498,95",
3202603,Iconha,ES,351,0,336,0,15,0,336,0,"37,5","373,5",-,"R$ 113.197,00","R$ 75,00","R$ 61.498,00","R$ 174.770,00",-,4251,15,3690,7956,0,"26,62832275",5,"16,66612466","21,96706888","R$ 0,00","R$ 8.947,12","R$ 0,00","R$ 624,98","R$ 9.572,10",
3202652,Irupi,ES,6,0,6,0,0,0,6,0,0,6,-,"R$ 347.963,00","R$ 18,00","R$ 4.387,00","R$ 352.368,00",-,9807,5,717,10529,0,"35,48108494","3,6","6,118549512","33,46642606","R$ 0,00","R$ 212,89","R$ 0,00","R$ 0,00","R$ 212,89",
3202702,Itaguaçu,ES,5.433,0,5.312,0,121,0,5312,0,"302,5","5614,5",-,"R$ 197.847,00","R$ 516,00","R$ 135.563,00","R$ 333.926,00",-,6885,100,1358,8343,0,"28,73594771","5,16","99,82547865","40,02469136","R$ 0,00","R$ 152.645,35","R$ 0,00","R$ 30.197,21","R$ 182.842,56",
3202801,Itapemirim,ES,1.814,0,93,1.433,288,0,93,1433,720,2246,-,"R$ 11.159,00","R$ 37.232,00","R$ 15.370,00","R$ 63.761,00",-,607,6500,661,7768,0,"18,38385502","5,728","23,2526475","8,208161689","R$ 0,00","R$ 1.709,70","R$ 8.208,22","R$ 16.741,91","R$ 26.659,83",
3202900,Itarana,ES,1.130,0,1.120,0,10,0,1120,0,25,1145,-,"R$ 127.534,00","R$ 213,00","R$ 40.395,00","R$ 168.142,00",-,3220,40,1249,4509,0,"39,6068323","5,325","32,3418735","37,29030827","R$ 0,00","R$ 44.359,65","R$ 0,00","R$ 808,55","R$ 45.168,20",
3203007,Iúna,ES,56,0,56,0,0,0,56,0,0,56,-,"R$ 513.518,00","R$ 51,00","R$ 9.383,00","R$ 522.952,00",-,16040,12,1388,17440,0,"32,01483791","4,25","6,760086455","29,98577982","R$ 0,00","R$ 1.792,83","R$ 0,00","R$ 0,00","R$ 1.792,83",
3203056,Jaguaré,ES,14.828,0,13.092,0,1.737,0,13092,0,"4342,5","17434,5",-,"R$ 531.880,00",-,"R$ 146.509,00","R$ 678.389,00",-,13337,-,3211,16548,0,"39,88003299",0,"45,62721893","40,99522601","R$ 0,00","R$ 522.109,39","R$ 0,00","R$ 198.136,20","R$ 720.245,59",
3203106,Jerônimo Monteiro,ES,352,0,348,0,4,0,348,0,10,358,-,"R$ 104.186,00",-,"R$ 4.668,00","R$ 108.854,00",-,3000,-,258,3258,0,"34,72866667",0,"18,09302326","33,41129527","R$ 0,00","R$ 12.085,58","R$ 0,00","R$ 180,93","R$ 12.266,51",
3203130,João Neiva,ES,1.119,0,1.093,0,26,0,1093,0,65,1158,-,"R$ 53.517,00","R$ 159,00","R$ 6.913,00","R$ 60.589,00",-,1289,25,298,1612,0,"41,51823119","6,36","23,19798658","37,58622829","R$ 0,00","R$ 45.379,43","R$ 0,00","R$ 1.507,87","R$ 46.887,30",
3203163,Laranja da Terra,ES,2.208,0,2.200,0,8,0,2200,0,20,2220,-,"R$ 129.839,00",-,"R$ 76.537,00","R$ 206.376,00",-,2740,-,1265,4005,0,"47,38649635",0,"60,50355731","51,52958801","R$ 0,00","R$ 104.250,29","R$ 0,00","R$ 1.210,07","R$ 105.460,36",
3203205,Linhares,ES,20.222,0,12.757,2.163,5.302,0,12757,2163,13255,28175,-,"R$ 834.793,00","R$ 66.124,00","R$ 723.345,00","R$ 1.624.262,00",-,17400,16574,18808,52782,0,"47,9766092","3,9896223","38,45943216","30,77302868","R$ 0,00","R$ 612.037,60","R$ 8.629,55","R$ 509.779,77","R$ 1.130.446,93",
3203304,Mantenópolis,ES,528,0,510,0,18,0,510,0,45,555,"R$ 250,00","R$ 112.655,00","R$ 14,00","R$ 9.004,00","R$ 121.923,00",20,4722,3,426,5171,"12,5","23,85747565","4,666666667","21,13615023","23,57822471","R$ 0,00","R$ 12.167,31","R$ 0,00","R$ 951,13","R$ 13.118,44",
3203320,Marataízes,ES,2.452,0,0,0,2.452,0,0,0,6130,6130,-,-,"R$ 2.490,00","R$ 78.982,00","R$ 81.472,00",-,-,1000,1942,2942,0,0,"2,49","40,67044284","27,69272604","R$ 0,00","R$ 0,00","R$ 0,00","R$ 249.309,81","R$ 249.309,81",
3203346,Marechal Floriano,ES,481,0,448,0,32,0,448,0,80,528,-,"R$ 87.504,00","R$ 39,00","R$ 78.845,00","R$ 166.388,00",-,2200,8,1569,3777,0,"39,77454545","4,875","50,25175271","44,05295208","R$ 0,00","R$ 17.819,00","R$ 0,00","R$ 4.020,14","R$ 21.839,14",
3203353,Marilândia,ES,7.319,0,7.264,0,55,0,7264,0,"137,5","7401,5",-,"R$ 414.947,00","R$ 194,00","R$ 31.424,00","R$ 446.565,00",-,8600,44,571,9215,0,"48,24965116","4,409090909","55,03327496","48,46066196","R$ 0,00","R$ 350.485,47","R$ 0,00","R$ 7.567,08","R$ 358.052,54",
3203403,Mimoso do Sul,ES,1.181,0,1.150,0,31,0,1150,0,"77,5","1227,5",-,"R$ 372.461,00",-,"R$ 14.727,00","R$ 387.188,00",-,7772,-,1679,9451,0,"47,92344313",0,"8,771292436","40,9679399","R$ 0,00","R$ 55.111,96","R$ 0,00","R$ 679,78","R$ 55.791,73",
3203502,Montanha,ES,6.290,0,3.014,1.933,1343,0,3014,1933,"3357,5","8304,5",-,"R$ 144.220,00","R$ 12.917,00","R$ 182.224,00","R$ 339.361,00",-,3500,2894,3127,9521,0,"41,20571429","4,463372495","58,27438439","35,64341981","R$ 0,00","R$ 124.194,02","R$ 8.627,70","R$ 195.656,25","R$ 328.477,97",
3203601,Mucurici,ES,649,0,7,0,643,0,7,0,"1607,5","1614,5",-,"R$ 6.404,00","R$ 1.948,00","R$ 15.910,00","R$ 24.262,00",-,90,482,1532,2104,0,"71,15555556","4,041493776","10,38511749","11,53136882","R$ 0,00","R$ 498,09","R$ 0,00","R$ 16.694,08","R$ 17.192,17",
3203700,Muniz Freire,ES,706,0,705,0,1,0,705,0,"2,5","707,5",-,"R$ 403.948,00",-,"R$ 43.906,00","R$ 447.854,00",-,10805,-,1292,12097,0,"37,38528459",0,"33,98297214","37,02190626","R$ 0,00","R$ 26.356,63","R$ 0,00","R$ 84,96","R$ 26.441,58",
3203809,Muqui,ES,1.338,0,1.335,0,3,0,1335,0,"7,5","1342,5",-,"R$ 166.185,00",-,"R$ 2.118,00","R$ 168.303,00",-,4417,-,440,4857,0,"37,62395291",0,"4,813636364","34,65163681","R$ 0,00","R$ 50.227,98","R$ 0,00","R$ 36,10","R$ 50.264,08",
3203908,Nova Venécia,ES,11.945,0,10.933,23,989,0,10933,23,"2472,5","13428,5","R$ 383,00","R$ 522.937,00","R$ 579,00","R$ 203.226,00","R$ 727.125,00",30,12200,140,2279,14649,"12,76666667","42,86368852","4,135714286","89,17332163","49,63649396","R$ 0,00","R$ 468.628,71","R$ 95,12","R$ 220.481,04","R$ 689.204,87",
3204005,Pancas,ES,764,0,660,0,104,0,660,0,260,920,"R$ 72,00","R$ 539.190,00","R$ 12,00","R$ 30.437,00","R$ 569.711,00",6,12120,3,974,13103,12,"44,48762376",4,"31,24948665","43,47943219","R$ 0,00","R$ 29.361,83","R$ 0,00","R$ 8.124,87","R$ 37.486,70",
3204054,Pedro Canário,ES,3.922,0,897,2.159,866,0,897,2159,2165,5221,-,"R$ 60.990,00","R$ 21.572,00","R$ 81.845,00","R$ 164.407,00",-,1220,5407,1335,7962,0,"49,99180328","3,989643055","61,3071161","20,64895755","R$ 0,00","R$ 44.842,65","R$ 8.613,64","R$ 132.729,91","R$ 186.186,19",
3204104,Pinheiros,ES,15.977,0,6.633,1421,7.923,0,6633,1421,"19807,5","27861,5",-,"R$ 397.169,00","R$ 27.047,00","R$ 446.953,00","R$ 871.169,00",-,9700,7029,8660,25389,0,"40,94525773","3,847915777","51,61120092","34,31285202","R$ 0,00","R$ 271.589,89","R$ 5.467,89","R$ 1.022.288,86","R$ 1.299.346,65",
3204203,Piúma,ES,243,0,190,0,53,0,190,0,"132,5","322,5",-,"R$ 15.606,00",-,"R$ 660,00","R$ 16.266,00",-,276,-,85,361,0,"56,54347826",0,"7,764705882","45,05817175","R$ 0,00","R$ 10.743,26","R$ 0,00","R$ 1.028,82","R$ 11.772,08",
3204252,Ponto Belo,ES,369,0,332,0,37,0,332,0,"92,5","424,5",-,"R$ 16.702,00",-,"R$ 21.342,00","R$ 38.044,00",-,360,-,527,887,0,"46,39444444",0,"40,4971537","42,89064262","R$ 0,00","R$ 15.402,96","R$ 0,00","R$ 3.745,99","R$ 19.148,94",
3204302,Presidente Kennedy,ES,468,0,0,0,468,0,0,0,1170,1170,-,"R$ 3.403,00","R$ 7.000,00","R$ 60.425,00","R$ 70.828,00",-,106,700,1313,2119,0,"32,10377358",10,"46,02056359","33,42520057","R$ 0,00","R$ 0,00","R$ 0,00","R$ 53.844,06","R$ 53.844,06",
3204351,Rio Bananal,ES,16.189,0,15.738,0,451,0,15738,0,"1127,5","16865,5",-,"R$ 858.496,00","R$ 252,00","R$ 270.557,00","R$ 1.129.305,00",-,19100,50,3067,22217,0,"44,94743455","5,04","88,21552005","50,83067021","R$ 0,00","R$ 707.382,73","R$ 0,00","R$ 99.463,00","R$ 806.845,72",
3204401,Rio Novo do Sul,ES,34,0,0,0,34,0,0,0,85,85,-,"R$ 67.279,00","R$ 67,00","R$ 30.694,00","R$ 98.040,00",-,2590,10,2299,4899,0,"25,97644788","6,7","13,35102218","20,0122474","R$ 0,00","R$ 0,00","R$ 0,00","R$ 1.134,84","R$ 1.134,84",
3204500,Santa Leopoldina,ES,2.569,0,2.529,0,40,0,2529,0,100,2629,-,"R$ 231.543,00","R$ 182,00","R$ 104.755,00","R$ 336.480,00",-,4680,30,2627,7337,0,"49,475","6,066666667","39,87628474","45,86070601","R$ 0,00","R$ 125.122,28","R$ 0,00","R$ 3.987,63","R$ 129.109,90",
3204559,Santa Maria de Jetibá,ES,220,0,220,0,1,0,220,0,"2,5","222,5",-,"R$ 89.518,00",-,"R$ 174.228,00","R$ 263.746,00",-,2600,-,4765,7365,0,"34,43",0,"36,56411333","35,81072641","R$ 0,00","R$ 7.574,60","R$ 0,00","R$ 91,41","R$ 7.666,01",
3204609,Santa Teresa,ES,4.233,0,4.211,0,22,0,4211,0,55,4266,-,"R$ 393.154,00","R$ 957,00","R$ 54.538,00","R$ 448.649,00",-,9395,200,755,10350,0,"41,84715274","4,785","72,23576159","43,34772947","R$ 0,00","R$ 176.218,36","R$ 0,00","R$ 3.972,97","R$ 180.191,33",
3204658,São Domingos do Norte,ES,5.612,0,5.388,0,224,0,5388,0,560,5948,-,"R$ 289.583,00","R$ 21,00","R$ 33.996,00","R$ 323.600,00",-,5560,5,886,6451,0,"52,08327338","4,2","38,37020316","50,16276546","R$ 0,00","R$ 280.624,68","R$ 0,00","R$ 21.487,31","R$ 302.111,99",
3204708,São Gabriel da Palha,ES,8.937,0,8.372,0,565,0,8372,0,"1412,5","9784,5",-,"R$ 395.445,00","R$ 82,00","R$ 145.464,00","R$ 540.991,00",-,8381,20,1265,9666,0,"47,18351032","4,1","114,9913043","55,9684461","R$ 0,00","R$ 395.020,35","R$ 0,00","R$ 162.425,22","R$ 557.445,57",
3204807,São José do Calçado,ES,286,0,271,0,15,0,271,0,"37,5","308,5",-,"R$ 41.967,00",-,"R$ 4.380,00","R$ 46.347,00",-,1331,-,355,1686,0,"31,53042825",0,"12,33802817","27,48932384","R$ 0,00","R$ 8.544,75","R$ 0,00","R$ 462,68","R$ 9.007,42",
3204906,São Mateus,ES,17.640,0,13.468,143,4.030,0,13468,143,10075,23686,-,"R$ 528.448,00","R$ 5.203,00","R$ 1.080.548,00","R$ 1.614.199,00",-,12800,1429,12528,26757,0,"41,285","3,641007698","86,25063857","60,32810106","R$ 0,00","R$ 556.026,38","R$ 520,66","R$ 868.975,18","R$ 1.425.522,23",
3204955,São Roque do Canaã,ES,3.099,0,3.050,0,49,0,3050,0,"122,5","3172,5",-,"R$ 218.412,00","R$ 1.500,00","R$ 31.819,00","R$ 251.731,00",-,3550,300,492,4342,0,"61,52450704",5,"64,67276423","57,9758176","R$ 0,00","R$ 187.649,75","R$ 0,00","R$ 7.922,41","R$ 195.572,16",
3205002,Serra,ES,601,0,403,0,198,0,403,0,495,898,-,"R$ 30.491,00",-,"R$ 10.393,00","R$ 40.884,00",-,585,-,910,1495,0,"52,12136752",0,"11,42087912","27,34715719","R$ 0,00","R$ 21.004,91","R$ 0,00","R$ 5.653,34","R$ 26.658,25",
3205010,Sooretama,ES,9.484,0,8.121,0,1.362,0,8121,0,3405,11526,-,"R$ 351.000,00","R$ 80,00","R$ 117.239,00","R$ 468.319,00",-,10000,20,1923,11943,0,"35,1",4,"60,96671867","39,21284434","R$ 0,00","R$ 285.047,10","R$ 0,00","R$ 207.591,68","R$ 492.638,78",
3205036,Vargem Alta,ES,504,0,500,0,4,0,500,0,10,510,-,"R$ 178.633,00",-,"R$ 31.339,00","R$ 209.972,00",-,5450,-,1167,6617,0,"32,77669725",0,"26,85432734","31,73220493","R$ 0,00","R$ 16.388,35","R$ 0,00","R$ 268,54","R$ 16.656,89",
3205069,Venda Nova do Imigrante,ES,137,0,137,0,0,0,137,0,0,137,-,"R$ 107.321,00","R$ 33,00","R$ 106.783,00","R$ 214.137,00",-,3000,8,1081,4089,0,"35,77366667","4,125","98,78168363","52,36903888","R$ 0,00","R$ 4.900,99","R$ 0,00","R$ 0,00","R$ 4.900,99",
3205101,Viana,ES,84,0,21,0,63,0,21,0,"157,5","178,5","R$ 4,00","R$ 10.731,00","R$ 648,00","R$ 45.742,00","R$ 57.125,00",1,265,90,1281,1637,4,"40,49433962","7,2","35,70804059","34,8961515","R$ 0,00","R$ 850,38","R$ 0,00","R$ 5.624,02","R$ 6.474,40",
3205150,Vila Pavão,ES,3.087,0,2.924,0,163,0,2924,0,"407,5","3331,5",-,"R$ 180.502,00","R$ 49,00","R$ 29.430,00","R$ 209.981,00",-,4100,14,541,4655,0,"44,02487805","3,5","54,39926063","45,10870032","R$ 0,00","R$ 128.728,74","R$ 0,00","R$ 22.167,70","R$ 150.896,44",
3205176,Vila Valério,ES,15.455,0,14.356,0,1.099,0,14356,0,"2747,5","17103,5",-,"R$ 569.772,00",-,"R$ 239.571,00","R$ 809.343,00",-,15000,-,2972,17972,0,"37,9848",0,"80,60935397","45,03355219","R$ 0,00","R$ 545.309,79","R$ 0,00","R$ 221.474,20","R$ 766.783,99",
3205200,Vila Velha,ES,55,0,0,0,55,0,0,0,"137,5","137,5",-,-,"R$ 440,00","R$ 2.751,00","R$ 3.191,00",-,-,100,285,385,0,0,"4,4","9,652631579","8,288311688","R$ 0,00","R$ 0,00","R$ 0,00","R$ 1.327,24","R$ 1.327,24",
3205309,Vitória,ES,0,0,0,0,0,0,0,0,0,0,...,...,...,#VALUE!,...,...,...,...,#VALUE!,...,0,0,0,0,0,"R$ 0,00","R$ 0,00","R$ 0,00","R$ 0,00","R$ 0,00",
3300100,Angra dos Reis,RJ,80,0,0,0,80,0,0,0,200,200,-,-,"R$ 132,00","R$ 6.241,00","R$ 6.373,00",-,-,11,113,124,0,0,12,"55,2300885","51,39516129","R$ 0,00","R$ 0,00","R$ 0,00","R$ 11.046,02","R$ 11.046,02",
3300159,Aperibé,RJ,173,0,0,0,173,0,0,0,"432,5","432,5",-,-,-,"R$ 626,00","R$ 626,00",-,-,-,35,35,0,0,0,"17,88571429","17,88571429","R$ 0,00","R$ 0,00","R$ 0,00","R$ 7.735,57","R$ 7.735,57",
3300209,Araruama,RJ,2.533,0,0,2.059,473,0,0,2059,"1182,5","3241,5",-,-,"R$ 27.605,00","R$ 96.542,00","R$ 124.147,00",-,-,2840,2497,5337,0,0,"9,720070423","38,66319584","23,26157017","R$ 0,00","R$ 0,00","R$ 20.013,63","R$ 45.719,23","R$ 65.732,85",
3300225,Areal,RJ,24,0,0,0,24,0,0,0,60,60,-,-,-,"R$ 1.261,00","R$ 1.261,00",-,-,-,33,33,0,0,0,"38,21212121","38,21212121","R$ 0,00","R$ 0,00","R$ 0,00","R$ 2.292,73","R$ 2.292,73",
3300233,Armação dos Búzios,RJ,3,0,0,0,3,0,0,0,"7,5","7,5",-,-,-,"R$ 228,00","R$ 228,00",-,-,-,8,8,0,0,0,"28,5","28,5","R$ 0,00","R$ 0,00","R$ 0,00","R$ 213,75","R$ 213,75",
3300258,Arraial do Cabo,RJ,0,0,0,0,0,0,0,0,0,0,#N/A,#N/A,#N/A,#N/A,#N/A,#N/A,#N/A,#N/A,#N/A,#N/A,0,0,0,0,0,"R$ 0,00","R$ 0,00","R$ 0,00","R$ 0,00","R$ 0,00",
3300308,Barra do Piraí,RJ,54,0,0,0,54,0,0,0,135,135,#N/A,#N/A,#N/A,#N/A,#N/A,#N/A,#N/A,#N/A,#N/A,#N/A,0,0,0,0,0,"R$ 0,00","R$ 0,00","R$ 0,00","R$ 0,00","R$ 0,00",
3300407,Barra Mansa,RJ,336,0,0,0,336,0,0,0,840,840,#N/A,#N/A,#N/A,#N/A,#N/A,#N/A,#N/A,#N/A,#N/A,#N/A,0,0,0,0,0,"R$ 0,00","R$ 0,00","R$ 0,00","R$ 0,00","R$ 0,00",
3300456,Belford Roxo,RJ,0,0,0,0,0,0,0,0,0,0,#N/A,#N/A,#N/A,#N/A,#N/A,#N/A,#N/A,#N/A,#N/A,#N/A,0,0,0,0,0,"R$ 0,00","R$ 0,00","R$ 0,00","R$ 0,00","R$ 0,00",
3300506,Bom Jardim,RJ,662,0,0,0,662,0,0,0,1655,1655,#N/A,#N/A,#N/A,#N/A,#N/A,#N/A,#N/A,#N/A,#N/A,#N/A,0,0,0,0,0,"R$ 0,00","R$ 0,00","R$ 0,00","R$ 0,00","R$ 0,00",
3300605,Bom Jesus do Itabapoana,RJ,318,0,0,0,318,0,0,0,795,795,#N/A,#N/A,#N/A,#N/A,#N/A,#N/A,#N/A,#N/A,#N/A,#N/A,0,0,0,0,0,"R$ 0,00","R$ 0,00","R$ 0,00","R$ 0,00","R$ 0,00",
3300704,Cabo Frio,RJ,1.175,0,0,1.125,50,0,0,1125,125,1250,#N/A,#N/A,#N/A,#N/A,#N/A,#N/A,#N/A,#N/A,#N/A,#N/A,0,0,0,0,0,"R$ 0,00","R$ 0,00","R$ 0,00","R$ 0,00","R$ 0,00",
3300803,Cachoeiras de Macacu,RJ,69,0,0,0,69,0,0,0,"172,5","172,5",#N/A,#N/A,#N/A,#N/A,#N/A,#N/A,#N/A,#N/A,#N/A,#N/A,0,0,0,0,0,"R$ 0,00","R$ 0,00","R$ 0,00","R$ 0,00","R$ 0,00",
3300902,Cambuci,RJ,5,0,0,0,5,0,0,0,"12,5","12,5",#N/A,#N/A,#N/A,#N/A,#N/A,#N/A,#N/A,#N/A,#N/A,#N/A,0,0,0,0,0,"R$ 0,00","R$ 0,00","R$ 0,00","R$ 0,00","R$ 0,00",
3300936,Carapebus,RJ,118,0,0,0,118,0,0,0,295,295,#N/A,#N/A,#N/A,#N/A,#N/A,#N/A,#N/A,#N/A,#N/A,#N/A,0,0,0,0,0,"R$ 0,00","R$ 0,00","R$ 0,00","R$ 0,00","R$ 0,00",
3300951,Comendador Levy Gasparian,RJ,0,0,0,0,0,0,0,0,0,0,#N/A,#N/A,#N/A,#N/A,#N/A,#N/A,#N/A,#N/A,#N/A,#N/A,0,0,0,0,0,"R$ 0,00","R$ 0,00","R$ 0,00","R$ 0,00","R$ 0,00",
3301009,Campos dos Goytacazes,RJ,8.303,0,23,7.965,315,0,23,7965,"787,5","8775,5",#N/A,#N/A,#N/A,#N/A,#N/A,#N/A,#N/A,#N/A,#N/A,#N/A,0,0,0,0,0,"R$ 0,00","R$ 0,00","R$ 0,00","R$ 0,00","R$ 0,00",
3301108,Cantagalo,RJ,296,0,0,0,296,0,0,0,740,740,#N/A,#N/A,#N/A,#N/A,#N/A,#N/A,#N/A,#N/A,#N/A,#N/A,0,0,0,0,0,"R$ 0,00","R$ 0,00","R$ 0,00","R$ 0,00","R$ 0,00",
3301157,Cardoso Moreira,RJ,406,0,0,17,389,0,0,17,"972,5","989,5",#N/A,#N/A,#N/A,#N/A,#N/A,#N/A,#N/A,#N/A,#N/A,#N/A,0,0,0,0,0,"R$ 0,00","R$ 0,00","R$ 0,00","R$ 0,00","R$ 0,00",
3301207,Carmo,RJ,115,0,0,0,115,0,0,0,"287,5","287,5",#N/A,#N/A,#N/A,#N/A,#N/A,#N/A,#N/A,#N/A,#N/A,#N/A,0,0,0,0,0,"R$ 0,00","R$ 0,00","R$ 0,00","R$ 0,00","R$ 0,00",
3301306,Casimiro de Abreu,RJ,30,0,0,0,30,0,0,0,75,75,#N/A,#N/A,#N/A,#N/A,#N/A,#N/A,#N/A,#N/A,#N/A,#N/A,0,0,0,0,0,"R$ 0,00","R$ 0,00","R$ 0,00","R$ 0,00","R$ 0,00",
3301405,Conceição de Macabu,RJ,105,0,0,0,105,0,0,0,"262,5","262,5",#N/A,#N/A,#N/A,#N/A,#N/A,#N/A,#N/A,#N/A,#N/A,#N/A,0,0,0,0,0,"R$ 0,00","R$ 0,00","R$ 0,00","R$ 0,00","R$ 0,00",
3301504,Cordeiro,RJ,72,0,0,0,72,0,0,0,180,180,#N/A,#N/A,#N/A,#N/A,#N/A,#N/A,#N/A,#N/A,#N/A,#N/A,0,0,0,0,0,"R$ 0,00","R$ 0,00","R$ 0,00","R$ 0,00","R$ 0,00",
3301603,Duas Barras,RJ,751,0,0,0,751,0,0,0,"1877,5","1877,5",#N/A,#N/A,#N/A,#N/A,#N/A,#N/A,#N/A,#N/A,#N/A,#N/A,0,0,0,0,0,"R$ 0,00","R$ 0,00","R$ 0,00","R$ 0,00","R$ 0,00",
3301702,Duque de Caxias,RJ,148,0,0,0,148,0,0,0,370,370,#N/A,#N/A,#N/A,#N/A,#N/A,#N/A,#N/A,#N/A,#N/A,#N/A,0,0,0,0,0,"R$ 0,00","R$ 0,00","R$ 0,00","R$ 0,00","R$ 0,00",
3301801,Engenheiro Paulo de Frontin,RJ,21,0,0,0,21,0,0,0,"52,5","52,5",#N/A,#N/A,#N/A,#N/A,#N/A,#N/A,#N/A,#N/A,#N/A,#N/A,0,0,0,0,0,"R$ 0,00","R$ 0,00","R$ 0,00","R$ 0,00","R$ 0,00",
3301850,Guapimirim,RJ,97,0,0,0,97,0,0,0,"242,5","242,5",#N/A,#N/A,#N/A,#N/A,#N/A,#N/A,#N/A,#N/A,#N/A,#N/A,0,0,0,0,0,"R$ 0,00","R$ 0,00","R$ 0,00","R$ 0,00","R$ 0,00",
3301876,Iguaba Grande,RJ,0,0,0,0,0,0,0,0,0,0,#N/A,#N/A,#N/A,#N/A,#N/A,#N/A,#N/A,#N/A,#N/A,#N/A,0,0,0,0,0,"R$ 0,00","R$ 0,00","R$ 0,00","R$ 0,00","R$ 0,00",
3301900,Itaboraí,RJ,30,0,0,0,30,0,0,0,75,75,#N/A,#N/A,#N/A,#N/A,#N/A,#N/A,#N/A,#N/A,#N/A,#N/A,0,0,0,0,0,"R$ 0,00","R$ 0,00","R$ 0,00","R$ 0,00","R$ 0,00",
3302007,Itaguaí,RJ,29,0,0,0,29,0,0,0,"72,5","72,5",#N/A,#N/A,#N/A,#N/A,#N/A,#N/A,#N/A,#N/A,#N/A,#N/A,0,0,0,0,0,"R$ 0,00","R$ 0,00","R$ 0,00","R$ 0,00","R$ 0,00",
3302056,Italva,RJ,134,0,0,0,134,0,0,0,335,335,#N/A,#N/A,#N/A,#N/A,#N/A,#N/A,#N/A,#N/A,#N/A,#N/A,0,0,0,0,0,"R$ 0,00","R$ 0,00","R$ 0,00","R$ 0,00","R$ 0,00",
3302106,Itaocara,RJ,81,0,0,0,81,0,0,0,"202,5","202,5",#N/A,#N/A,#N/A,#N/A,#N/A,#N/A,#N/A,#N/A,#N/A,#N/A,0,0,0,0,0,"R$ 0,00","R$ 0,00","R$ 0,00","R$ 0,00","R$ 0,00",
3302205,Itaperuna,RJ,448,0,0,0,448,0,0,0,1120,1120,#N/A,#N/A,#N/A,#N/A,#N/A,#N/A,#N/A,#N/A,#N/A,#N/A,0,0,0,0,0,"R$ 0,00","R$ 0,00","R$ 0,00","R$ 0,00","R$ 0,00",
3302254,Itatiaia,RJ,0,0,0,0,0,0,0,0,0,0,#N/A,#N/A,#N/A,#N/A,#N/A,#N/A,#N/A,#N/A,#N/A,#N/A,0,0,0,0,0,"R$ 0,00","R$ 0,00","R$ 0,00","R$ 0,00","R$ 0,00",
3302270,Japeri,RJ,26,0,0,0,26,0,0,0,65,65,#N/A,#N/A,#N/A,#N/A,#N/A,#N/A,#N/A,#N/A,#N/A,#N/A,0,0,0,0,0,"R$ 0,00","R$ 0,00","R$ 0,00","R$ 0,00","R$ 0,00",
3302304,Laje do Muriaé,RJ,46,0,0,0,46,0,0,0,115,115,#N/A,#N/A,#N/A,#N/A,#N/A,#N/A,#N/A,#N/A,#N/A,#N/A,0,0,0,0,0,"R$ 0,00","R$ 0,00","R$ 0,00","R$ 0,00","R$ 0,00",
3302403,Macaé,RJ,82,0,0,0,82,0,0,0,205,205,#N/A,#N/A,#N/A,#N/A,#N/A,#N/A,#N/A,#N/A,#N/A,#N/A,0,0,0,0,0,"R$ 0,00","R$ 0,00","R$ 0,00","R$ 0,00","R$ 0,00",
3302452,Macuco,RJ,46,0,0,0,46,0,0,0,115,115,#N/A,#N/A,#N/A,#N/A,#N/A,#N/A,#N/A,#N/A,#N/A,#N/A,0,0,0,0,0,"R$ 0,00","R$ 0,00","R$ 0,00","R$ 0,00","R$ 0,00",
3302502,Magé,RJ,88,0,0,0,88,0,0,0,220,220,#N/A,#N/A,#N/A,#N/A,#N/A,#N/A,#N/A,#N/A,#N/A,#N/A,0,0,0,0,0,"R$ 0,00","R$ 0,00","R$ 0,00","R$ 0,00","R$ 0,00",
3302601,Mangaratiba,RJ,11,0,0,0,11,0,0,0,"27,5","27,5",#N/A,#N/A,#N/A,#N/A,#N/A,#N/A,#N/A,#N/A,#N/A,#N/A,0,0,0,0,0,"R$ 0,00","R$ 0,00","R$ 0,00","R$ 0,00","R$ 0,00",
3302700,Maricá,RJ,0,0,0,0,0,0,0,0,0,0,#N/A,#N/A,#N/A,#N/A,#N/A,#N/A,#N/A,#N/A,#N/A,#N/A,0,0,0,0,0,"R$ 0,00","R$ 0,00","R$ 0,00","R$ 0,00","R$ 0,00",
3302809,Mendes,RJ,40,0,0,0,40,0,0,0,100,100,#N/A,#N/A,#N/A,#N/A,#N/A,#N/A,#N/A,#N/A,#N/A,#N/A,0,0,0,0,0,"R$ 0,00","R$ 0,00","R$ 0,00","R$ 0,00","R$ 0,00",
3302858,Mesquita,RJ,0,0,0,0,0,0,0,0,0,0,#N/A,#N/A,#N/A,#N/A,#N/A,#N/A,#N/A,#N/A,#N/A,#N/A,0,0,0,0,0,"R$ 0,00","R$ 0,00","R$ 0,00","R$ 0,00","R$ 0,00",
3302908,Miguel Pereira,RJ,290,0,0,0,290,0,0,0,725,725,#N/A,#N/A,#N/A,#N/A,#N/A,#N/A,#N/A,#N/A,#N/A,#N/A,0,0,0,0,0,"R$ 0,00","R$ 0,00","R$ 0,00","R$ 0,00","R$ 0,00",
3303005,Miracema,RJ,103,0,0,0,103,0,0,0,"257,5","257,5",#N/A,#N/A,#N/A,#N/A,#N/A,#N/A,#N/A,#N/A,#N/A,#N/A,0,0,0,0,0,"R$ 0,00","R$ 0,00","R$ 0,00","R$ 0,00","R$ 0,00",
3303104,Natividade,RJ,237,0,0,0,237,0,0,0,"592,5","592,5",#N/A,#N/A,#N/A,#N/A,#N/A,#N/A,#N/A,#N/A,#N/A,#N/A,0,0,0,0,0,"R$ 0,00","R$ 0,00","R$ 0,00","R$ 0,00","R$ 0,00",
3303203,Nilópolis,RJ,0,0,0,0,0,0,0,0,0,0,#N/A,#N/A,#N/A,#N/A,#N/A,#N/A,#N/A,#N/A,#N/A,#N/A,0,0,0,0,0,"R$ 0,00","R$ 0,00","R$ 0,00","R$ 0,00","R$ 0,00",
3303302,Niterói,RJ,4,0,0,0,4,0,0,0,10,10,#N/A,#N/A,#N/A,#N/A,#N/A,#N/A,#N/A,#N/A,#N/A,#N/A,0,0,0,0,0,"R$ 0,00","R$ 0,00","R$ 0,00","R$ 0,00","R$ 0,00",
3303401,Nova Friburgo,RJ,2.299,0,0,0,2.299,0,0,0,"5747,5","5747,5",#N/A,#N/A,#N/A,#N/A,#N/A,#N/A,#N/A,#N/A,#N/A,#N/A,0,0,0,0,0,"R$ 0,00","R$ 0,00","R$ 0,00","R$ 0,00","R$ 0,00",
3303500,Nova Iguaçu,RJ,91,0,0,0,91,0,0,0,"227,5","227,5",#N/A,#N/A,#N/A,#N/A,#N/A,#N/A,#N/A,#N/A,#N/A,#N/A,0,0,0,0,0,"R$ 0,00","R$ 0,00","R$ 0,00","R$ 0,00","R$ 0,00",
3303609,Paracambi,RJ,16,0,0,0,16,0,0,0,40,40,#N/A,#N/A,#N/A,#N/A,#N/A,#N/A,#N/A,#N/A,#N/A,#N/A,0,0,0,0,0,"R$ 0,00","R$ 0,00","R$ 0,00","R$ 0,00","R$ 0,00",
3303708,Paraíba do Sul,RJ,275,0,0,0,275,0,0,0,"687,5","687,5",#N/A,#N/A,#N/A,#N/A,#N/A,#N/A,#N/A,#N/A,#N/A,#N/A,0,0,0,0,0,"R$ 0,00","R$ 0,00","R$ 0,00","R$ 0,00","R$ 0,00",
3303807,Paraty,RJ,78,0,0,0,78,0,0,0,195,195,#N/A,#N/A,#N/A,#N/A,#N/A,#N/A,#N/A,#N/A,#N/A,#N/A,0,0,0,0,0,"R$ 0,00","R$ 0,00","R$ 0,00","R$ 0,00","R$ 0,00",
3303856,Paty do Alferes,RJ,349,0,0,0,349,0,0,0,"872,5","872,5",#N/A,#N/A,#N/A,#N/A,#N/A,#N/A,#N/A,#N/A,#N/A,#N/A,0,0,0,0,0,"R$ 0,00","R$ 0,00","R$ 0,00","R$ 0,00","R$ 0,00",
3303906,Petrópolis,RJ,93,0,0,0,93,0,0,0,"232,5","232,5",#N/A,#N/A,#N/A,#N/A,#N/A,#N/A,#N/A,#N/A,#N/A,#N/A,0,0,0,0,0,"R$ 0,00","R$ 0,00","R$ 0,00","R$ 0,00","R$ 0,00",
3303955,Pinheiral,RJ,34,0,0,0,34,0,0,0,85,85,#N/A,#N/A,#N/A,#N/A,#N/A,#N/A,#N/A,#N/A,#N/A,#N/A,0,0,0,0,0,"R$ 0,00","R$ 0,00","R$ 0,00","R$ 0,00","R$ 0,00",
3304003,Piraí,RJ,63,0,0,0,63,0,0,0,"157,5","157,5",#N/A,#N/A,#N/A,#N/A,#N/A,#N/A,#N/A,#N/A,#N/A,#N/A,0,0,0,0,0,"R$ 0,00","R$ 0,00","R$ 0,00","R$ 0,00","R$ 0,00",
3304102,Porciúncula,RJ,179,0,0,0,179,0,0,0,"447,5","447,5",#N/A,#N/A,#N/A,#N/A,#N/A,#N/A,#N/A,#N/A,#N/A,#N/A,0,0,0,0,0,"R$ 0,00","R$ 0,00","R$ 0,00","R$ 0,00","R$ 0,00",
3304110,Porto Real,RJ,15,0,0,0,15,0,0,0,"37,5","37,5",#N/A,#N/A,#N/A,#N/A,#N/A,#N/A,#N/A,#N/A,#N/A,#N/A,0,0,0,0,0,"R$ 0,00","R$ 0,00","R$ 0,00","R$ 0,00","R$ 0,00",
3304128,Quatis,RJ,43,0,0,0,43,0,0,0,"107,5","107,5",#N/A,#N/A,#N/A,#N/A,#N/A,#N/A,#N/A,#N/A,#N/A,#N/A,0,0,0,0,0,"R$ 0,00","R$ 0,00","R$ 0,00","R$ 0,00","R$ 0,00",
3304144,Queimados,RJ,18,0,0,0,18,0,0,0,45,45,#N/A,#N/A,#N/A,#N/A,#N/A,#N/A,#N/A,#N/A,#N/A,#N/A,0,0,0,0,0,"R$ 0,00","R$ 0,00","R$ 0,00","R$ 0,00","R$ 0,00",
3304151,Quissamã,RJ,347,0,0,0,347,0,0,0,"867,5","867,5",#N/A,#N/A,#N/A,#N/A,#N/A,#N/A,#N/A,#N/A,#N/A,#N/A,0,0,0,0,0,"R$ 0,00","R$ 0,00","R$ 0,00","R$ 0,00","R$ 0,00",
3304201,Resende,RJ,491,0,0,0,491,0,0,0,"1227,5","1227,5",#N/A,#N/A,#N/A,#N/A,#N/A,#N/A,#N/A,#N/A,#N/A,#N/A,0,0,0,0,0,"R$ 0,00","R$ 0,00","R$ 0,00","R$ 0,00","R$ 0,00",
3304300,Rio Bonito,RJ,0,0,0,0,0,0,0,0,0,0,#N/A,#N/A,#N/A,#N/A,#N/A,#N/A,#N/A,#N/A,#N/A,#N/A,0,0,0,0,0,"R$ 0,00","R$ 0,00","R$ 0,00","R$ 0,00","R$ 0,00",
3304409,Rio Claro,RJ,72,0,0,0,72,0,0,0,180,180,#N/A,#N/A,#N/A,#N/A,#N/A,#N/A,#N/A,#N/A,#N/A,#N/A,0,0,0,0,0,"R$ 0,00","R$ 0,00","R$ 0,00","R$ 0,00","R$ 0,00",
3304508,Rio das Flores,RJ,335,0,0,0,335,0,0,0,"837,5","837,5",#N/A,#N/A,#N/A,#N/A,#N/A,#N/A,#N/A,#N/A,#N/A,#N/A,0,0,0,0,0,"R$ 0,00","R$ 0,00","R$ 0,00","R$ 0,00","R$ 0,00",
3304524,Rio das Ostras,RJ,13,0,0,0,13,0,0,0,"32,5","32,5",#N/A,#N/A,#N/A,#N/A,#N/A,#N/A,#N/A,#N/A,#N/A,#N/A,0,0,0,0,0,"R$ 0,00","R$ 0,00","R$ 0,00","R$ 0,00","R$ 0,00",
3304557,Rio de Janeiro,RJ,708,0,0,0,708,0,0,0,1770,1770,#N/A,#N/A,#N/A,#N/A,#N/A,#N/A,#N/A,#N/A,#N/A,#N/A,0,0,0,0,0,"R$ 0,00","R$ 0,00","R$ 0,00","R$ 0,00","R$ 0,00",
3304607,Santa Maria Madalena,RJ,85,0,0,0,85,0,0,0,"212,5","212,5",#N/A,#N/A,#N/A,#N/A,#N/A,#N/A,#N/A,#N/A,#N/A,#N/A,0,0,0,0,0,"R$ 0,00","R$ 0,00","R$ 0,00","R$ 0,00","R$ 0,00",
3304706,Santo Antônio de Pádua,RJ,388,0,0,0,388,0,0,0,970,970,#N/A,#N/A,#N/A,#N/A,#N/A,#N/A,#N/A,#N/A,#N/A,#N/A,0,0,0,0,0,"R$ 0,00","R$ 0,00","R$ 0,00","R$ 0,00","R$ 0,00",
3304755,São Francisco de Itabapoana,RJ,1.856,0,0,887,969,0,0,887,"2422,5","3309,5",#N/A,#N/A,#N/A,#N/A,#N/A,#N/A,#N/A,#N/A,#N/A,#N/A,0,0,0,0,0,"R$ 0,00","R$ 0,00","R$ 0,00","R$ 0,00","R$ 0,00",
3304805,São Fidélis,RJ,105,0,0,0,105,0,0,0,"262,5","262,5",#N/A,#N/A,#N/A,#N/A,#N/A,#N/A,#N/A,#N/A,#N/A,#N/A,0,0,0,0,0,"R$ 0,00","R$ 0,00","R$ 0,00","R$ 0,00","R$ 0,00",
3304904,São Gonçalo,RJ,26,0,0,0,26,0,0,0,65,65,#N/A,#N/A,#N/A,#N/A,#N/A,#N/A,#N/A,#N/A,#N/A,#N/A,0,0,0,0,0,"R$ 0,00","R$ 0,00","R$ 0,00","R$ 0,00","R$ 0,00",
3305000,São João da Barra,RJ,0,0,0,0,0,0,0,0,0,0,#N/A,#N/A,#N/A,#N/A,#N/A,#N/A,#N/A,#N/A,#N/A,#N/A,0,0,0,0,0,"R$ 0,00","R$ 0,00","R$ 0,00","R$ 0,00","R$ 0,00",
3305109,São João de Meriti,RJ,0,0,0,0,0,0,0,0,0,0,#N/A,#N/A,#N/A,#N/A,#N/A,#N/A,#N/A,#N/A,#N/A,#N/A,0,0,0,0,0,"R$ 0,00","R$ 0,00","R$ 0,00","R$ 0,00","R$ 0,00",
3305133,São José de Ubá,RJ,430,0,0,0,430,0,0,0,1075,1075,#N/A,#N/A,#N/A,#N/A,#N/A,#N/A,#N/A,#N/A,#N/A,#N/A,0,0,0,0,0,"R$ 0,00","R$ 0,00","R$ 0,00","R$ 0,00","R$ 0,00",
3305158,São José do Vale do Rio Preto,RJ,1.447,0,240,0,1.207,0,240,0,"3017,5","3257,5",#N/A,#N/A,#N/A,#N/A,#N/A,#N/A,#N/A,#N/A,#N/A,#N/A,0,0,0,0,0,"R$ 0,00","R$ 0,00","R$ 0,00","R$ 0,00","R$ 0,00",
3305208,São Pedro da Aldeia,RJ,4,0,0,0,4,0,0,0,10,10,#N/A,#N/A,#N/A,#N/A,#N/A,#N/A,#N/A,#N/A,#N/A,#N/A,0,0,0,0,0,"R$ 0,00","R$ 0,00","R$ 0,00","R$ 0,00","R$ 0,00",
3305307,São Sebastião do Alto,RJ,751,0,0,0,751,0,0,0,"1877,5","1877,5",#N/A,#N/A,#N/A,#N/A,#N/A,#N/A,#N/A,#N/A,#N/A,#N/A,0,0,0,0,0,"R$ 0,00","R$ 0,00","R$ 0,00","R$ 0,00","R$ 0,00",
3305406,Sapucaia,RJ,339,0,0,0,339,0,0,0,"847,5","847,5",#N/A,#N/A,#N/A,#N/A,#N/A,#N/A,#N/A,#N/A,#N/A,#N/A,0,0,0,0,0,"R$ 0,00","R$ 0,00","R$ 0,00","R$ 0,00","R$ 0,00",
3305505,Saquarema,RJ,300,0,0,0,300,0,0,0,750,750,#N/A,#N/A,#N/A,#N/A,#N/A,#N/A,#N/A,#N/A,#N/A,#N/A,0,0,0,0,0,"R$ 0,00","R$ 0,00","R$ 0,00","R$ 0,00","R$ 0,00",
3305554,Seropédica,RJ,266,0,0,0,266,0,0,0,665,665,#N/A,#N/A,#N/A,#N/A,#N/A,#N/A,#N/A,#N/A,#N/A,#N/A,0,0,0,0,0,"R$ 0,00","R$ 0,00","R$ 0,00","R$ 0,00","R$ 0,00",
3305604,Silva Jardim,RJ,22,0,0,1,21,0,0,1,"52,5","53,5",#N/A,#N/A,#N/A,#N/A,#N/A,#N/A,#N/A,#N/A,#N/A,#N/A,0,0,0,0,0,"R$ 0,00","R$ 0,00","R$ 0,00","R$ 0,00","R$ 0,00",
3305703,Sumidouro,RJ,6.680,0,0,0,6.680,0,0,0,16700,16700,#N/A,#N/A,#N/A,#N/A,#N/A,#N/A,#N/A,#N/A,#N/A,#N/A,0,0,0,0,0,"R$ 0,00","R$ 0,00","R$ 0,00","R$ 0,00","R$ 0,00",
3305752,Tanguá,RJ,35,0,0,0,35,0,0,0,"87,5","87,5",#N/A,#N/A,#N/A,#N/A,#N/A,#N/A,#N/A,#N/A,#N/A,#N/A,0,0,0,0,0,"R$ 0,00","R$ 0,00","R$ 0,00","R$ 0,00","R$ 0,00",
3305802,Teresópolis,RJ,1.829,0,0,0,1.829,0,0,0,"4572,5","4572,5",#N/A,#N/A,#N/A,#N/A,#N/A,#N/A,#N/A,#N/A,#N/A,#N/A,0,0,0,0,0,"R$ 0,00","R$ 0,00","R$ 0,00","R$ 0,00","R$ 0,00",
3305901,Trajano de Moraes,RJ,219,0,0,0,219,0,0,0,"547,5","547,5",#N/A,#N/A,#N/A,#N/A,#N/A,#N/A,#N/A,#N/A,#N/A,#N/A,0,0,0,0,0,"R$ 0,00","R$ 0,00","R$ 0,00","R$ 0,00","R$ 0,00",
3306008,Três Rios,RJ,57,0,0,0,57,0,0,0,"142,5","142,5",#N/A,#N/A,#N/A,#N/A,#N/A,#N/A,#N/A,#N/A,#N/A,#N/A,0,0,0,0,0,"R$ 0,00","R$ 0,00","R$ 0,00","R$ 0,00","R$ 0,00",
3306107,Valença,RJ,208,0,0,0,208,0,0,0,520,520,#N/A,#N/A,#N/A,#N/A,#N/A,#N/A,#N/A,#N/A,#N/A,#N/A,0,0,0,0,0,"R$ 0,00","R$ 0,00","R$ 0,00","R$ 0,00","R$ 0,00",
3306156,Varre-Sai,RJ,104,0,0,0,104,0,0,0,260,260,#N/A,#N/A,#N/A,#N/A,#N/A,#N/A,#N/A,#N/A,#N/A,#N/A,0,0,0,0,0,"R$ 0,00","R$ 0,00","R$ 0,00","R$ 0,00","R$ 0,00",
3306206,Vassouras,RJ,470,0,0,0,470,0,0,0,1175,1175,#REF!,#REF!,#REF!,#REF!,#REF!,#REF!,#REF!,#REF!,#REF!,#REF!,0,0,0,0,0,"R$ 0,00","R$ 0,00","R$ 0,00","R$ 0,00","R$ 0,00",
3306305,Volta Redonda,RJ,179,0,0,0,179,0,0,0,"447,5","447,5",#REF!,#REF!,#REF!,#REF!,#REF!,#REF!,#REF!,#REF!,#REF!,#REF!,0,0,0,0,0,"R$ 0,00","R$ 0,00","R$ 0,00","R$ 0,00","R$ 0,00",
