COBACIA,ire_cs_irri_eco
7761879,"2,99889665"
7761881,"0,00000000"
7761877,"2,99934000"
77618781,"2,99988712"
7761882,"5,00014610"
776188421,"0,00000000"
77618783,"3,00012818"
7761883,"3,00091593"
77617296,"4,99953107"
776188423,"5,00017702"
77618841,"3,00062531"
7761876,"2,99994972"
77618747,"0,00000000"
7761885,"3,00033775"
7761892,"3,00008134"
7761896,"3,00004314"
77618741,"3,00018361"
77618951,"0,00000000"
7761875,"2,99991971"
7761891,"2,99989130"
77618952,"0,00000000"
7761893,"3,00042650"
77618746,"0,00000000"
7761842,"3,00019417"
7761846,"3,00011628"
77618723,"3,00000690"
77618717,"2,99984953"
77618721,"2,99979698"
77618722,"0,00000000"
77618712,"0,00000000"
77618782,"3,00011972"
7761873,"3,00027519"
77618745,"0,00000000"
77618743,"5,00111043"
77618744,"0,00000000"
77618694,"1,99997720"
776187423,"4,99995378"
77618693,"3,00001010"
776187421,"2,99969485"
776187163,"2,99997451"
77618636,"2,99989937"
77618673,"3,00008768"
776187422,"3,00022257"
77618691,"3,00009982"
77618672,"3,00038599"
77618863,"3,03666963"
77618862,"0,00000000"
77618861,"2,99997023"
777496,"5,00006894"
7761888,"3,00049383"
7761887,"3,00009215"
777498,"0,00000000"
77618942,"0,00000000"
77618941,"2,99991011"
77618653,"3,00047202"
77618671,"0,00000000"
776187162,"3,00010717"
77618661,"2,99990615"
77618641,"2,99944919"
77618652,"2,99960082"
77618714,"4,99959555"
77618681,"4,99998960"
77618651,"3,00039641"
77618643,"3,00022720"
776183893,"2,99995650"
77618634,"3,00010495"
77618398,"2,99989188"
7762266,"4,99986095"
77618711,"0,00000000"
7761862,"3,00002829"
77618384,"2,99999081"
77618631,"0,00000000"
77618633,"3,00015974"
77618637,"2,99942904"
77618635,"3,00001478"
77618642,"3,00003590"
77622692,"3,00027767"
77618632,"2,99984977"
7761861,"2,99996232"
776183992,"2,00008020"
776185,"2,99962091"
77618665,"4,99986773"
77618667,"5,00026033"
77622693,"1,00001636"
77617297,"0,00000000"
777282,"0,00000000"
777283,"5,00007507"
777295,"4,99998371"
77618492,"2,99992491"
77618493,"3,00016211"
77617295,"3,00001531"
77617294,"0,00000000"
7761897,"2,99952210"
77618955,"2,99971870"
776189542,"2,99984618"
77618953,"0,00000000"
77618983,"3,00005737"
776189541,"0,00000000"
77618991,"2,99995031"
776189543,"5,00008638"
77618992,"0,00000000"
77618995,"0,00000000"
77618982,"2,99987914"
77618981,"0,00000000"
77618696,"0,00000000"
77618945,"0,00000000"
77618943,"0,00000000"
77618944,"0,00000000"
7776498,"3,01552998"
77618994,"0,00000000"
77618993,"0,00000000"
77618895,"3,00008100"
77618894,"2,00034565"
77618844,"4,99974027"
77618891,"2,99881369"
77618892,"2,00046821"
77618845,"2,99998067"
77618893,"2,92320333"
77618715,"0,00000000"
77618713,"0,00000000"
776187161,"0,00000000"
7761841,"2,99987751"
77618843,"0,00000000"
776188422,"0,00000000"
7761844,"3,00024013"
7761845,"2,99875963"
7761843,"2,99943418"
77618396,"3,00003994"
77618365,"1,99998839"
776183943,"1,00000265"
776183994,"0,00000000"
776183995,"2,99985174"
77618491,"3,00034632"
7761847,"2,99935787"
7761848,"3,00006950"
7761271,"1,99984779"
776125993,"2,00006998"
77612611,"0,99963817"
7761281,"2,99997202"
77612751,"3,00793817"
77614972,"3,00011168"
7761277,"2,99986231"
77614973,"3,00008532"
77614943,"3,00013178"
77612741,"1,00020063"
77612742,"1,00001694"
77614942,"3,00015779"
7761273,"1,99985869"
7761276,"2,99980357"
77612753,"2,99989466"
77612752,"1,99997450"
77612743,"0,99999293"
77612613,"1,00001149"
7761263,"0,99992320"
77612781,"2,01252408"
77612785,"1,99999306"
77612783,"1,99987101"
7761265,"0,99992966"
77612782,"1,99997263"
77612934,"3,00006125"
775824243,"2,99984458"
77612933,"3,01189251"
77612932,"3,00008741"
77612935,"2,99983969"
77612784,"3,00006018"
7761268,"1,00002003"
77612931,"3,00037407"
77612583,"0,99996825"
77612582,"1,00006624"
77612542,"1,00006169"
77614914,"2,99983595"
77612545,"1,00001819"
77612621,"1,00000367"
7761266,"0,99998395"
7761264,"1,99995207"
775823825,"3,00008033"
77612598,"1,00001015"
77612581,"0,99998505"
77612612,"0,99987328"
775822993,"1,00008707"
77612596,"2,00004623"
776125991,"0,00000000"
776125972,"2,99972917"
77612595,"1,99985712"
776125992,"0,99999131"
776125973,"2,01112801"
776125971,"2,00015235"
77612541,"1,00002696"
77612591,"1,99967224"
77612593,"2,00182568"
77612592,"0,99983308"
7761257,"1,99997719"
77614916,"3,00019974"
7761272,"1,00006618"
77612543,"0,99999747"
77582245,"0,99998364"
77582298,"0,99992518"
775822425,"2,99989306"
77582244,"1,00004519"
77612622,"0,99991176"
77612623,"2,00006776"
775822972,"1,00004115"
775822992,"1,00004817"
77612594,"0,99998501"
775822974,"2,00000361"
77582296,"1,99964836"
7761255,"1,99997456"
7761253,"2,00002339"
77612561,"0,99988578"
7761478,"2,00009837"
77614913,"3,00011550"
77614912,"2,99990739"
77612544,"0,99997169"
7761267,"0,00000000"
7761269,"0,99990539"
775823893,"2,99993280"
775824242,"0,00000000"
77582643,"1,99963002"
77582651,"2,00211280"
77582645,"2,00015142"
775826442,"2,99969523"
77582642,"2,99979537"
775826443,"0,00000000"
77582622,"1,99995741"
77582646,"0,99995427"
775826441,"2,99973282"
775826251,"1,99981193"
775826252,"2,99989084"
775826236,"0,99995398"
77582652,"0,99998873"
77582647,"2,00000810"
77582635,"1,99988225"
77582747,"0,99996167"
77582653,"2,00010754"
77582654,"1,00007480"
77582655,"2,00016437"
77582641,"1,99875974"
77582634,"1,00007820"
77582633,"2,00020392"
775826825,"2,99999372"
775826263,"0,99995539"
77582648,"2,99979801"
775826821,"2,00001496"
7758549,"2,99991716"
775826262,"1,00003592"
7758267,"1,99995806"
77582649,"0,99997322"
77585295,"0,99997385"
77582656,"1,99978910"
77582745,"0,00000000"
77582743,"0,00000000"
77582741,"0,00000000"
77582742,"3,00001111"
77582744,"2,99991881"
77582631,"1,99997360"
775826232,"1,99978299"
775826212,"0,99999121"
77582612,"2,99984773"
77582613,"2,00010237"
775826213,"0,99989985"
775826231,"0,99841873"
775826211,"0,00000000"
77582632,"2,00007790"
77582712,"2,99984300"
77582751,"0,00000000"
77582746,"2,99976056"
77582713,"2,99993485"
77582715,"0,00000000"
775827623,"0,00000000"
77582711,"2,99998242"
77582761,"0,00000000"
77582611,"1,99978653"
7758273,"0,00000000"
77582752,"0,00000000"
7758259,"3,00008163"
77582714,"2,99995427"
77582696,"3,00004355"
775872662,"2,99990775"
775826953,"2,00015995"
77582694,"2,99975053"
77587292,"0,00000000"
77582689,"1,99997129"
775872942,"0,00000000"
775826983,"1,00000592"
775826951,"1,99990977"
77582697,"0,99998724"
77587268,"3,00010128"
775826982,"0,00000000"
775872663,"0,99995857"
77582686,"0,99994701"
77582685,"0,00000000"
775826833,"2,00011680"
77582687,"1,99977760"
77582688,"2,00006077"
77587269,"2,99989661"
77582684,"0,99997300"
77582691,"1,99997477"
77585863,"2,00004838"
77585862,"1,99990102"
77582693,"1,99987880"
775826831,"1,99513966"
775826832,"1,99990623"
77582681,"1,99977275"
77585845,"2,99992878"
77585844,"2,99992947"
77587243,"3,00002810"
77585852,"1,00003700"
77582657,"1,99986679"
77582662,"0,99999535"
775826824,"2,99975743"
77585883,"0,00000000"
775826822,"5,00025094"
7758548,"2,99975245"
775826823,"2,99971626"
7776581,"5,00034656"
7778692,"0,00000000"
7776632,"0,00000000"
7776633,"4,99992230"
777662,"0,00000000"
7776631,"5,00020205"
77765763,"4,92894322"
7776562,"3,00052210"
7776583,"4,96991678"
7776577,"5,00018566"
77765761,"4,98708235"
7776582,"3,00006633"
77765762,"0,00000000"
777849,"4,99993562"
7776565,"2,99998658"
7778483,"2,99987708"
777659,"4,99995693"
777661,"0,00000000"
77786916,"3,00001658"
777672,"5,00003702"
7776523,"3,00000086"
7776732,"4,99991603"
7776572,"4,99998083"
777671,"0,00000000"
7776532,"2,99997364"
7776731,"0,00000000"
7776763,"4,99997650"
7776733,"0,00000000"
7776741,"3,00014143"
777675,"0,00000000"
7776761,"0,00000000"
7776762,"5,00005967"
7778584,"3,00750183"
7778663,"0,00000000"
7778585,"4,99981037"
7778662,"3,00004327"
7776574,"5,00011708"
7776573,"4,95820361"
7776561,"3,00001596"
7776571,"3,45418086"
7776575,"5,00045724"
7775659,"4,99804878"
7775657,"4,99730041"
77756561,"5,00068211"
7775655,"5,00110003"
77756564,"4,99973934"
77756563,"5,00011846"
7775654,"3,00338986"
77756422,"4,99945465"
7775663,"5,00001156"
7775661,"5,00032116"
77756423,"4,99973116"
77756533,"4,99995492"
77756562,"2,99971190"
77756741,"0,00000000"
77756723,"3,00001280"
77756722,"5,00035923"
7775675,"4,99935488"
7775673,"5,00098966"
77756793,"5,00015681"
7775671,"4,99837687"
77756721,"3,00006263"
77756621,"5,00006929"
7775677,"5,00099867"
77756623,"5,00014683"
7775676,"2,99980237"
77756622,"5,00015046"
77756582,"3,00012207"
77756584,"4,99985950"
77756583,"5,00035257"
77758262,"0,00000000"
77756585,"5,00019975"
77756742,"0,00000000"
77756581,"3,00014205"
77756745,"0,00000000"
77756743,"0,00000000"
77756744,"0,00000000"
77758263,"4,99993552"
77758283,"0,00000000"
77756782,"0,00000000"
77756783,"0,00000000"
77758993,"0,00000000"
77758944,"0,00000000"
77758945,"0,00000000"
7775898,"0,00000000"
77756781,"0,00000000"
77756791,"0,00000000"
7775682,"0,00000000"
77756792,"0,00000000"
7774622,"4,99997955"
77756923,"0,00000000"
77756921,"0,00000000"
77756725,"2,99991458"
77756931,"0,00000000"
7775681,"0,00000000"
77756724,"5,00120298"
7774623,"2,99996580"
77756922,"0,00000000"
7775691,"0,00000000"
77756932,"0,00000000"
77758992,"0,00000000"
7775685,"0,00000000"
7775687,"0,00000000"
7775896,"0,00000000"
7775683,"0,00000000"
7776423,"2,99997678"
77756933,"0,00000000"
7775684,"0,00000000"
7775686,"0,00000000"
777469,"0,00000000"
7774495,"0,00000000"
7775666,"0,00000000"
7775667,"2,99987909"
7775664,"4,99989898"
7775648,"4,99984750"
7774621,"3,00000785"
777456,"5,00003226"
7775665,"0,00000000"
77756565,"4,99974569"
77756493,"4,99996012"
77756492,"0,00000000"
7775643,"3,00002673"
7775646,"5,00011924"
7775696,"0,00000000"
7775694,"0,00000000"
777465,"4,99991165"
7775698,"0,00000000"
7775699,"0,00000000"
777467,"0,00000000"
777466,"0,00000000"
77756952,"0,00000000"
7775697,"0,00000000"
77756951,"0,00000000"
77756953,"0,00000000"
77612891,"1,00000665"
7761288,"2,00007164"
77612893,"0,99993296"
77634663,"0,00000000"
77612943,"1,99988867"
7761292,"2,99994553"
77612942,"3,00006225"
7763468,"1,00003643"
77634662,"2,99960062"
77612892,"0,99989282"
77612821,"3,00068022"
7761287,"1,99972658"
77612822,"2,99981212"
77612823,"2,99993533"
77612852,"0,99985278"
7763298,"0,00000000"
7763299,"3,00022459"
7761286,"2,99993449"
77632444,"3,98388955"
77612853,"2,00002046"
7761498,"3,00324837"
77612851,"2,00059679"
77614976,"2,99983487"
77612833,"2,00001136"
77632446,"0,00000000"
7761284,"3,00011151"
77632447,"0,00000000"
77612831,"0,00000000"
77612832,"2,99944604"
77614975,"3,00000801"
77612941,"3,00004233"
77612961,"1,99969051"
77612964,"1,00001965"
77612962,"1,00002000"
77634692,"0,99992487"
77612963,"2,00009634"
7775611,"4,99736802"
777558,"0,00000000"
777572,"2,99959969"
7775612,"5,00013987"
77756325,"3,00009707"
77756324,"0,00000000"
77756323,"3,00010291"
7775633,"0,00000000"
7775634,"0,00000000"
77756321,"0,00000000"
77756322,"4,99952295"
77758236,"0,00000000"
77758232,"4,99981769"
77756327,"5,00035203"
7775561,"4,99919515"
7775613,"0,00000000"
7775631,"0,00000000"
7775621,"4,99952723"
7775542,"0,00000000"
7775562,"4,99992877"
7775563,"0,00000000"
77756222,"0,00000000"
77756326,"5,00009308"
77758242,"0,00000000"
77758243,"0,00000000"
77756532,"5,00023058"
7775652,"4,99982819"
7775639,"0,00000000"
7775637,"4,99919035"
77756363,"5,00028582"
77756362,"3,00014444"
77756531,"5,00178796"
7775651,"5,00024679"
7775635,"4,99953174"
77756361,"0,00000000"
7775638,"4,99950130"
7775641,"2,99910243"
7775625,"5,00021529"
7775623,"4,99993313"
7775626,"4,99988393"
7775624,"4,99995820"
77756421,"4,99870090"
7775645,"2,99974072"
77756221,"0,00000000"
77756227,"0,00000000"
77756226,"4,99962134"
77756225,"5,00035669"
77756223,"5,00073799"
77756224,"4,99995832"
7775543,"5,00023253"
7778556,"0,00000000"
7778554,"0,00000000"
7778563,"5,00001338"
777846,"0,00000000"
7778525,"5,00009775"
7778524,"5,00011234"
7778553,"0,00000000"
7778557,"4,99979898"
7778555,"0,00000000"
7778565,"0,00000000"
7778582,"4,00230646"
7778564,"3,00014095"
7778562,"2,99996377"
777847,"3,05859380"
7778559,"0,00000000"
7778561,"0,00000000"
7778558,"0,00000000"
7778571,"0,00000000"
7771343,"0,00000000"
7771471,"2,00012364"
7771327,"1,00000053"
77712121,"0,00000000"
7771211,"0,00000000"
7771312,"1,00000426"
77712122,"0,00000000"
77712123,"0,00000000"
77712124,"0,00000000"
77712125,"5,00004936"
7771213,"0,00000000"
7771321,"0,00000000"
7771461,"0,00000000"
77713893,"2,99999805"
777143,"2,00008311"
7771462,"3,00014446"
77713892,"0,00000000"
777122442,"0,00000000"
7771326,"0,00000000"
7771463,"3,00061408"
777145,"1,99983895"
7771464,"2,99996187"
777144,"1,99997143"
7771429,"3,00001795"
7771465,"2,99988352"
777122443,"3,00030095"
77713891,"0,00000000"
7771388,"0,00000000"
7771473,"2,99997997"
77712243,"0,00000000"
77712249,"2,99951054"
777122473,"0,00000000"
7771472,"3,00022871"
77712248,"5,00001098"
77712245,"0,00000000"
7771228,"2,99997921"
777122471,"0,00000000"
777122472,"2,99963286"
777122441,"0,00000000"
7771421,"2,99994552"
7771422,"3,00062569"
7771428,"4,99951403"
7771427,"3,00009875"
77712246,"3,00002145"
77712271,"2,99993973"
7771229,"3,00000457"
77712273,"2,99983418"
77712264,"0,00000000"
7771324,"0,00000000"
77712242,"0,00000000"
77712221,"0,00000000"
77712251,"0,00000000"
77712225,"0,00000000"
77712272,"4,99981159"
77712263,"0,00000000"
77712222,"0,00000000"
77712253,"2,99998152"
77712265,"0,00000000"
77712262,"3,00010479"
77712268,"2,99977735"
7771223,"0,00000000"
77712261,"2,99998129"
77712241,"2,99990104"
77712223,"0,00000000"
7771323,"0,00000000"
77712267,"0,00000000"
77712224,"0,00000000"
7771267,"3,00004914"
77712655,"2,99961887"
77712269,"2,99992736"
77712662,"3,00045515"
777125293,"3,00002184"
77712663,"2,99989180"
7771268,"3,00009001"
77712654,"3,00003999"
7771299,"1,99998477"
776137862,"3,00036846"
77712652,"1,99994868"
7771294,"0,99997888"
77613726,"2,99979802"
777125292,"3,00012963"
77712653,"2,99958297"
77613727,"3,00006021"
776137863,"3,00009078"
77712651,"2,99993542"
77712528,"2,99993597"
77712661,"2,99942727"
77712266,"0,00000000"
77613788,"2,99990053"
77712692,"0,00000000"
77712693,"2,99986343"
77712691,"3,00002834"
77712694,"3,00001795"
7771262,"2,99997323"
77712763,"1,00003064"
7771264,"3,00002709"
77712963,"2,00003474"
77712526,"2,99998981"
77712972,"0,99995866"
77712761,"1,99980405"
7771275,"2,00067878"
7771291,"0,00000000"
77712961,"1,00005208"
7771292,"3,00040234"
7771293,"2,00041356"
7771295,"2,00673572"
77712743,"3,00001918"
77712762,"1,99984344"
77712971,"1,99993709"
7771277,"1,99998039"
77712741,"0,00000000"
77712742,"2,99955178"
77712973,"2,00005243"
77712962,"1,99997405"
7771298,"2,99981845"
7771233,"0,00000000"
7771234,"0,00000000"
7771232,"0,00000000"
7771235,"0,00000000"
7771215,"0,00000000"
777125241,"3,00022001"
7771242,"0,00000000"
77712415,"0,00000000"
7771214,"4,99994747"
77712525,"0,00000000"
77712411,"0,00000000"
77712721,"2,99996500"
77712521,"0,00000000"
7771253,"0,00000000"
7771263,"0,00000000"
777125291,"0,00000000"
7771245,"0,00000000"
7771273,"0,00000000"
777125223,"2,99972722"
7771221,"0,00000000"
7771236,"4,99990477"
7771244,"2,99998413"
77712527,"0,00000000"
7771261,"0,00000000"
77712413,"0,00000000"
77712414,"0,00000000"
7771231,"0,00000000"
77712523,"2,99987413"
777125222,"4,99944026"
77712412,"0,00000000"
7771251,"0,00000000"
777125221,"0,00000000"
7771243,"0,00000000"
7771271,"0,00000000"
7771237,"0,00000000"
77712252,"3,00018161"
777125243,"0,00000000"
777125242,"2,99980910"
7771382,"0,00000000"
7771341,"0,00000000"
777141,"0,00000000"
7771387,"0,00000000"
7771383,"0,00000000"
7771384,"0,00000000"
7771385,"0,00000000"
77715253,"0,00000000"
7771542,"0,00000000"
7771528,"5,00022302"
77715222,"0,00000000"
77715221,"0,00000000"
7771524,"4,99991979"
7771527,"5,00003382"
7771529,"0,00000000"
77715251,"0,00000000"
7771543,"4,99998802"
7771526,"4,99974203"
7771425,"3,00111034"
77715223,"0,00000000"
7771424,"0,00000000"
7771523,"0,00000000"
7771423,"2,99940888"
7771426,"5,00057436"
77715252,"0,00000000"
7771642,"0,00000000"
7771521,"0,00000000"
7771643,"2,99984583"
77713861,"0,00000000"
7771363,"0,00000000"
7771362,"0,00000000"
7771342,"0,00000000"
7771361,"0,00000000"
7771381,"2,99540160"
7771325,"0,00000000"
7771322,"3,00038880"
77713863,"0,00000000"
7771541,"0,00000000"
77713862,"0,00000000"
7776253,"3,00001844"
7776271,"2,99977549"
7776273,"3,00008073"
7776261,"2,99992060"
7776272,"2,99991999"
7776365,"3,00007161"
777628,"3,00000972"
777629,"2,99992202"
7776352,"0,00000000"
7776251,"2,99994055"
7776353,"3,00016535"
7776362,"2,99989255"
7776351,"3,00003493"
7776252,"3,00000153"
7778365,"2,99998724"
7778364,"0,00000000"
7761811,"3,00039251"
776192,"0,00000000"
776193,"0,00000000"
776191,"5,00093141"
776194,"2,99994615"
776195,"0,00000000"
77617993,"4,99686684"
77617673,"2,00024303"
77617671,"2,00001277"
77617947,"0,00000000"
77618329,"0,99998890"
77617695,"1,00000657"
77617694,"2,99997535"
77617693,"1,99983194"
77617691,"0,00000000"
77617948,"0,00000000"
7761816,"0,00000000"
77618314,"3,00002585"
77618152,"0,00000000"
77617945,"0,00000000"
7761768,"3,00009277"
77618322,"1,00008521"
77617944,"2,99992019"
77617943,"3,00013981"
77617949,"4,99965466"
77617692,"3,00009574"
7761764,"4,99982397"
77618153,"3,00015540"
7761819,"0,00000000"
7761968,"0,00000000"
7761966,"0,00000000"
7761814,"0,00000000"
77617946,"0,00000000"
7761964,"0,00000000"
77618151,"3,00762198"
7761822,"0,00000000"
7761817,"0,00000000"
7761813,"3,00006647"
77618211,"0,00000000"
77618311,"0,00000000"
7761818,"0,00000000"
7761795,"0,00000000"
77617911,"0,00000000"
77617912,"0,00000000"
7761773,"0,00000000"
77617672,"2,99988192"
7761793,"0,00000000"
77617615,"0,00000000"
7761771,"4,99989052"
7761765,"2,99945487"
7761772,"3,00000542"
77617614,"3,00020723"
7761775,"0,00000000"
77617811,"3,00006833"
77617941,"0,00000000"
77617741,"0,00000000"
77617611,"0,00000000"
7761766,"2,99998968"
77617613,"0,00000000"
77617913,"0,00000000"
77617742,"4,99984661"
77617743,"0,00000000"
7761763,"3,00011823"
77617992,"3,00064897"
7761961,"0,00000000"
77617981,"4,99932101"
7761797,"0,00000000"
77617942,"0,00000000"
77617991,"5,00043013"
7761963,"0,00000000"
7761812,"0,00000000"
77617893,"3,00004062"
77617894,"0,00000000"
77614692,"3,07125923"
77614626,"3,00009692"
77617895,"3,00197200"
77614663,"3,00016741"
7761467,"3,00030055"
77617896,"5,00001302"
7761787,"3,00000634"
77617891,"2,99937860"
77614691,"3,00003737"
7761788,"2,99999578"
77614627,"2,99986853"
77632282,"0,00000000"
7761784,"2,99989486"
7761785,"2,99999385"
77617483,"2,00013447"
77632283,"3,00007859"
77617526,"3,00018529"
7761786,"2,99990303"
7763226,"1,00000987"
77617892,"1,00007752"
77632483,"3,00006088"
77632493,"2,00013543"
77632293,"0,99996262"
77632292,"2,00004786"
77632492,"0,00000000"
77617897,"1,99983585"
77618331,"2,99994069"
77618323,"0,00000000"
77618324,"3,00010501"
77618321,"0,00000000"
77618315,"0,00000000"
77618325,"0,00000000"
776183341,"0,00000000"
77618327,"0,00000000"
77618313,"0,00000000"
776183342,"0,99996207"
77618332,"0,00000000"
7761823,"0,00000000"
77618333,"0,00000000"
77618312,"2,99977477"
776172263,"1,00001427"
77618212,"0,00000000"
77618326,"3,00010674"
77618328,"1,00004326"
77618335,"3,00021125"
7761835,"2,99998675"
77618361,"2,00014609"
776172262,"2,99994152"
776183343,"1,00004945"
776183621,"0,00000000"
77617229,"2,99996238"
77618337,"0,00000000"
77618292,"0,00000000"
77618341,"2,99989127"
77618336,"2,99986307"
77618342,"0,00000000"
77618293,"2,99999918"
7761824,"0,00000000"
77617817,"3,00002509"
7761783,"0,00000000"
77617987,"0,00000000"
77617816,"0,00000000"
7763224,"0,99997764"
776175293,"3,00011665"
776179843,"2,99996130"
77617815,"2,99994110"
7761782,"2,99994057"
77617814,"2,99976390"
7761792,"1,99995980"
77617528,"2,00007895"
7761796,"0,00000000"
776175271,"3,00015497"
77617982,"2,99988445"
77617812,"3,00028370"
77617525,"2,99982052"
776175272,"2,99983369"
77617813,"2,99995702"
776175273,"2,99945563"
7761827,"0,00000000"
77618291,"0,00000000"
77618213,"0,00000000"
7761825,"0,00000000"
7761969,"0,00000000"
7761826,"0,00000000"
77618345,"0,00000000"
77618343,"0,00000000"
77618283,"3,00022793"
77618347,"3,00020482"
7762228,"0,99989069"
77622624,"0,00000000"
7762227,"0,00000000"
77622632,"0,00000000"
77622625,"0,00000000"
77622631,"2,99999071"
7762226,"2,99995521"
77618282,"0,00000000"
77618281,"0,00000000"
7762125,"0,00000000"
77582421,"1,00003835"
77582413,"1,99993851"
7758244,"2,99999643"
77582451,"1,99845941"
7758243,"0,00000000"
775823882,"2,99987981"
77582386,"0,99999585"
7758239,"2,99980571"
77582384,"1,00004193"
77582411,"1,99983980"
7758251,"3,00005268"
77582385,"1,99985207"
77582383,"2,00036564"
77582412,"0,00000000"
77582381,"1,99999194"
7758253,"2,99991127"
77582453,"2,00034737"
77582423,"2,99984962"
77582461,"2,99994915"
7758258,"2,99991985"
77582452,"2,99996756"
77582472,"1,99999811"
77582471,"0,00000000"
7758255,"2,99910287"
77582541,"0,99981904"
7758257,"3,00035698"
77582463,"3,00018237"
77582422,"2,00001214"
77582425,"0,00000000"
77582426,"0,99999820"
77582428,"3,00006158"
775824241,"3,00013374"
77582427,"0,00000000"
775824292,"0,00000000"
77582497,"1,00007155"
77582474,"0,00000000"
775824293,"3,00008664"
775824291,"0,00000000"
77582499,"3,00017999"
77582351,"2,99971815"
77582353,"2,99940561"
77582352,"2,00002977"
77582331,"2,99996219"
775823542,"1,00007915"
77582315,"3,00008162"
77582243,"1,00008394"
775823543,"1,00004249"
775823541,"2,00010641"
77582333,"0,00000000"
77582314,"0,99998361"
775823822,"0,99990528"
775823824,"2,99957181"
775823823,"3,00053189"
775823892,"0,99990347"
775826237,"1,00009593"
775826235,"1,00009470"
77582543,"1,00000050"
7758256,"0,99999395"
77582542,"0,99996882"
775826234,"1,00004724"
775826233,"0,00000000"
775826253,"0,99991261"
77582627,"0,99987677"
775826261,"1,00005008"
775826292,"2,00005910"
775826291,"1,00003326"
775826293,"1,99990204"
77582628,"1,00007229"
775852693,"2,99990599"
77582363,"1,99894710"
77582361,"1,99983840"
77582362,"2,99998642"
7758252,"2,00003176"
77582357,"0,00000000"
7758237,"3,00051735"
77582356,"3,00010495"
77582355,"0,00000000"
77582347,"0,00000000"
77582344,"1,99998217"
775826243,"0,99996266"
77582367,"0,00000000"
77582368,"2,99976325"
77582365,"2,00020456"
77582366,"1,00003503"
77582343,"0,00000000"
77582342,"1,00000350"
775848,"2,99996614"
77582346,"3,00012206"
77582341,"3,00000698"
77582345,"0,00000000"
775826242,"2,00007370"
77584942,"0,99988115"
7758499,"2,99994378"
77585266,"2,99998565"
77582369,"0,99999285"
77584913,"3,00002317"
7758497,"0,00000000"
7758496,"2,99995902"
7758493,"0,00000000"
775852643,"3,00004474"
7758464,"2,99979729"
7758495,"0,00000000"
7758492,"3,00000628"
77584941,"0,00000000"
77584912,"0,00000000"
77584943,"2,00003861"
7758498,"2,99987778"
7758472,"0,99998650"
7758463,"2,99980373"
7758467,"0,00000000"
7758461,"0,00000000"
7758455,"2,99998522"
77584911,"2,99990282"
7758465,"0,00000000"
77584621,"0,00000000"
7758471,"2,99978952"
77582364,"0,99997486"
7758473,"3,00024199"
77585268,"2,99985081"
775826241,"2,00003864"
775823821,"2,00002330"
775823881,"0,00000000"
775823883,"1,00003309"
775823891,"2,00020299"
77582387,"2,00009920"
7758354,"0,99967450"
77578272,"0,99994877"
7758352,"1,99983108"
77578253,"0,99982357"
77578256,"0,99996183"
775782422,"2,99990066"
77578255,"0,00000000"
77578257,"1,00001895"
77578252,"1,00002460"
7758351,"0,99998455"
77578243,"1,00002059"
775782541,"0,00000000"
775782423,"2,00023816"
77578251,"0,99992297"
775782741,"1,00029338"
775837,"1,99994159"
775782761,"1,00002841"
775782743,"0,99998516"
7758357,"0,00000000"
77578277,"0,00000000"
7758353,"0,99999088"
7758355,"0,99995593"
77578273,"0,99971841"
775782742,"0,99995579"
77578275,"1,00008518"
77578271,"1,00073831"
77578261,"0,99976147"
775834,"0,00000000"
77578241,"0,00000000"
7758335,"2,00000274"
7758334,"1,99970042"
775782421,"0,99999915"
77578239,"0,00000000"
775782762,"1,00013341"
775838,"0,99996211"
775782763,"0,99996338"
77578282,"0,99998640"
77578291,"0,99996461"
77578284,"0,99993307"
77578283,"0,99988764"
77578281,"0,99999933"
775782931,"1,00004096"
77578292,"1,00008140"
77578285,"1,00003894"
7758394,"0,99996111"
7758391,"1,99997464"
7758392,"0,99986850"
7758393,"2,00001043"
775782941,"1,00078470"
775782953,"0,99994262"
775782951,"1,00003155"
775782933,"1,00007309"
775782952,"0,99997158"
775782932,"0,99996139"
77578296,"1,00003265"
7758513,"0,99987758"
7758395,"2,00030756"
7758512,"1,99997251"
7758514,"2,99982299"
7758511,"1,00002443"
775782973,"2,00038791"
77585151,"3,00011872"
77585152,"0,00000000"
775782972,"0,99999962"
77578298,"0,99999762"
77585153,"2,99993051"
775782971,"2,00007931"
7778573,"4,67474523"
7778581,"3,00016398"
7778591,"0,00000000"
776186955,"0,00000000"
776186971,"0,00000000"
776186973,"0,00000000"
77618692,"0,00000000"
776186953,"0,00000000"
776186991,"0,00000000"
77618684,"0,00000000"
776186992,"0,00000000"
776186954,"0,00000000"
77618682,"0,00000000"
77618685,"4,99979726"
776186995,"5,00028173"
776186993,"0,00000000"
77618686,"0,00000000"
776186994,"0,00000000"
777689,"3,00138462"
77618698,"0,00000000"
776186972,"0,00000000"
7776496,"5,00010379"
77624469,"3,02030089"
77624467,"3,00038328"
77618683,"0,00000000"
77618662,"5,00013432"
7776963,"3,76663870"
77618687,"4,99987249"
776244653,"2,99998435"
776244652,"2,99978065"
776186952,"0,00000000"
776186951,"0,00000000"
77618664,"5,00010173"
77618666,"5,00054752"
77624447,"3,00013641"
77624442,"2,99997728"
77618663,"2,99997208"
77624462,"3,00015172"
77624452,"3,00005952"
7776361,"2,99907446"
7776363,"0,00000000"
777637,"0,00000000"
7776364,"3,00008552"
7776382,"5,00014499"
7776381,"0,00000000"
777634,"4,99996262"
777639,"2,99999505"
7776542,"5,00010497"
777651,"2,99989349"
7776521,"2,99998344"
777655,"3,00002854"
777641,"0,00000000"
777643,"2,99998646"
7776441,"3,00001949"
7776421,"3,00007324"
7776531,"0,00000000"
7776533,"3,00016242"
7776383,"3,00012177"
77758934,"0,00000000"
77758774,"5,00014256"
77758792,"5,00049316"
77758923,"3,00028056"
77758772,"2,99967966"
777633,"2,99997252"
7776541,"0,00000000"
7776564,"3,00000625"
7776543,"3,00006186"
7776545,"2,99999571"
7776563,"3,00016229"
7776544,"2,99992734"
7776443,"3,00006604"
7776422,"3,00007078"
77758922,"3,00048882"
777321,"2,99990579"
777322,"2,99892895"
777325,"4,00034810"
777212,"3,00107182"
77734,"2,99853173"
777222,"2,99983905"
777224,"1,00005262"
777323,"3,99807305"
777225,"0,00000000"
777227,"3,95138071"
777226,"3,43315698"
777429,"0,00000000"
7774525,"0,00000000"
777428,"0,00000000"
777242,"3,43686919"
777243,"5,00000231"
777472,"4,99996596"
777324,"4,99953502"
777211,"0,00000000"
777221,"0,00000000"
777213,"0,00000000"
777223,"3,00028848"
7774145,"0,00000000"
7774144,"0,00000000"
7774271,"3,00003254"
7774142,"0,00000000"
7774141,"0,00000000"
7774143,"0,00000000"
777421,"0,00000000"
777425,"3,00005169"
7774274,"4,99927120"
7774273,"0,00000000"
7774272,"4,99921087"
7774275,"2,99966871"
77736,"0,00000000"
7774261,"3,00198338"
777423,"0,00000000"
777424,"3,99915668"
777422,"5,00015877"
777645,"3,00012195"
7776461,"3,00003862"
7776462,"2,99991370"
77764721,"3,00008208"
7776471,"3,00001900"
7776473,"3,00000354"
7776522,"3,00002653"
7776465,"2,99995244"
7776463,"3,00273031"
7776743,"2,99996675"
7776481,"3,00004423"
7776482,"2,99997526"
77764722,"2,99988959"
7776491,"2,99999264"
7776464,"3,00005904"
7776442,"3,00002399"
77764723,"3,00002313"
7776494,"3,00006021"
7776499,"2,99999721"
7776469,"0,00000000"
7776468,"0,00000000"
7776467,"0,00000000"
7774993,"0,00000000"
7776466,"0,00000000"
7761611,"0,00000000"
776151,"4,99797655"
776153,"0,00000000"
7761711,"0,00000000"
7761521,"3,00141871"
7761412,"2,99994039"
77613991,"5,00013264"
77613981,"4,99997202"
77613974,"1,00000569"
7761411,"2,99962952"
7761522,"2,99995606"
7761712,"0,00000000"
7761523,"3,00021702"
7761716,"2,99925063"
7761732,"3,00002240"
77613992,"0,00000000"
7761731,"0,00000000"
77613993,"0,00000000"
7761714,"2,99985101"
7761713,"5,00035496"
77617211,"1,99983746"
7761717,"4,99939844"
7761613,"2,99986772"
77616121,"3,00032991"
7761735,"0,00000000"
7761737,"0,00000000"
7761733,"0,00000000"
7761739,"5,00021053"
7761734,"2,99993527"
77613982,"2,99991484"
77617481,"2,00024405"
776175291,"3,00044168"
77617524,"3,00016574"
776175292,"2,99957280"
7761746,"2,99978286"
77614625,"3,00000627"
77617495,"1,00004166"
77614622,"2,99950965"
77617491,"2,00012847"
77617494,"2,00017498"
77617482,"0,99998714"
77617492,"1,99984602"
77617493,"1,99882273"
7761454,"1,99997254"
7761617,"3,00005331"
77614371,"3,00005060"
77617474,"1,99988871"
7761439,"3,00074123"
7761441,"0,99999209"
77617472,"1,99988567"
7761438,"1,99997904"
7761452,"1,00000751"
7761453,"2,99916987"
77614373,"2,99997024"
7761455,"3,00002822"
7761451,"3,00148332"
77614372,"1,00006576"
77617475,"1,99952567"
77617442,"3,00027236"
77617471,"1,99999208"
7761745,"1,99998732"
77617473,"1,99966442"
77617443,"3,00017457"
77613971,"0,00000000"
77613961,"0,00000000"
77613962,"0,99999260"
77613975,"5,00254148"
77613973,"5,00002512"
77613963,"2,00054776"
7761413,"3,00063479"
7761414,"1,00008020"
7761415,"3,00011366"
77613964,"1,99992479"
776139651,"2,00021844"
7761436,"3,00011328"
77617432,"3,00013213"
7761715,"0,00000000"
77617441,"3,00018296"
77617433,"0,00000000"
7761741,"2,99999199"
7761742,"2,00000951"
7761435,"2,99994893"
77617431,"2,99996664"
7761423,"0,99999316"
7761431,"3,00004119"
77614343,"2,99996774"
7761433,"2,99987359"
77614211,"1,00002422"
77614212,"2,00022525"
77614213,"1,00029588"
77614342,"3,00002682"
77614341,"2,99993491"
7761432,"2,99968812"
77617523,"2,99959299"
77617521,"3,00045651"
7761422,"0,99997813"
776139672,"2,99974009"
77613943,"2,99986776"
77613942,"0,00000000"
77613983,"5,00034159"
77616122,"2,99981700"
77613945,"3,00011132"
77616182,"3,00032784"
77613947,"2,99999636"
77616123,"2,99994793"
77613946,"2,99984550"
77616185,"3,00008927"
77616183,"3,00048831"
77616184,"3,00013132"
7761621,"2,99963750"
7761625,"2,99990599"
7761623,"2,99975907"
77616181,"2,99998255"
7761629,"2,99997919"
7761619,"3,00022679"
7761615,"0,00000000"
776172151,"1,99985647"
776172141,"1,00031658"
7761614,"3,00006748"
776172153,"2,00006150"
77617212,"0,99991597"
776172143,"0,99995027"
776172142,"1,00004997"
77617213,"2,00121052"
77613972,"5,00035427"
77613953,"4,99947542"
77613951,"0,00000000"
77613941,"2,99989723"
77613952,"0,00000000"
77613933,"0,00000000"
7761443,"1,00021852"
7761474,"3,00001041"
77614733,"3,00007320"
7761442,"0,99998242"
7761444,"0,99999220"
77614732,"3,00002357"
77612494,"3,00016193"
7761447,"0,99998259"
77612495,"3,00001964"
7761445,"1,00002370"
7761446,"0,99999919"
77614292,"2,00021396"
77613932,"2,99967855"
776139443,"2,99990504"
77613852,"0,00000000"
77613851,"0,00000000"
7761389,"3,00002774"
776139442,"1,99996486"
77613843,"2,99999197"
77613842,"2,99948061"
77613881,"2,99965157"
776139441,"2,99881623"
776137841,"0,00000000"
77613781,"2,99909693"
77613914,"2,00005972"
7761381,"2,99995654"
776137832,"0,00000000"
77613793,"4,99998448"
776137831,"3,00000063"
77613782,"0,00000000"
776137861,"2,99998885"
77613785,"0,00000000"
77613825,"0,00000000"
77613912,"2,00002660"
77613824,"0,00000000"
77613911,"0,00000000"
77613787,"3,00035790"
77613791,"0,00000000"
77613931,"0,00000000"
7761377,"5,00060296"
776137891,"2,99517864"
77613823,"3,00018440"
776137843,"2,99999219"
77613921,"0,00000000"
7761383,"2,99984443"
776137893,"2,99996030"
77613792,"4,99982929"
776137833,"0,00000000"
77613913,"0,00000000"
776137842,"3,00022642"
77613821,"3,00194059"
77613915,"0,00000000"
77613822,"5,00031522"
77613829,"3,00012781"
77613841,"0,00000000"
77613853,"2,99970893"
776163,"3,00023117"
7761651,"3,00015071"
77616411,"2,99914142"
7761616,"0,00000000"
7761622,"5,00007913"
776164223,"2,99988178"
776172144,"1,00016651"
776172145,"0,99992366"
77616412,"2,99978149"
776164222,"2,99984073"
77617216,"1,00001491"
7761428,"1,99999350"
77614291,"1,99578348"
77614293,"2,00005678"
77612296,"2,00003468"
7761425,"2,00002967"
77612299,"2,00016910"
7761427,"1,99995224"
77614294,"2,99980232"
77614295,"2,99993512"
77612264,"1,99987993"
7761426,"2,00001294"
77612265,"1,99988714"
77612298,"2,00032936"
77612294,"0,99999704"
7761755,"5,00003105"
7761736,"2,99995380"
7761738,"3,00019141"
776172152,"1,00000090"
77617621,"2,99998934"
77617623,"2,99980422"
77617622,"3,00018205"
77617218,"3,00018363"
77617612,"5,00030246"
77617217,"2,00001524"
7761751,"0,00000000"
7761753,"5,00029459"
776175221,"2,99808549"
776175223,"3,00006535"
776175222,"2,99987013"
7761754,"2,99979650"
7758111,"0,00000000"
7758113,"0,00000000"
7758123,"2,99979080"
7758121,"0,00000000"
775812213,"0,00000000"
775812214,"1,00002500"
775812215,"2,99952145"
775812211,"3,00180250"
77578111,"2,99995608"
77578143,"0,00000000"
775781543,"0,00000000"
775781441,"0,00000000"
77578183,"0,00000000"
77578132,"2,99979647"
77578115,"3,00117168"
77578112,"0,00000000"
77581241,"5,00025449"
77578113,"0,00000000"
775781471,"0,00000000"
775781473,"0,00000000"
775781411,"3,00007629"
775781413,"0,00000000"
77578114,"0,00000000"
775781422,"0,00000000"
775781421,"0,00000000"
77581242,"0,00000000"
77578145,"0,00000000"
77581251,"2,99950527"
77581243,"0,00000000"
77581252,"0,00000000"
77578153,"2,99992727"
77578151,"0,00000000"
775781541,"0,00000000"
775781414,"2,99993390"
775781415,"0,00000000"
775781412,"0,00000000"
77578133,"0,00000000"
77581253,"3,00011591"
77578155,"3,00023543"
775781423,"0,00000000"
77581283,"2,00009748"
775812911,"3,00012474"
77578146,"0,00000000"
775781472,"0,00000000"
775781491,"2,00001598"
77581271,"0,00000000"
7758126,"0,00000000"
77581223,"3,00008832"
775812221,"0,00000000"
775812212,"2,99984579"
77581563,"0,00000000"
77581565,"0,00000000"
77581224,"3,00006713"
77581225,"2,99998023"
775812223,"0,00000000"
7758112,"0,00000000"
77581226,"5,00009737"
77581281,"0,00000000"
77578232,"2,00003160"
77581273,"0,00000000"
77578148,"3,00003722"
775812912,"0,00000000"
775812913,"3,00015575"
77581272,"0,00000000"
775781443,"0,00000000"
77581282,"0,00000000"
775812222,"0,00000000"
77581564,"0,00000000"
77581562,"0,00000000"
77581585,"0,00000000"
77581584,"2,99947410"
775781442,"0,00000000"
77578234,"2,99986317"
7757823511,"2,00011244"
7757823512,"3,00001467"
775782333,"2,00003453"
77578216,"4,99989013"
775782331,"2,00030214"
775782332,"0,99998902"
77578219,"0,00000000"
775782312,"0,00000000"
77578182,"0,00000000"
77578221,"1,99994810"
775782311,"0,00000000"
775782313,"0,00000000"
77578211,"0,00000000"
7757817,"2,99968426"
7757819,"2,99833318"
77578213,"0,00000000"
77578181,"5,00011587"
77578218,"0,00000000"
77578215,"0,00000000"
77578311,"3,00087959"
77578212,"2,99999909"
77578217,"0,00000000"
775781542,"0,00000000"
77578214,"4,99968888"
7758131,"1,99996874"
7758132,"0,99997741"
7758133,"2,00003259"
77581583,"0,00000000"
77581581,"0,00000000"
7758151,"1,99984413"
77581561,"2,99991816"
7758155,"1,99981704"
77581582,"0,00000000"
7758153,"0,00000000"
77578313,"0,00000000"
7757836,"2,99997290"
77578391,"0,00000000"
7757851,"3,00183053"
77578315,"0,00000000"
7757841,"2,00115924"
7757833,"0,00000000"
7757835,"0,00000000"
77578393,"2,99988354"
77578314,"5,00011367"
77578394,"2,99987637"
7757837,"0,00000000"
77578317,"0,00000000"
7757852,"1,99998416"
77578395,"0,00000000"
77578381,"2,00004026"
77578166,"0,00000000"
775783223,"0,00000000"
77578167,"4,99985086"
775783221,"4,99988983"
775767,"0,00000000"
7757834,"3,00002176"
77578328,"0,00000000"
775783291,"3,00011074"
775783293,"1,99996728"
77578327,"3,00002939"
77578321,"0,00000000"
775783222,"0,00000000"
77578324,"2,99998503"
7757843,"0,00000000"
77578326,"0,00000000"
77578325,"0,00000000"
775783292,"1,00000418"
77578323,"0,00000000"
77578392,"5,00000032"
77578441,"2,00000727"
77578163,"0,00000000"
7757621,"2,99431034"
7757622,"0,00000000"
77578152,"0,00000000"
77578121,"3,00010107"
77578164,"1,00003246"
77578123,"5,00022614"
77578162,"1,00001277"
77578161,"0,00000000"
775763,"0,00000000"
77578312,"3,00010197"
775766,"3,00001871"
77578316,"0,00000000"
77578122,"2,99999648"
77578165,"0,00000000"
7757623,"0,00000000"
775765,"0,00000000"
77578131,"0,00000000"
775761,"3,06840457"
7776497,"2,99655376"
7776492,"4,99993838"
777686,"2,99997764"
7776493,"3,00011380"
777687,"3,00001347"
7776483,"3,00002003"
7776495,"3,00005180"
7778693,"0,00000000"
77786951,"0,00000000"
77786941,"0,00000000"
7778699,"0,00000000"
77786964,"0,00000000"
77786871,"0,00000000"
77786873,"0,00000000"
77786943,"0,00000000"
77786961,"0,00000000"
7778686,"4,99991557"
77786953,"0,00000000"
77786962,"0,00000000"
77786942,"0,00000000"
7778688,"0,00000000"
7778845,"0,00000000"
7778697,"0,00000000"
77786952,"0,00000000"
77786963,"0,00000000"
7778844,"0,00000000"
77786965,"0,00000000"
7778698,"0,00000000"
777664,"0,00000000"
7778896,"0,00000000"
7778842,"0,00000000"
7778892,"0,00000000"
7774731,"5,00020910"
777461,"4,23625262"
7774738,"0,00000000"
777463,"4,99995770"
7774736,"4,99985914"
7774741,"0,00000000"
7774739,"0,00000000"
7774751,"0,00000000"
7774735,"0,00000000"
7774737,"0,00000000"
7774732,"4,99988653"
7774755,"0,00000000"
7774752,"0,00000000"
7774761,"4,99992260"
7774734,"0,00000000"
7774733,"0,00000000"
7772622,"5,00005651"
7772623,"3,00290178"
7774992,"0,00000000"
7774922,"0,00000000"
777494,"0,00000000"
777468,"0,00000000"
7774991,"5,00002349"
777497,"0,00000000"
777495,"0,00000000"
77748,"0,00000000"
7774921,"0,00000000"
7774923,"0,00000000"
777493,"0,00000000"
777471,"0,00000000"
777457,"0,00000000"
7774743,"0,00000000"
7774742,"5,00002290"
7774753,"0,00000000"
7774754,"0,00000000"
777478,"0,00000000"
777265,"2,99995249"
7774792,"0,00000000"
777477,"0,00000000"
7774791,"0,00000000"
777294,"0,00000000"
777292,"4,02398748"
777264,"4,00198314"
7774763,"0,00000000"
7774762,"0,00000000"
777464,"0,00000000"
7774794,"0,00000000"
7774795,"0,00000000"
777491,"0,00000000"
7774793,"0,00000000"
77788313,"4,95807990"
7778833,"5,00013649"
7778832,"5,00009628"
7778834,"0,00000000"
7778795,"4,99832241"
777891,"0,94422025"
7778821,"0,00000000"
777881,"0,00000000"
77788311,"0,00000000"
7778793,"5,00042782"
7778792,"0,00000000"
7778843,"0,00000000"
7778689,"0,00000000"
7778837,"5,00016279"
7778838,"0,00000000"
7778839,"0,00000000"
77786842,"0,00000000"
77786843,"0,00000000"
7778822,"0,00000000"
7778625,"0,00000000"
7778823,"0,00000000"
7778835,"4,99996086"
7778841,"0,00000000"
777885,"4,99973824"
7778873,"4,99996401"
7778891,"4,99963779"
7778895,"4,99971963"
7778881,"5,00014162"
777886,"5,00026613"
7778893,"5,00192567"
7778871,"5,00013084"
7778883,"5,00021216"
7778899,"0,00000000"
7778898,"5,00067556"
7778897,"5,00006940"
77585293,"0,00000000"
77585292,"0,00000000"
77585285,"2,99997799"
77585473,"0,00000000"
77585294,"3,00001378"
77585446,"2,99998767"
77585893,"3,00012595"
77585291,"0,00000000"
7758582,"0,00000000"
77585762,"0,00000000"
77585445,"0,00000000"
77585763,"0,00000000"
7758545,"0,00000000"
77585892,"0,00000000"
77585443,"0,00000000"
77585422,"0,00000000"
7758546,"0,00000000"
77585436,"3,00001936"
77585442,"0,00000000"
77585471,"0,00000000"
77585472,"0,00000000"
77585447,"0,00000000"
77585437,"0,00000000"
77585441,"0,00000000"
77585444,"0,00000000"
7758574,"0,00000000"
7758555,"0,00000000"
77585819,"0,00000000"
7758557,"0,00000000"
77585392,"0,00000000"
77585395,"0,00000000"
7758541,"0,00000000"
77585432,"0,00000000"
77585733,"0,00000000"
77585421,"0,00000000"
7758551,"0,00000000"
7758575,"0,00000000"
77585817,"0,00000000"
7758552,"0,00000000"
77585791,"0,00000000"
7758572,"0,00000000"
77585793,"0,00000000"
77585433,"0,00000000"
7758556,"0,00000000"
77585731,"0,00000000"
7758553,"0,00000000"
77585435,"0,00000000"
77585761,"0,00000000"
7758577,"0,00000000"
77585434,"0,00000000"
7758571,"0,00000000"
77585431,"0,00000000"
77585423,"0,00000000"
77585814,"0,00000000"
775853623,"0,00000000"
77585425,"0,00000000"
77585282,"3,00001186"
77585283,"0,00000000"
77585424,"0,00000000"
77585284,"2,99988713"
77585274,"0,00000000"
77585254,"0,00000000"
775852613,"0,00000000"
77585273,"0,00000000"
77585272,"0,00000000"
77585365,"0,00000000"
77585364,"0,00000000"
77585262,"0,00000000"
775852615,"0,00000000"
77585255,"0,00000000"
775852611,"0,00000000"
77585271,"0,00000000"
77585275,"0,00000000"
775853187,"0,00000000"
775852612,"2,99996791"
77585281,"0,00000000"
775852651,"0,00000000"
77585267,"0,00000000"
77585263,"0,00000000"
775852653,"0,00000000"
775852692,"0,00000000"
775852691,"0,00000000"
775852641,"0,00000000"
775852652,"2,99983371"
77585353,"0,00000000"
775853541,"0,00000000"
775853543,"2,99989084"
77585387,"0,00000000"
77585391,"0,00000000"
77585342,"0,00000000"
775853542,"0,00000000"
77585383,"0,00000000"
775853432,"0,00000000"
775853431,"0,00000000"
77585384,"0,00000000"
77585361,"0,00000000"
77585351,"0,00000000"
77585335,"0,00000000"
77585341,"0,00000000"
77585333,"0,00000000"
77585345,"0,00000000"
775853622,"0,00000000"
77585355,"0,00000000"
77585347,"0,00000000"
77585357,"0,00000000"
7758537,"0,00000000"
77585349,"0,00000000"
775853621,"0,00000000"
77585382,"0,00000000"
775853433,"0,00000000"
775853882,"0,00000000"
77585363,"0,00000000"
77561684,"0,00000000"
775853544,"0,00000000"
77585332,"0,00000000"
77585356,"0,00000000"
77585381,"0,00000000"
775853545,"0,00000000"
77585352,"0,00000000"
77585346,"0,00000000"
775853241,"0,00000000"
775853195,"0,00000000"
775853443,"0,00000000"
77585334,"0,00000000"
775853449,"0,00000000"
775853448,"3,00012003"
775853445,"0,00000000"
77585323,"0,00000000"
775853447,"0,00000000"
775853441,"0,00000000"
77585321,"0,00000000"
77578999,"3,00004782"
775853243,"0,00000000"
77585348,"0,00000000"
775853444,"0,00000000"
775853446,"0,00000000"
775853442,"0,00000000"
77585331,"0,00000000"
775616693,"3,00005454"
775853186,"0,00000000"
77585393,"0,00000000"
775853185,"0,00000000"
775853181,"0,00000000"
775853183,"0,00000000"
7758531843,"0,00000000"
775853192,"0,00000000"
7758531841,"0,00000000"
775853191,"0,00000000"
775853193,"0,00000000"
7758531842,"0,00000000"
77585316,"0,00000000"
77585317,"0,00000000"
775853182,"2,99998992"
77585252,"0,00000000"
77585241,"0,00000000"
77585251,"0,00000000"
77585243,"0,00000000"
77585242,"2,99982177"
775853157,"0,00000000"
775853151,"2,99985687"
77585183,"1,00000547"
77585213,"0,00000000"
77584624,"0,00000000"
775853158,"2,99956035"
77585313,"0,00000000"
775853159,"0,00000000"
77585212,"3,00025130"
7758425,"0,00000000"
77584625,"2,99998957"
77585253,"0,00000000"
775853153,"0,00000000"
775853156,"0,00000000"
77585311,"0,00000000"
77585233,"3,00009261"
775853155,"0,00000000"
775853121,"0,00000000"
7758522,"0,00000000"
77585211,"0,00000000"
77585232,"2,99968084"
775853154,"0,00000000"
77585231,"0,00000000"
7758441,"0,99948023"
7758432,"0,99997736"
77584622,"0,00000000"
7758451,"0,00000000"
7758453,"3,00007070"
7758454,"0,00000000"
77584521,"1,00001615"
7758421,"2,99997572"
7758431,"2,00027494"
7758424,"3,00001309"
77584623,"0,00000000"
7758423,"2,99996842"
7758433,"1,99989509"
7758422,"3,00000656"
775852642,"0,00000000"
7758466,"0,00000000"
775852614,"0,00000000"
77585385,"0,00000000"
77561696,"3,03552357"
775855463,"0,00000000"
77585549,"0,00000000"
77585544,"0,00000000"
77561697,"3,00000301"
775855462,"3,00001424"
77585543,"0,00000000"
77585541,"0,00000000"
775855461,"0,00000000"
7756425,"3,00011801"
775853881,"0,00000000"
7756448,"3,97575086"
77585623,"0,00000000"
77564463,"3,99108008"
77564462,"3,00034038"
77585386,"0,00000000"
77585389,"0,00000000"
77561685,"2,99998247"
77585394,"0,00000000"
77585548,"2,99995692"
77585542,"0,00000000"
775853883,"0,00000000"
77585545,"0,00000000"
77585547,"0,00000000"
77585861,"0,00000000"
77585853,"0,00000000"
7758587,"0,00000000"
77587221,"0,00000000"
775872661,"0,00000000"
77587214,"0,00000000"
77585818,"0,00000000"
77585816,"0,00000000"
7758711,"0,00000000"
77587222,"0,00000000"
77587211,"0,00000000"
77587213,"0,00000000"
77585842,"0,00000000"
7758713,"0,00000000"
77585812,"0,00000000"
7758725,"0,00000000"
7758715,"0,00000000"
77587267,"3,00020559"
77587223,"0,00000000"
77587215,"0,00000000"
77587263,"0,00000000"
77587212,"0,00000000"
77587241,"0,00000000"
77587242,"0,00000000"
77587262,"0,00000000"
77587261,"0,00000000"
7758723,"0,00000000"
77587265,"0,00000000"
77585813,"0,00000000"
77585851,"0,00000000"
77585811,"0,00000000"
775859,"0,00000000"
77585815,"0,00000000"
77585841,"0,00000000"
7758583,"0,00000000"
77585843,"0,00000000"
77585882,"0,00000000"
77585891,"0,00000000"
77585881,"0,00000000"
77585322,"0,00000000"
775853142,"0,00000000"
775853261,"0,00000000"
775853144,"0,00000000"
77578899,"3,00009386"
77578698,"3,00000333"
775853262,"0,00000000"
77585327,"0,00000000"
77585325,"0,00000000"
775789497,"1,00009632"
775789495,"2,99959559"
775853143,"0,00000000"
775789965,"0,00000000"
77585329,"0,00000000"
775853263,"0,00000000"
775853152,"0,00000000"
77578994,"3,00005714"
775853194,"0,00000000"
775853127,"2,99992334"
775853145,"3,00005243"
775789964,"0,00000000"
775789962,"0,00000000"
77585328,"0,00000000"
775853242,"0,00000000"
7771657,"3,00086823"
777167,"2,99921530"
7771661,"2,99988626"
77716563,"2,99983707"
77716242,"2,00011188"
7771681,"3,00035919"
77716562,"1,99985541"
7771652,"3,00014869"
7771685,"2,99997316"
77716241,"2,99961406"
77716243,"2,99964725"
7771653,"2,99994358"
7771651,"3,00007936"
7771655,"2,99925710"
77716541,"2,99998589"
777163,"3,00016567"
7771641,"0,00000000"
77716561,"2,99024530"
77716543,"2,99977582"
77716542,"0,00000000"
7771683,"3,00598915"
77716841,"3,00051867"
77716843,"0,00000000"
7771691,"2,99985159"
7771682,"3,00018696"
7771692,"3,00011897"
777161,"3,00011343"
7771623,"2,99987140"
77716214,"5,00016677"
77716221,"0,00000000"
77716211,"0,00000000"
77716213,"3,00001535"
77716215,"3,00007892"
77716251,"3,00478946"
776122623,"0,99994817"
7761224,"0,99997930"
77613298,"2,00012826"
77613267,"1,99982267"
776122622,"1,00001508"
776122621,"0,99987211"
77613299,"2,99995410"
77612227,"1,00004719"
77612261,"0,99997388"
77612225,"1,00003637"
77612226,"1,00002544"
77612222,"1,00000985"
77612223,"1,00006527"
77612221,"0,99957664"
77612224,"0,99992467"
776121643,"1,00010191"
77612161,"0,99985444"
77612162,"0,99996064"
77612211,"2,00042556"
77612213,"1,99991813"
77612173,"2,00053730"
77612212,"1,00003989"
7761219,"1,99464836"
776121641,"1,00004870"
77612263,"1,99591453"
77612283,"0,99994754"
77613695,"2,99987437"
776139685,"3,00020261"
77612281,"1,99958761"
776122934,"1,00001353"
77612282,"1,00001751"
77612291,"2,00017851"
7761225,"2,00011370"
77612233,"2,00114004"
77612231,"2,00033922"
7761227,"2,00045121"
77612232,"1,00000567"
7761232,"1,00004943"
77612292,"1,99996744"
77612297,"1,99779278"
77612295,"2,00007531"
776122935,"2,00014024"
77612493,"3,00017907"
77612492,"1,00004697"
776122932,"2,00002036"
776122931,"2,00036258"
776122933,"1,99992087"
7761244,"1,99998178"
777865,"0,00000000"
7778671,"0,00000000"
7778661,"0,00000000"
7778645,"0,00000000"
7778644,"0,00000000"
7778646,"0,00000000"
7778647,"0,00000000"
77785978,"0,00000000"
777859792,"0,00000000"
7778642,"0,00000000"
7778643,"0,00000000"
7778641,"0,00000000"
777859793,"0,00000000"
777859791,"0,00000000"
77785975,"0,00000000"
777859773,"0,00000000"
777859771,"0,00000000"
777859742,"0,00000000"
777859743,"0,00000000"
77785991,"3,93426648"
7778583,"3,99993036"
777859772,"0,00000000"
777861,"0,00000000"
777872,"0,00000000"
7778712,"0,00000000"
7778713,"5,00018938"
7778621,"0,00000000"
777863,"0,00000000"
77785993,"4,42545852"
7778711,"5,00086291"
7778672,"0,00000000"
7778673,"3,00060478"
77786912,"3,00002355"
7778682,"4,99977427"
77786911,"2,99990952"
7778681,"0,00000000"
7778622,"0,00000000"
7778624,"0,00000000"
7778623,"0,00000000"
77786841,"4,99996966"
77786872,"0,00000000"
777876,"5,00010720"
7778733,"0,00000000"
7778791,"5,00002124"
7778732,"4,99976377"
7778741,"4,99980437"
7778731,"0,00000000"
777875,"5,00023998"
777877,"5,00007080"
7778781,"4,99996726"
7778685,"5,00011952"
77786914,"3,00010751"
7778683,"5,00016745"
77786913,"0,00000000"
77786917,"0,00000000"
77786915,"4,99982616"
777541,"2,00166956"
7775421,"5,00107607"
7775522,"4,99904649"
7775521,"4,39359502"
7775523,"3,00014927"
7775322,"4,99990289"
7775321,"4,99994698"
777546,"4,99756227"
777543,"1,00003925"
7775213,"5,00000644"
7775211,"4,96700698"
7775212,"4,99918371"
7775541,"5,00165607"
777525,"5,00000083"
777527,"4,99999205"
7775121,"4,99969925"
7775423,"5,00029162"
7775629,"5,00078124"
7775627,"0,00000000"
7775628,"5,00021772"
77756228,"0,00000000"
7775644,"4,99987364"
7775443,"0,00000000"
7775441,"4,99968752"
777547,"2,99972210"
7775442,"5,00030133"
777522,"5,00013209"
7774425,"4,99993264"
7774444,"0,00000000"
777549,"0,00000000"
7775323,"5,00050376"
777524,"5,00023702"
7774423,"4,99965852"
7775263,"4,99992849"
7775298,"5,00025585"
7775262,"4,99969532"
777528,"4,99980203"
777545,"0,00000000"
7775422,"5,00035415"
77756229,"4,99979851"
7775291,"0,00000000"
7775292,"4,96900463"
777548,"0,00000000"
7775293,"0,00000000"
7775294,"4,99978378"
7775261,"4,99978321"
777523,"0,00000000"
7774441,"4,99877388"
7774461,"4,99991333"
777445,"5,00053466"
7774442,"0,00000000"
7774443,"4,99971069"
7774445,"0,00000000"
7774422,"5,00030942"
7774424,"5,00010710"
7774463,"0,00000000"
7774431,"5,00027356"
7774421,"5,00027699"
7774433,"0,00000000"
7775299,"4,47204524"
77756491,"0,00000000"
7775647,"5,00008669"
7774491,"0,00000000"
777447,"4,99927307"
777448,"0,00000000"
7774492,"0,00000000"
7774494,"0,00000000"
7774462,"5,00014623"
7774493,"0,00000000"
777688,"5,00006187"
7776912,"3,00360631"
7776952,"4,99980533"
777684,"3,01214612"
7776962,"0,00000000"
777698,"3,81667638"
7776961,"4,98724050"
777697,"5,00019345"
7762468,"0,00000000"
77624693,"0,00000000"
7776993,"4,99988379"
7776991,"4,99985708"
7776992,"0,00000000"
777669,"4,99993468"
7776953,"5,00021003"
776249481,"0,00000000"
77624949,"0,00000000"
77624695,"0,00000000"
77624694,"0,00000000"
777149,"1,99996703"
7771662,"3,00011706"
7771664,"2,99997029"
7771695,"0,00000000"
7771665,"3,00011987"
7771693,"4,99985443"
7771697,"0,00000000"
7771696,"4,99982306"
77613863,"5,00001547"
77613883,"2,99997046"
7771694,"0,00000000"
77716991,"0,00000000"
7771663,"3,00001241"
777666,"5,00005337"
777665,"0,00000000"
777667,"5,00026378"
777694,"5,00017961"
777692,"4,99985744"
7776682,"5,00017537"
77624983,"0,00000000"
7776683,"4,99996899"
77624982,"0,00000000"
7778998,"0,00000000"
7776681,"4,99947683"
77758233,"2,99906726"
77758231,"3,00001180"
77758234,"0,00000000"
77758235,"0,00000000"
77758261,"5,00003758"
77758241,"0,00000000"
77758251,"0,00000000"
7775821,"3,30005684"
7775812,"2,99985666"
77758221,"0,00000000"
77758225,"4,99987168"
77758226,"0,00000000"
77758224,"4,99962304"
77758237,"0,00000000"
77758223,"0,00000000"
7775862,"0,00000000"
7775832,"4,99998863"
77758222,"0,00000000"
77758272,"0,00000000"
77758252,"0,00000000"
77758227,"4,99995002"
77758273,"2,99996672"
77758291,"2,97732389"
77758281,"3,99862963"
77758292,"3,00005928"
77758293,"3,00032450"
77758294,"0,00000000"
77758282,"4,04003861"
77758295,"5,00037757"
7775884,"4,99988192"
77758271,"0,00000000"
77758253,"0,00000000"
7776951,"5,00246938"
776249443,"0,00000000"
7762496,"0,00000000"
77624974,"0,00000000"
77624976,"0,00000000"
776249444,"0,00000000"
776172371,"1,99975071"
776172361,"2,00017669"
776172353,"1,99998583"
77617228,"1,00001127"
77617234,"0,99995166"
776183623,"3,00014486"
77617261,"0,99998133"
7761723622,"3,00005852"
77616492,"0,99996408"
776172375,"1,99938151"
776172373,"1,99975028"
77616465,"2,00014117"
776172363,"2,99994568"
77616924,"3,00010961"
77616945,"1,00004326"
776172372,"0,99999850"
776172325,"2,99998311"
77617239,"2,00040678"
776172352,"0,99995612"
77616927,"3,00018678"
77616926,"0,00000000"
7761723623,"0,00000000"
77616495,"2,99979451"
7761723621,"2,99976993"
776183622,"0,00000000"
776172382,"0,99994439"
776172381,"1,99992955"
77618364,"2,00007538"
776172383,"2,99990116"
776172374,"0,99998870"
776172351,"1,99962857"
77617233,"1,99995329"
776172261,"1,99877093"
77617224,"2,99976063"
77617225,"1,99995656"
77617221,"1,99970609"
77617223,"1,99997680"
77617227,"2,99972334"
776172193,"1,99995154"
77617231,"1,99923702"
776172321,"1,00000285"
776172221,"3,00031204"
776172323,"3,00349761"
776172324,"0,99993720"
776172322,"0,99999767"
77616425,"2,99990749"
776172191,"2,00012956"
776172192,"1,99994892"
776172222,"3,00013171"
776172223,"2,99984978"
777615,"0,00000000"
777614,"2,99913072"
777616,"1,99999754"
7776212,"2,99964738"
777613,"3,00067480"
777623,"3,00003685"
7776223,"2,99996935"
777624,"5,00013218"
7776222,"2,00034733"
7777843,"3,00004149"
7776211,"0,00000000"
77763121,"0,00000000"
777617,"0,00000000"
7776311,"0,00000000"
7776221,"0,00000000"
777712,"1,00007637"
7776213,"0,00000000"
7776214,"2,99985294"
77772,"0,99999782"
7776315,"0,00000000"
7776215,"2,99999877"
7776313,"0,00000000"
77778421,"3,00073426"
77778423,"2,99981924"
77778422,"0,00000000"
7775846,"5,00042671"
777612,"2,99979622"
7775845,"0,00000000"
7775847,"2,99986222"
7775835,"3,35145440"
7775844,"3,00027711"
777585,"0,00000000"
7775843,"0,00000000"
7775841,"0,00000000"
7775834,"2,99965488"
77758771,"0,00000000"
7776317,"2,99996793"
77758773,"4,03171522"
77758754,"0,00000000"
77758752,"0,00000000"
77758755,"0,00000000"
7775874,"5,00045066"
7776316,"5,00024736"
77758751,"0,00000000"
77758753,"0,00000000"
7775872,"4,99999393"
77758735,"0,00000000"
77758731,"0,00000000"
77758733,"0,00000000"
7775842,"2,99999435"
7775871,"0,00000000"
7776314,"3,00019357"
77763122,"2,99999363"
77763123,"0,00000000"
777632,"5,00004237"
77617251,"1,99998407"
77617243,"2,99979402"
77616944,"2,99977782"
77616951,"2,99970745"
77617263,"0,99998014"
77616941,"2,00013177"
77617262,"1,99993787"
77617264,"0,99996666"
77617266,"1,00003017"
7772763,"3,00001994"
77617284,"0,99997332"
77617267,"0,99995227"
77617245,"2,99952821"
77617246,"3,00017759"
77617247,"0,00000000"
77617244,"3,00025283"
77617249,"2,99992101"
77617248,"3,00016451"
77617292,"3,00000607"
77617281,"1,99990435"
77617285,"1,99984491"
77617283,"2,00144020"
77617293,"2,99997780"
77617291,"3,00026547"
77617282,"0,99999695"
77617287,"2,99979655"
77617265,"1,00017829"
77616952,"3,00017979"
77617286,"2,00012086"
77617241,"2,99979332"
7761727,"3,00030638"
77617242,"3,00001846"
777281,"4,99998156"
77617253,"2,00117215"
77617252,"2,99996465"
777693,"5,00017534"
7776911,"4,35731130"
7776812,"3,03626234"
7776813,"3,00008957"
7776913,"5,00009158"
77624973,"0,00000000"
77624945,"0,00000000"
776249471,"0,00000000"
77624941,"0,00000000"
776249441,"0,00000000"
77624942,"0,00000000"
776249473,"0,00000000"
776249472,"0,00000000"
77624943,"0,00000000"
77624946,"0,00000000"
77624953,"0,00000000"
77624955,"0,00000000"
776249442,"0,00000000"
77624951,"0,00000000"
77624971,"0,00000000"
776249445,"0,00000000"
777678,"4,99998578"
77624977,"0,00000000"
77624975,"0,00000000"
77624979,"0,00000000"
77624981,"0,00000000"
776249923,"0,00000000"
776249921,"0,00000000"
776249922,"0,00000000"
77624991,"0,00000000"
77594762,"1,00012339"
775947812,"0,99998627"
775947616,"1,00023379"
77594772,"0,99989863"
775947611,"1,00001361"
775947612,"1,00002878"
775947631,"1,00089435"
775947617,"1,00042483"
775947613,"0,99994410"
77594773,"1,99999682"
77594771,"2,00014133"
775947614,"0,99999279"
775947615,"1,00005591"
775947291,"1,00002632"
77594784,"1,00001274"
775947815,"1,00002201"
77594786,"0,99997534"
775947671,"1,00006885"
77594765,"0,99999096"
77594785,"0,99997750"
77594783,"0,99996011"
77594782,"1,00003492"
775947293,"0,99996140"
775947633,"0,99988401"
77594764,"0,99999130"
775947632,"0,99989241"
77581467,"0,99993772"
77594791,"0,00000000"
775947921,"0,99991006"
775947923,"1,00002619"
775947811,"1,00009496"
77594797,"1,00004396"
775947813,"0,99975069"
775947814,"0,99991762"
77594795,"2,00000562"
77594793,"2,00007469"
775947922,"1,00002097"
77594766,"0,99999953"
77581462,"3,00017171"
77581465,"1,99995415"
77594728,"1,00002917"
775947292,"1,00006946"
77581464,"0,00000000"
7759472223,"0,99995515"
775947323,"1,00005475"
775947322,"0,99983685"
77594753,"0,99992575"
77594727,"1,00004396"
77594733,"0,00000000"
77594734,"1,00000753"
77594715,"0,00000000"
77594724,"1,99983651"
77594731,"0,00000000"
775947251,"0,99993538"
775947321,"1,00000167"
77594721,"2,00001308"
77594723,"0,00000000"
77594735,"0,00000000"
77594751,"0,00000000"
77594726,"0,99998405"
775947253,"1,00011428"
7759472222,"1,00001968"
77594711,"0,00000000"
7759472221,"0,99998294"
775947221,"2,00011736"
77594713,"0,00000000"
775945,"0,00000000"
7759245,"4,99992262"
77594714,"2,99997120"
7759242,"4,99989843"
7759433,"0,00000000"
775947252,"1,00000806"
775947121,"0,00000000"
7759244,"0,00000000"
7759461,"0,00000000"
775947873,"0,99988821"
77594911,"0,99996514"
775947872,"1,00009420"
775947871,"1,00004660"
775949132,"0,99985856"
775949131,"1,00012336"
77594796,"0,00000000"
77594912,"1,00002621"
7771481,"2,99571532"
7771482,"2,99966781"
7771483,"3,00024620"
77712695,"2,99993541"
776137892,"4,99988588"
77613826,"5,00023490"
77613862,"4,99983113"
77613861,"4,99993538"
77613874,"2,99995268"
77613882,"2,00011127"
77613875,"3,00009616"
77613873,"2,99894947"
77613828,"3,00020504"
77613871,"2,99596648"
77613827,"3,00014033"
77613872,"2,99974936"
77616645,"3,00008066"
77618395,"0,00000000"
776183971,"2,99972789"
776183941,"0,99984956"
77618393,"2,99998686"
776183972,"3,00018696"
776183973,"2,99997777"
77618391,"3,00006232"
77618382,"3,00003187"
77618392,"0,99993808"
776183993,"2,99989227"
776183991,"3,00415727"
776183942,"0,99998662"
77618371,"3,00004294"
77618373,"2,99987030"
77618363,"2,00002845"
77618385,"3,00012841"
77618388,"0,00000000"
77618387,"3,00021605"
776183892,"0,00000000"
77618386,"3,00005244"
776183891,"0,00000000"
77618372,"0,99990362"
77618344,"3,00000289"
77618383,"0,00000000"
77618381,"3,00009860"
7762264,"0,00000000"
77618346,"0,00000000"
7761211,"1,99985853"
7759896,"0,00000000"
776119,"3,00006483"
7759897,"0,99991900"
7759894,"0,99995250"
7759892,"0,99998520"
7759886,"1,00004193"
776121331,"1,99998551"
7759887,"2,00001838"
7759895,"2,00011335"
776117,"2,99996829"
77612122,"0,00000000"
77613231,"1,99988199"
77612134,"2,00009088"
77612131,"0,00000000"
77612123,"1,00001303"
77612138,"1,99998821"
776121351,"1,99991951"
7761321,"2,00001065"
776131,"3,00002440"
77612121,"1,99997011"
776121393,"1,99970657"
776121391,"0,00000000"
77612132,"2,00008086"
7771281,"2,99964017"
7771283,"1,99999142"
77712723,"2,99999735"
776133,"2,99994235"
776118,"3,00014228"
7771249,"3,00001926"
7771247,"3,00001999"
77712481,"0,00000000"
77712483,"0,00000000"
77712482,"0,00000000"
77712722,"3,00038217"
7761351,"5,00002494"
7761341,"0,00000000"
7761375,"0,00000000"
77613743,"0,00000000"
77613742,"0,00000000"
77613722,"0,00000000"
77613741,"0,00000000"
77613721,"0,00000000"
77613723,"3,00013714"
7761371,"4,99987063"
7761373,"0,00000000"
77613724,"2,99988951"
77613725,"3,00064768"
77594491,"1,00031918"
77594492,"0,99993673"
77594493,"1,00002450"
7759444,"2,99992929"
77594642,"0,00000000"
77594431,"0,00000000"
7759873,"0,00000000"
7759447,"0,99998358"
7759463,"0,00000000"
77594422,"2,99995069"
77594423,"1,99981883"
77594432,"3,00017349"
7759884,"0,00000000"
77594425,"1,99997623"
7759872,"0,00000000"
7759445,"0,99994044"
775946431,"0,00000000"
77594641,"0,00000000"
77594424,"0,99997284"
7759885,"0,00000000"
7759871,"0,00000000"
77594426,"1,00003513"
77594421,"0,00000000"
77594433,"2,00020834"
7759441,"0,00000000"
7759881,"0,00000000"
7759462,"2,00006255"
7759448,"0,99991180"
77594427,"2,00018959"
7759883,"0,00000000"
77594429,"3,00009902"
77594649,"1,00007445"
775946443,"1,00007183"
7759446,"0,99999704"
77594648,"1,00018032"
775946432,"2,00001545"
775946433,"1,00004506"
77594647,"0,00000000"
77594428,"2,99983781"
775946442,"1,00004574"
775946441,"1,00029028"
77594645,"2,00017583"
77594752,"0,00000000"
775947432,"0,99998709"
775947421,"0,00000000"
775947461,"0,00000000"
77594741,"0,00000000"
77594745,"0,00000000"
775947471,"1,00012956"
775947441,"1,00000100"
775947431,"0,00000000"
775947433,"0,00000000"
7759891,"0,00000000"
7759882,"0,00000000"
7759893,"2,00001870"
7759853,"2,99997828"
775986,"3,00006120"
77612136,"2,99996595"
77594495,"1,00000251"
776121392,"2,99950524"
776121352,"4,99980848"
77612151,"0,00000000"
776121531,"1,99975308"
77594494,"0,99995564"
775947122,"0,00000000"
775947123,"0,00000000"
775946461,"0,00000000"
775947126,"0,00000000"
775947124,"0,00000000"
775947125,"0,00000000"
775947127,"0,00000000"
7759465,"0,00000000"
7759466,"1,00002268"
775946462,"1,00001615"
775947423,"0,00000000"
775946463,"0,00000000"
775947422,"0,00000000"
7759467,"1,00003315"
77594681,"1,00001589"
77594691,"1,00009466"
776121332,"0,00000000"
775984,"4,99998993"
7759421,"2,99994327"
77594323,"2,99990893"
77594321,"3,00001676"
77594324,"0,00000000"
7759425,"3,00000612"
77594327,"0,00000000"
77594326,"0,00000000"
77594325,"0,00000000"
7759422,"0,00000000"
7759423,"2,99998215"
77594322,"0,00000000"
775941,"2,00046964"
7759424,"0,00000000"
7759431,"0,00000000"
7759852,"3,00009761"
7759833,"0,00000000"
7759851,"0,00000000"
776113,"0,00000000"
7759815,"3,00007379"
776115,"2,99941637"
775982,"0,00000000"
7759831,"2,99999620"
7759812,"0,99996572"
7759832,"0,00000000"
7759811,"0,00000000"
7759813,"0,00000000"
7759814,"1,00002086"
775972,"3,00021279"
77596,"2,99987725"
776111,"0,00000000"
776112,"3,00002372"
7761141,"0,00000000"
776116,"0,00000000"
7761143,"3,00007912"
7761142,"4,99973707"
7771246,"0,00000000"
7771282,"2,99997233"
7761353,"4,99980965"
7761352,"2,00000572"
77613693,"3,00001970"
77613692,"1,99995476"
77613691,"1,99991190"
776132953,"2,99992644"
77613297,"2,99975524"
77613694,"3,00021627"
776139694,"2,00005038"
776139695,"1,99981505"
77613296,"2,99990197"
776139684,"2,00019786"
77613282,"1,99997800"
77613443,"1,00004523"
77613234,"1,00005127"
776132952,"1,99980744"
77613242,"1,00007335"
77613283,"3,00005079"
77613492,"3,00004144"
77613491,"3,00012645"
77613493,"2,99998607"
77613441,"0,99997710"
77613681,"2,00031302"
77613442,"2,00011424"
77613481,"3,00022554"
77613683,"1,00000100"
7761347,"2,00024939"
77613682,"3,00006234"
77613676,"1,99984909"
77613482,"1,99996935"
77613483,"3,00004300"
7761362,"3,00017487"
77613423,"1,99995256"
7761346,"1,00004227"
7761345,"1,99999737"
776134242,"1,99970639"
776134241,"2,00047967"
7761343,"2,00001422"
776134243,"3,00006936"
77613655,"2,00015250"
77613651,"2,00023761"
77613654,"1,00009659"
77613675,"2,00022692"
77613677,"1,99971779"
77613653,"1,99998072"
77613643,"1,99994477"
77613672,"1,99984034"
77613645,"2,00009048"
77613673,"1,99905978"
77613642,"0,99999928"
77613652,"3,00017164"
77613924,"1,99992643"
77613671,"1,99998355"
77613644,"2,00008730"
77613927,"1,99999492"
7761366,"0,99995333"
77613294,"0,99999797"
77613674,"2,00002296"
77613264,"1,00003830"
77613425,"1,99982569"
77613422,"0,00000000"
77613427,"2,00012202"
77613428,"1,99976022"
77613426,"1,99992616"
77613429,"1,99995272"
77613421,"0,00000000"
77613444,"1,00007503"
77613221,"1,99996942"
776121333,"0,00000000"
776121353,"0,00000000"
77612137,"0,00000000"
7761363,"1,99994856"
7761361,"0,00000000"
77613641,"1,99999820"
7761376,"2,00006823"
77582897,"3,00049585"
77582895,"1,99991202"
77634943,"0,99999521"
7761299,"1,00001129"
7763498,"0,99997627"
775828983,"2,99975933"
77582496,"1,00001360"
77612976,"1,99986662"
77582485,"2,00010234"
77582896,"1,99996737"
77582899,"2,99993842"
77582883,"0,99999162"
77612977,"1,99985062"
77582894,"3,00004218"
775828981,"0,00000000"
7763499,"0,99999398"
775828982,"1,00005737"
77582875,"2,00025937"
77582881,"0,00000000"
77582892,"2,99984140"
775828293,"3,00010433"
77582891,"1,99987756"
77582874,"3,82189410"
77582893,"1,99991250"
77582826,"3,00042758"
77612974,"3,00001688"
77612975,"1,99989113"
77612971,"1,99998142"
77612973,"1,99839875"
7761295,"2,00004194"
77582498,"3,00024296"
77612936,"3,00012198"
77612965,"3,00000950"
77612937,"2,00044254"
77582827,"0,00000000"
775828291,"3,00024709"
77582828,"3,00023314"
77582929,"4,97355030"
77582926,"3,00036725"
77582825,"2,99985531"
77634924,"2,99980459"
77634925,"0,00000000"
77582925,"3,99631720"
775828292,"2,00007878"
77582824,"4,58541100"
77634972,"3,00030523"
77582822,"4,99262564"
7761298,"1,99999497"
77612972,"3,00007963"
77634694,"0,99984518"
77634695,"3,00004161"
777761,"1,99935012"
777752,"0,99959118"
777714,"1,00017216"
777732,"0,99989418"
77774,"1,00001358"
777781,"2,99921795"
777763,"0,99989382"
777762,"1,99993225"
7777837,"2,99970711"
7777841,"3,00052477"
7777835,"2,99935180"
7777833,"0,00000000"
7777831,"0,00000000"
7777832,"2,99987412"
7777834,"2,99962626"
7777836,"3,00021344"
777611,"0,00000000"
776139673,"2,00019957"
776139675,"1,99524066"
776139674,"1,00010239"
776139681,"1,99989023"
776139691,"1,99997442"
776139683,"2,00004436"
776139692,"3,00005293"
776139693,"2,00004516"
776139662,"0,99992066"
77613923,"2,00008058"
77613926,"2,00002517"
77613925,"2,00646685"
77613922,"5,00034632"
776139652,"1,99994437"
776139661,"1,00012283"
776139653,"1,99994455"
776139663,"1,00006668"
776139682,"0,99993477"
776139671,"1,99914127"
7761424,"0,99988713"
777843,"0,00000000"
777841,"2,99998970"
777842,"2,99992747"
7778522,"2,99997805"
7776262,"2,99994612"
7776263,"3,00010018"
7778521,"3,01587026"
777838,"4,99994874"
7778451,"2,99995199"
777844,"2,99996846"
7778452,"0,00000000"
7778481,"3,00010095"
7778482,"0,00000000"
7778523,"5,00022162"
7778513,"0,00000000"
7778511,"0,00000000"
777839,"0,00000000"
7778551,"3,94040871"
7778531,"0,00000000"
7778533,"4,40777425"
7778453,"2,99988453"
7778362,"0,00000000"
777837,"3,74244251"
7778363,"0,00000000"
777835,"0,00000000"
7778233,"0,00000000"
7778342,"0,00000000"
7778361,"5,00007549"
7778273,"4,99992052"
77578893,"2,99997230"
775786463,"2,99988652"
775786464,"1,00006802"
77578894,"0,00000000"
775786942,"0,00000000"
775788893,"3,00000442"
77578888,"0,00000000"
775788891,"3,00006908"
77578943,"0,00000000"
775789451,"0,00000000"
7757894423,"0,00000000"
77578895,"0,00000000"
775786941,"0,00000000"
775789452,"0,00000000"
775788852,"2,99997086"
77578887,"0,00000000"
775788892,"2,99955897"
77578764,"0,99999420"
7757894421,"0,00000000"
775786465,"0,00000000"
7757894422,"0,00000000"
77578649,"3,00003109"
775786474,"1,00000224"
775789453,"0,00000000"
77578692,"0,00000000"
775786943,"0,00000000"
77578886,"0,00000000"
775789441,"0,00000000"
77578896,"0,00000000"
775789213,"0,00000000"
77578932,"0,00000000"
775789241,"5,00019967"
77578951,"0,00000000"
77578954,"0,00000000"
775789523,"0,00000000"
77578953,"0,00000000"
775789271,"3,00000836"
77578922,"1,00001058"
77578813,"0,00000000"
7757879,"0,00000000"
77578923,"3,00019587"
77578852,"3,00006308"
7757887,"2,99990791"
7757883,"0,00000000"
77578882,"0,00000000"
7757886,"2,99992506"
7757884,"1,99995061"
775789251,"0,00000000"
775788851,"0,00000000"
77578884,"2,99979786"
77578934,"0,00000000"
775789273,"3,00007155"
77578851,"0,00000000"
7757891,"0,00000000"
775789272,"4,99923687"
775789252,"0,00000000"
775789522,"0,00000000"
77578942,"0,00000000"
775789212,"0,00000000"
775789211,"0,00000000"
77578955,"0,00000000"
77578853,"0,00000000"
775789521,"0,00000000"
775789253,"0,00000000"
77578935,"0,00000000"
77578933,"2,99995795"
77578883,"0,00000000"
77578891,"0,00000000"
775788853,"0,00000000"
77578941,"0,00000000"
77578811,"0,00000000"
77578931,"0,00000000"
77578881,"0,00000000"
77578892,"2,99971038"
775786932,"2,99985205"
775786482,"2,99968879"
775786472,"0,00000000"
775786821,"0,00000000"
775786931,"0,00000000"
775786823,"0,00000000"
77578677,"0,00000000"
775786951,"0,00000000"
77578681,"2,99990083"
775786483,"1,99994215"
77578691,"0,00000000"
775786933,"0,00000000"
775787783,"0,99999638"
77578745,"2,99989490"
7757864382,"3,00029576"
775786436,"3,00004596"
77578761,"0,99997137"
77578763,"1,00000301"
77578744,"2,00005364"
7757864383,"0,00000000"
7757882,"2,99992869"
77578781,"2,99822653"
77578762,"0,99998619"
77578769,"0,99997993"
77578775,"2,99952414"
77578733,"3,00002414"
77578767,"0,00000000"
77578742,"2,99977845"
775787782,"0,00000000"
77578774,"0,00000000"
77578779,"3,00023123"
77578765,"1,00000036"
77578773,"0,00000000"
77578771,"0,00000000"
77578743,"2,00029404"
77578772,"1,99996384"
77578741,"0,00000000"
7757875,"2,99996330"
77578777,"0,00000000"
775787781,"0,00000000"
77578812,"0,99995127"
775786473,"0,00000000"
775786481,"2,99988858"
775786471,"0,00000000"
775786443,"1,00003952"
775786442,"0,00000000"
775786462,"2,99993250"
775786423,"2,99988968"
775786475,"0,00000000"
77578661,"0,00000000"
775786425,"2,00006743"
775786441,"0,00000000"
77578672,"2,99995542"
77578656,"3,00004730"
775786424,"1,99995474"
77578675,"0,00000000"
77578671,"2,99950005"
77578657,"2,99977301"
775786761,"0,00000000"
77578673,"0,00000000"
775786437,"3,00083696"
775786412,"1,99981633"
775786434,"2,99998393"
7757864381,"3,00008776"
775786431,"0,00000000"
775786432,"2,99977481"
775787323,"2,00003160"
775786411,"0,00000000"
775786435,"0,00000000"
77578651,"2,99989904"
775786421,"2,99976337"
775787322,"3,00006889"
775786433,"0,00000000"
775786413,"0,00000000"
775786439,"2,99989334"
775786422,"2,99979958"
77578653,"3,00000677"
77578652,"0,00000000"
77578655,"0,00000000"
77578654,"1,99997948"
77578645,"3,00035333"
775786461,"2,99962077"
77578766,"0,99996485"
77578768,"0,99998133"
775789494,"0,00000000"
77578992,"2,99998478"
77578995,"0,00000000"
775616692,"2,99998795"
775789933,"3,00020151"
775789496,"2,99952840"
77578998,"0,00000000"
775789932,"0,00000000"
775789963,"0,00000000"
77578985,"0,00000000"
775789961,"0,00000000"
77578997,"0,00000000"
775789461,"0,00000000"
775789462,"0,00000000"
775789493,"0,00000000"
77578947,"0,00000000"
77578991,"0,00000000"
77578957,"2,99991867"
775789443,"0,00000000"
77578971,"3,00017072"
775789491,"3,00010140"
77578973,"0,00000000"
775789463,"3,00001920"
775789931,"0,00000000"
775789445,"3,00000690"
775789492,"0,00000000"
77578948,"3,00010605"
775788973,"2,99997150"
775789455,"0,00000000"
77578956,"1,00006538"
775789444,"3,00014618"
775789454,"0,00000000"
775788971,"0,00000000"
775789724,"0,00000000"
775789725,"2,99990878"
77578981,"0,00000000"
77578983,"2,99973470"
77578982,"0,00000000"
775789721,"0,00000000"
77578984,"0,00000000"
775789722,"0,00000000"
775789723,"0,00000000"
77561664,"3,00012327"
77561643,"3,00013486"
77561655,"3,00020175"
77578929,"4,99981172"
77578928,"3,00013755"
775789275,"0,00000000"
77561658,"2,99997128"
77578963,"2,99998532"
77561661,"3,00000418"
77578962,"2,99998707"
77561651,"3,00000795"
775789274,"0,00000000"
77578961,"2,99996997"
777677,"0,00000000"
777679,"3,00005622"
7776742,"2,99998833"
7776811,"2,99913420"
777682,"4,99963832"
777683,"3,00051751"
777685,"0,00000000"
77582156,"3,00021542"
77582157,"0,00000000"
77582158,"2,00027672"
77582159,"1,99968965"
77582154,"1,00002182"
77582155,"2,00017809"
77582152,"3,00020411"
775821515,"0,00000000"
77582153,"2,00023929"
77582163,"0,00000000"
77594981,"1,00002202"
775949912,"2,99995469"
77594975,"0,00000000"
77594965,"1,00001601"
77594973,"0,99987932"
77594977,"1,00005478"
775949741,"1,00002732"
77582257,"2,00005433"
775949911,"1,00045776"
77594976,"0,99995649"
77594961,"0,99991053"
77582256,"3,00004757"
77582262,"1,99996349"
77594963,"1,99988061"
77594962,"0,99993572"
775821993,"0,00000000"
775821973,"0,00000000"
77582211,"1,99899255"
775821942,"1,99997854"
775821623,"0,99997456"
775821991,"0,00000000"
775821972,"0,00000000"
77582212,"2,99986992"
77582192,"0,99989239"
775821943,"1,99997029"
775821971,"0,00000000"
775821941,"1,99994121"
77582198,"1,00000900"
77582178,"0,99994758"
775821621,"1,99990901"
77582174,"1,00009197"
77582161,"0,00000000"
77582191,"2,99997097"
77582175,"0,00000000"
77582171,"3,00044436"
77582179,"2,99972059"
77582193,"2,99997281"
77582195,"0,00000000"
77582177,"2,97663041"
77582173,"3,00006477"
77583693,"0,99990660"
77583663,"0,99974745"
77583662,"1,00005492"
77582182,"0,99993440"
77583642,"0,99998380"
77582167,"2,99994147"
77582144,"2,99990777"
77582166,"0,99999135"
77582165,"1,99995103"
77582164,"1,00001999"
77583622,"1,00000016"
77583633,"0,99995835"
77583643,"1,00000543"
77583641,"0,99967323"
77583631,"0,99992601"
77583624,"0,99991846"
77583632,"1,00004456"
77583621,"0,99992013"
7758361,"0,99984207"
7758356,"1,00001446"
7758328,"1,00000595"
7758327,"0,99987877"
7758326,"0,99996903"
77583623,"0,99998697"
77583625,"1,00004128"
77582172,"0,99998572"
77582176,"0,99996579"
77583293,"1,00002126"
775821512,"1,00004312"
7758324,"1,00000974"
77583291,"0,99991601"
775821322,"1,00007903"
775821323,"0,99988698"
775821514,"0,00000000"
775821513,"2,00034874"
775949642,"0,99995294"
775949523,"2,99980599"
775949643,"0,99994498"
775949641,"0,00000000"
775821622,"3,00020307"
77582116,"0,99995974"
77582131,"1,99999832"
775821511,"1,99883445"
775821321,"0,99997446"
77582133,"1,99996926"
77594939,"0,99994240"
77594955,"1,00003385"
77594953,"0,99960558"
77582142,"1,00001660"
77582141,"3,00014552"
77582145,"0,00000000"
77594936,"2,00000350"
775949522,"2,99996559"
77594937,"0,99994065"
775949521,"2,99999236"
77594938,"1,00005824"
77582143,"0,00000000"
77594971,"1,00005269"
775949721,"1,00107780"
77594951,"0,99998969"
77594941,"1,00015784"
77594954,"1,00005300"
77583292,"0,99992053"
775822424,"2,99992608"
775822421,"0,00000000"
775822423,"0,00000000"
77582241,"0,00000000"
7758222,"3,00000187"
77582313,"2,99989134"
7758223,"2,00044692"
775822422,"1,99990260"
77582283,"0,99993305"
77582291,"0,99901324"
77582273,"0,99995308"
77582281,"0,99999433"
77582293,"0,99999212"
77582272,"2,99996825"
77582252,"0,00000000"
77582253,"2,00000999"
77582251,"0,00000000"
77582215,"0,00000000"
77582214,"3,00012092"
77582213,"1,99968400"
77582255,"0,00000000"
77582261,"0,99982721"
77594993,"0,99996247"
77582292,"1,00005525"
77582265,"1,00004725"
77594995,"1,00005905"
77582264,"3,00010702"
775949921,"1,00002168"
77594997,"2,00005129"
775949922,"1,00006125"
775949913,"1,00031388"
77594996,"1,00005199"
77582263,"1,99938136"
77594994,"1,00000540"
775949923,"0,99996316"
77594998,"0,99996455"
77594999,"0,99995449"
77582294,"1,00004504"
77582282,"0,99995003"
775822973,"2,00222364"
775822975,"2,00009937"
775822971,"0,99996992"
77582295,"1,00008965"
775822991,"0,00000000"
77582254,"0,00000000"
77582271,"0,00000000"
77582311,"3,00015477"
7758413,"0,00000000"
7758415,"2,00037229"
7758414,"0,99994717"
7758411,"2,00041490"
77585173,"0,00000000"
77584122,"2,99999148"
77584121,"1,00000356"
77584123,"0,00000000"
77585181,"1,00016687"
77585171,"3,00003016"
77585182,"1,00003189"
77585154,"1,00004122"
7758519,"3,00025882"
77583651,"0,99993957"
77583653,"1,00011983"
77583654,"1,00004532"
77583652,"0,99989824"
7758446,"0,99988539"
77584163,"0,99994807"
77583692,"0,99994799"
7758444,"0,99996733"
77582187,"0,99996288"
7758445,"1,00007447"
77584162,"1,00001569"
77584161,"1,99994218"
77583656,"1,00006357"
7758368,"0,99999337"
7758367,"1,00004886"
77583655,"1,00016319"
77583657,"0,99978043"
77583661,"1,00007760"
77583691,"0,99992760"
77585155,"2,99930043"
7758417,"2,00009479"
7758442,"0,99997446"
7758443,"1,00008442"
77614661,"3,00239482"
77614992,"3,00014134"
77614694,"3,00025076"
77614995,"2,99968745"
77632495,"3,00006134"
77614695,"3,00025833"
77614693,"3,00012589"
77632494,"0,99997758"
77614991,"2,99998687"
77614643,"2,99993289"
77614967,"3,00001704"
7761471,"3,00066912"
77614623,"2,99960146"
77614621,"3,00037861"
7761461,"2,99973451"
77614721,"3,00001499"
7761248,"2,99974101"
77614731,"2,99964166"
77614652,"2,99977127"
7761468,"2,99989171"
77614642,"3,00013923"
77614624,"2,99997525"
77614651,"2,99978698"
77614641,"3,00001358"
77614633,"3,00031435"
77614662,"3,00028372"
77614653,"3,00079201"
77614632,"3,00028571"
7761488,"3,00041158"
77614631,"2,99968280"
77614722,"0,00000000"
776149642,"4,99967824"
776149643,"3,00018409"
7761489,"3,00008265"
7761482,"2,99988230"
77614772,"3,00029028"
77614723,"2,99987732"
7761481,"2,99990995"
7761485,"3,01339417"
7761483,"3,00021957"
77614911,"3,00030569"
7761487,"3,00008019"
7761479,"3,00015340"
7761484,"2,99978258"
7761486,"2,99995304"
77614751,"3,00000528"
77614965,"0,00000000"
776149641,"2,99950140"
77614966,"3,00004922"
77614963,"3,00042375"
77614974,"3,00023368"
77614977,"2,99987039"
77614971,"2,99976120"
77614962,"3,00004566"
7761495,"2,99978839"
77614961,"2,99980367"
7761492,"3,00011847"
77614915,"2,99926407"
77614773,"3,00009165"
7761476,"2,99989333"
77614771,"3,00193110"
77614753,"2,99959310"
77612475,"2,99995974"
77614752,"2,99978268"
7761246,"1,99999826"
77612474,"2,00017760"
7761493,"2,99992225"
77614941,"2,99876686"
77614994,"3,12749861"
77614993,"2,99997600"
77614917,"3,00289943"
7761279,"3,00109367"
7761291,"3,00041419"
77578421,"3,00037022"
7757855,"2,99925770"
7757853,"0,00000000"
77578711,"0,00000000"
77578613,"2,99991290"
77578621,"0,00000000"
77578713,"3,00018251"
77578721,"0,00000000"
77578632,"2,99969855"
77578611,"3,00026351"
77578631,"0,00000000"
77578633,"3,00005764"
77578731,"3,00546000"
775787321,"0,00000000"
77578423,"3,00101456"
77578452,"0,99994550"
77578712,"2,99996234"
7757847,"2,00010676"
77578425,"2,99998215"
775784621,"3,00001704"
77578422,"1,00001990"
77578461,"2,99977361"
77578453,"0,00000000"
77578451,"2,00008903"
77578463,"2,00002233"
77578424,"5,00056911"
775787232,"3,00011690"
775787231,"0,00000000"
77578722,"0,99992069"
775784622,"3,00019275"
775784623,"2,99984091"
77578465,"4,99983670"
775784642,"0,99981797"
77578725,"1,99990558"
775784641,"0,00000000"
775787233,"0,00000000"
775784643,"1,00005831"
77578727,"1,99998466"
77578493,"3,00006232"
77578494,"0,00000000"
77578495,"5,00016715"
77578492,"0,00000000"
77578491,"0,00000000"
7757848,"2,99994925"
77578728,"3,00049553"
77578776,"0,99997134"
775787294,"1,00015714"
77578782,"2,00003916"
775787241,"0,00000000"
77578784,"0,00000000"
775787291,"2,99995403"
775787293,"2,99968840"
775787243,"3,00009631"
77578783,"0,00000000"
775787242,"1,00006646"
77578726,"1,00003260"
77578229,"1,00010114"
77578228,"2,00040947"
775782352,"0,99997948"
7757823593,"0,00000000"
77578225,"1,00001750"
775782354,"0,99999439"
7757823591,"0,00000000"
775782358,"2,00017606"
775786294,"1,00001962"
775782355,"0,00000000"
775782357,"2,00039195"
775782353,"0,00000000"
77578237,"1,00017954"
77578223,"1,99998644"
7757823592,"0,00000000"
77578224,"0,99993917"
7757823513,"0,00000000"
775782356,"0,99991270"
77578222,"2,00008318"
775786281,"0,99985664"
775786282,"1,00004111"
775786283,"0,99998085"
775786241,"1,00003006"
775786242,"3,00010971"
77578626,"0,99999899"
77578622,"1,99999106"
775786243,"0,99999216"
77578623,"0,99999291"
77578625,"1,00000764"
77578627,"1,00002670"
775786291,"0,00000000"
77578612,"1,00001823"
7757854,"1,00000381"
775786293,"2,00008349"
775786295,"2,00015031"
775786299,"1,00005673"
77578389,"3,00002219"
77578384,"1,00009928"
775786296,"0,99998935"
775786292,"1,00000378"
775786297,"1,00014058"
77578382,"0,99993975"
77578388,"2,00005957"
77578386,"0,99999709"
775786298,"0,99989943"
77578387,"3,00006357"
77578665,"0,99999538"
77578663,"2,00011670"
775786621,"0,00000000"
77578263,"1,00001770"
775782543,"1,99993113"
775782542,"0,99998627"
77578226,"1,99999325"
77578262,"1,00000396"
77578227,"0,99994771"
77578385,"2,00089014"
77578383,"1,99858941"
77578688,"1,99980225"
77578686,"0,99995495"
775786822,"0,00000000"
775786622,"0,00000000"
775782942,"0,99995171"
77578684,"2,99997800"
77578664,"2,00011477"
775786763,"1,99995181"
77578683,"0,00000000"
775786824,"3,00001995"
775786762,"2,00003824"
77578674,"0,00000000"
775786623,"2,00009977"
77578689,"2,00001521"
77578685,"0,00000000"
77578687,"0,00000000"
775782992,"1,00002741"
77578696,"2,99991060"
775782993,"2,99951861"
775782991,"2,00056486"
775786825,"3,00014358"
775782995,"2,99994621"
775782994,"4,99991635"
7758516,"3,00007359"
775782943,"1,00003000"
777574,"2,99933121"
7775811,"3,00011132"
7775813,"3,00206872"
7775831,"0,00000000"
7775833,"0,00000000"
775786991,"3,00010740"
775786971,"3,00017145"
775786973,"0,00000000"
775786953,"0,00000000"
775786992,"0,00000000"
775786952,"3,00020053"
775788972,"0,00000000"
77578898,"0,00000000"
775786993,"2,99990633"
775786972,"2,99988421"
775853126,"2,99988775"
775853124,"0,00000000"
775853125,"0,00000000"
775853123,"0,00000000"
775853141,"0,00000000"
775853122,"0,00000000"
77585172,"0,00000000"
7778168,"2,99983394"
777811,"3,86193820"
7778161,"0,00000000"
7778162,"4,99998398"
777782,"2,99991656"
777815,"3,30393842"
7777871,"2,99995208"
777786,"2,99989849"
7777873,"3,00013076"
777788,"0,00000000"
7777872,"2,99990293"
77781693,"4,99994614"
77781695,"5,00015699"
77781694,"0,00000000"
77781692,"0,00000000"
7778166,"5,00023775"
77781696,"0,00000000"
7778346,"0,00000000"
77781645,"0,00000000"
7778323,"0,00000000"
7777892,"0,00000000"
7777891,"0,00000000"
77781697,"0,00000000"
7777893,"0,00000000"
7778121,"4,99726066"
77781651,"0,00000000"
777819,"0,00000000"
7778167,"0,00000000"
77781691,"0,00000000"
777814,"5,00018840"
7778163,"0,00000000"
777813,"3,82366969"
777831,"3,89332812"
777817,"4,03938596"
77781653,"0,00000000"
7778321,"0,00000000"
77781641,"0,00000000"
77781642,"0,00000000"
777818,"4,99944958"
77781644,"0,00000000"
77781652,"5,00012238"
777821,"4,99978227"
77781643,"0,00000000"
7778345,"0,00000000"
7778344,"0,00000000"
7778341,"0,00000000"
777833,"0,00000000"
7778343,"0,00000000"
7778322,"0,00000000"
7778347,"4,99991873"
777785,"3,00009834"
77613241,"0,00000000"
77613237,"2,00007129"
7761325,"1,99967044"
77613261,"2,00010259"
7761327,"2,00009255"
77613222,"0,99985103"
77613233,"1,99960333"
77612142,"1,99973763"
77613235,"2,00013926"
77613232,"2,99972592"
77613224,"0,99995713"
77613262,"2,00008902"
77612169,"0,99999645"
77613263,"2,00040434"
77613266,"1,99973037"
77613236,"1,00002261"
77613292,"0,99995463"
77613281,"2,00014971"
77613291,"1,99991586"
77613293,"2,00003457"
776132951,"1,99966307"
77613265,"2,00067746"
776121642,"0,99995505"
776121551,"2,00001571"
77612152,"0,99998084"
77612144,"1,00003300"
776121552,"1,00001119"
77612147,"1,00000043"
776121553,"1,99989918"
77612146,"2,99972045"
77612145,"1,00005061"
77612143,"0,99974059"
77612168,"3,00006404"
77613243,"1,00003286"
776121533,"0,00000000"
776121532,"3,00080629"
77612141,"2,00008556"
77613445,"1,00001704"
77613225,"0,99994491"
77613223,"0,99778478"
776121583,"2,99965599"
77612166,"0,99997040"
77612163,"0,99985497"
77612167,"1,99998060"
77612159,"1,99995959"
77612165,"2,00031260"
77612172,"1,00001717"
77612148,"1,99981393"
776121582,"3,00031593"
776121581,"2,99988618"
77612171,"2,00043093"
77612157,"1,99941367"
776121555,"1,99994793"
77612149,"0,99994497"
776121554,"5,00058286"
77758763,"3,99957315"
77758734,"5,00004040"
77758761,"5,00388896"
77758781,"0,00000000"
77758762,"0,00000000"
77758776,"5,00026240"
77758764,"0,00000000"
77758782,"4,99962595"
77758777,"4,25946164"
77758783,"0,00000000"
77758775,"3,60065371"
7775865,"4,99990508"
7775861,"0,00000000"
7775863,"0,00000000"
77758732,"4,99984389"
7775864,"4,99966049"
77758765,"0,00000000"
7775887,"0,00000000"
7775885,"0,00000000"
7775881,"0,00000000"
7775883,"4,99953995"
77758793,"4,16559333"
77758791,"0,00000000"
7772552,"5,00047378"
7772553,"0,00000000"
7772551,"2,99990154"
777256,"2,99994013"
777257,"0,00000000"
777258,"0,00000000"
7772621,"0,00000000"
777259,"0,00000000"
777261,"0,00000000"
7772721,"3,41660199"
777271,"3,20786833"
7772722,"4,99988993"
77716263,"0,00000000"
77716262,"2,99926903"
77716253,"2,99994531"
77716254,"3,00024870"
777252,"3,00001844"
777253,"0,00000000"
77716255,"3,00004013"
777251,"2,99998826"
777254,"3,00009933"
777263,"2,99994247"
77716294,"3,00003756"
77716229,"5,00014567"
777239,"3,00006984"
77716228,"0,00000000"
77716226,"0,00000000"
7772362,"5,00026372"
77716252,"2,99998759"
777241,"4,99992992"
77716245,"3,00034193"
77716244,"3,00020378"
77716261,"0,00000000"
777238,"4,99990353"
7772322,"4,99991126"
7772321,"0,00000000"
7772323,"2,99981512"
777237,"0,00000000"
777235,"2,99992124"
777234,"2,99992069"
7772313,"2,99948936"
777233,"0,00000000"
7772311,"0,00000000"
777275,"3,00028415"
7772761,"0,00000000"
777277,"0,00000000"
777274,"0,00000000"
777273,"3,00000319"
7761696,"3,00009374"
7761699,"2,99991247"
7772723,"3,98528876"
777278,"3,99992561"
777291,"4,00000846"
777279,"5,00017906"
7772762,"4,00034367"
77716298,"0,00000000"
77716299,"3,00000919"
777162963,"2,99968582"
777162962,"3,00011755"
777293,"4,99918080"
777162961,"3,00043600"
77716295,"2,99702399"
77716297,"3,00055894"
777162932,"2,99993817"
77616861,"0,00000000"
77616863,"0,00000000"
7761684,"0,00000000"
77616862,"0,00000000"
77616823,"2,99989028"
7761685,"3,00021842"
7761688,"3,00024103"
7761687,"3,00024808"
7761689,"4,99994236"
7761667,"2,99997725"
77716993,"0,00000000"
77716992,"0,00000000"
7761683,"3,00005521"
77716292,"0,00000000"
7771628,"0,00000000"
7771698,"0,00000000"
77716842,"0,00000000"
7771627,"0,00000000"
777162931,"0,00000000"
77716291,"0,00000000"
777162933,"2,98740403"
7761698,"2,99991870"
77616644,"2,99988606"
77616932,"1,99984850"
77616953,"2,99977802"
7761697,"3,00677746"
77616821,"2,99930226"
77616912,"2,99991226"
77616822,"2,99993261"
77616933,"2,99997651"
77616931,"2,99995179"
77616925,"3,00022192"
77616943,"2,00021610"
77616942,"2,99967478"
77616923,"3,00064199"
77616921,"2,99881051"
77616913,"3,00014309"
77616922,"2,99997901"
77616911,"3,00033608"
7761672,"3,00016784"
7761674,"3,00023972"
7761681,"2,99618441"
7761677,"3,00031877"
7761657,"3,00008593"
7761661,"3,00011998"
7761676,"2,00000253"
7761665,"3,00010497"
7761675,"3,00007791"
7761656,"2,99993307"
7761671,"2,99936948"
7761673,"2,99941482"
7761648,"2,99997464"
77616494,"2,00026258"
77616641,"2,99970548"
7761662,"2,99987286"
77616643,"2,99941028"
7761666,"3,00000173"
7761663,"2,99646514"
77616642,"3,00009879"
7761628,"2,99986665"
7761626,"3,00006421"
77612473,"1,99973546"
77612472,"1,99989134"
77612491,"2,99448460"
77612423,"3,00016148"
7761241,"1,99992022"
7761245,"2,00019741"
7761243,"2,00013178"
77612421,"3,00032596"
77612422,"3,00017318"
7761239,"1,99999147"
7761251,"2,04895180"
77612521,"1,99991028"
7761238,"2,00000866"
7761237,"1,99999597"
77612471,"2,00100562"
77612311,"1,99992656"
77612312,"1,00006613"
7761233,"1,99859671"
77612313,"1,99991100"
7761235,"2,00004936"
77612181,"0,99992064"
77612523,"2,00041956"
77612522,"1,99986418"
77594982,"2,99999542"
77594983,"1,00001830"
77612563,"1,00001177"
775949743,"1,00004971"
77594985,"1,00005623"
77612363,"0,99998622"
77594984,"1,00004414"
77594947,"0,99996221"
775949742,"0,99999383"
77612362,"1,00011951"
77612345,"2,00006604"
77612361,"1,00002366"
77612341,"1,00016590"
77612342,"1,00013737"
77612343,"1,00000472"
77612562,"1,00005337"
77594945,"1,00016109"
77594946,"0,99993418"
775949723,"1,00008422"
775949722,"0,99990328"
77594935,"1,00013520"
775949441,"0,99976506"
77594934,"0,99996921"
77594943,"1,00028552"
77594942,"0,99998257"
775949443,"1,00009073"
775949442,"1,00000001"
775949445,"1,00006268"
775949444,"0,99998498"
77612185,"1,00001821"
77612344,"1,00009286"
77594927,"0,99996772"
77594924,"1,00002058"
7778595,"4,60148407"
7778593,"0,00000000"
77785971,"0,00000000"
777859741,"0,00000000"
77785973,"0,00000000"
7758159,"0,00000000"
77581541,"0,00000000"
77581543,"3,00207075"
77581542,"1,00002636"
77581521,"2,00003260"
7758163,"0,99998156"
7758175,"2,00023552"
7758166,"1,00001498"
7758177,"1,99994261"
7758162,"0,00000000"
7758181,"1,00000041"
7758164,"0,00000000"
7758165,"0,00000000"
77581671,"1,00005056"
7758176,"1,99996829"
77581941,"1,00026152"
7758193,"1,99972102"
7758195,"2,00003861"
7758173,"0,00000000"
7758157,"0,00000000"
7758171,"1,99998532"
7758191,"0,00000000"
7758192,"0,00000000"
7758161,"0,00000000"
775812293,"3,00000782"
7758174,"2,00018790"
7758172,"3,00003118"
77581942,"1,00001193"
77581228,"2,99984656"
77581227,"0,00000000"
775812291,"0,00000000"
7759283,"2,99993997"
7758147,"1,00003854"
77581461,"0,00000000"
77581463,"0,00000000"
77581423,"1,99994500"
7759295,"5,00000399"
7758196,"1,00010003"
77581673,"0,99996953"
7758183,"0,99988237"
7758182,"0,99996790"
77581523,"1,00006529"
7758149,"1,00000219"
77581466,"0,99998728"
7758148,"0,99999463"
77581545,"2,99997951"
775812951,"0,00000000"
775812952,"0,00000000"
7758198,"2,99973529"
775812295,"1,99999060"
77581296,"0,00000000"
775812991,"1,00006901"
77581943,"0,99998927"
77581298,"0,99989318"
7758314,"0,99990695"
775812953,"0,00000000"
77581297,"0,99999183"
775812294,"2,99996949"
775812292,"2,99999445"
7758313,"1,99990494"
77581293,"0,00000000"
77581442,"1,00007287"
77581432,"1,00012319"
77581672,"1,00006807"
7758197,"2,00015321"
77581992,"0,99995504"
77581993,"0,00000000"
77582111,"2,00027377"
77581991,"0,00000000"
7758315,"0,00000000"
7758311,"0,00000000"
77581452,"1,99976650"
77581443,"0,99999900"
77581451,"2,00008017"
77581522,"0,99985839"
77581453,"1,99993907"
77581544,"0,99993887"
77581415,"1,99977753"
77581433,"1,99903979"
77581413,"2,00043055"
77581441,"1,00007714"
77581431,"2,00015713"
77581412,"0,99998809"
77581411,"2,00020720"
77581414,"2,99989938"
7759223,"3,00001436"
7759224,"0,00000000"
7759227,"2,99967307"
775925,"2,99989605"
7759273,"4,99996162"
7759222,"4,99982510"
7759293,"0,00000000"
7759281,"0,00000000"
77581421,"2,99997589"
775947225,"3,00003177"
7759243,"0,00000000"
7759271,"0,00000000"
7759262,"0,00000000"
7759291,"0,00000000"
7759226,"3,00002786"
7759282,"3,00005728"
7759241,"0,00000000"
7759261,"0,00000000"
7759225,"2,99994882"
77581422,"0,00000000"
7759292,"0,00000000"
7759263,"0,00000000"
7759272,"0,00000000"
7759294,"2,99991183"
775923,"5,00011049"
7759221,"0,00000000"
775947223,"3,00002739"
775947224,"2,99992177"
775921,"0,00000000"
775781493,"1,99987340"
7758332,"2,00007342"
775812993,"0,99999343"
775782381,"0,00000000"
775782383,"1,99991331"
775782382,"1,00004342"
77578236,"3,00014914"
775781492,"2,99986576"
77581292,"0,00000000"
77581294,"0,00000000"
775812992,"0,99998703"
7758333,"0,00000000"
7758331,"2,00075940"
7758168,"0,99974879"
77582114,"1,99980104"
7758185,"1,00010439"
775947672,"0,99995601"
775947673,"0,99994015"
775947681,"1,00008161"
775947691,"0,99991406"
77594788,"0,99995919"
775947891,"0,99999852"
775947892,"0,99996864"
775821223,"0,99985103"
77594931,"1,00003294"
77582123,"0,99998269"
775949171,"0,00000000"
77594916,"3,00023048"
775949133,"0,99988371"
775949135,"0,99998983"
775947697,"1,00000395"
77594919,"0,99960206"
775947692,"0,99998805"
775947893,"0,99994425"
77594918,"0,99992979"
77594932,"0,99998870"
775949172,"0,99994120"
775947695,"0,99967353"
775949173,"1,00005341"
775947682,"0,99995326"
77582121,"1,00000650"
775947683,"0,99997126"
77582119,"2,00003044"
775947696,"0,99989922"
775947693,"1,00058830"
775947694,"1,00001812"
77582118,"0,99996938"
7758169,"1,00010323"
77582115,"2,00008423"
77582117,"0,00000000"
77583235,"1,00000431"
77583231,"1,00003760"
77583232,"0,00000000"
7758321,"0,00000000"
7758325,"0,99976190"
77583234,"0,00000000"
77583233,"1,99999758"
77582113,"2,00004527"
7758184,"1,00024665"
7758312,"2,99996824"
7758322,"0,99995731"
77582112,"0,00000000"
775821222,"0,99987466"
775821221,"0,00000000"
77594933,"0,99939558"
7761654,"1,99991714"
7761655,"0,00000000"
7761653,"2,99995197"
7761624,"1,99994746"
7761644,"2,99991420"
7761652,"2,99983509"
7761647,"1,99979652"
77616491,"1,99994220"
77616424,"2,99984684"
77616462,"2,99985985"
7761645,"2,00008677"
77616461,"2,99979308"
7761643,"1,99977169"
77616463,"3,00031689"
77616464,"3,00002374"
77616413,"3,00019518"
77616423,"3,00303227"
77616421,"3,00163937"
77616493,"1,99998630"
776164221,"3,00021172"
7761627,"2,99843992"
7771871,"0,00000000"
7771843,"0,00000000"
7771845,"0,00000000"
777185,"0,00000000"
7771844,"0,00000000"
7771841,"0,00000000"
7771842,"0,00000000"
7771823,"0,99995731"
77716212,"0,00000000"
77716223,"3,00042934"
77718723,"0,00000000"
7771861,"0,00000000"
7771873,"0,00000000"
7771862,"3,00033983"
7771891,"0,00000000"
7771893,"0,00000000"
7771881,"4,99977964"
7771863,"2,99973166"
7771895,"2,99986476"
7771882,"5,00022073"
7771894,"0,00000000"
7771892,"0,00000000"
77718721,"0,00000000"
77718722,"0,00000000"
7771883,"3,00038177"
777183,"0,00000000"
7771822,"0,00000000"
7771821,"0,00000000"
777198,"0,00000000"
77716225,"2,99932437"
77716224,"3,00013636"
77716222,"2,00011851"
77716227,"4,99680787"
7772363,"4,99990382"
7772312,"0,00000000"
7772361,"3,00001325"
7771912,"0,00000000"
7771934,"0,00000000"
7771922,"0,00000000"
7771932,"0,99915474"
777194,"0,00000000"
777196,"0,00000000"
7771992,"0,00000000"
7771921,"0,99944106"
777181,"0,00000000"
7771923,"0,00000000"
777176,"0,00000000"
777174,"0,00000000"
777178,"2,99985087"
777172,"2,99959820"
775947442,"1,00005301"
775947443,"1,00002671"
77594692,"0,99998577"
77612154,"2,99973514"
77594826,"0,99994165"
775948522,"1,00000545"
77594824,"1,00002431"
77594841,"0,99994761"
77594697,"0,99998266"
775948523,"0,99999717"
77594682,"0,99993315"
77594842,"1,00000849"
77594683,"1,00000522"
77594748,"1,00005212"
77594844,"0,99998334"
77594853,"1,00006098"
775947495,"0,99996741"
77594845,"1,00004650"
77594827,"1,00000159"
77594843,"1,00010684"
77594822,"1,00000889"
775947491,"1,00001229"
775947473,"0,99997739"
7759483,"0,00000000"
775947492,"0,99999594"
775947462,"0,00000000"
775947463,"0,00000000"
77594794,"0,00000000"
77594823,"0,00000000"
775948121,"0,00000000"
77594813,"0,00000000"
775948122,"0,00000000"
775947493,"1,00003423"
775947475,"0,99993826"
77594821,"0,00000000"
775947464,"0,00000000"
77594811,"0,00000000"
775947474,"0,00000000"
775948123,"0,00000000"
775948521,"0,00000000"
77594825,"0,00000000"
77594851,"0,00000000"
775947465,"2,00005332"
775947472,"0,00000000"
77594694,"1,00012565"
77594696,"0,99997183"
77594695,"0,99996045"
77594693,"1,00007558"
775947494,"1,00005793"
77758937,"2,99999792"
7775895,"0,00000000"
77758936,"3,00044250"
7775897,"0,00000000"
77758941,"0,00000000"
77758942,"0,00000000"
77758943,"0,00000000"
77758935,"2,99989547"
77758991,"0,00000000"
77758932,"2,99965953"
77758933,"2,99975538"
77758931,"3,00006254"
7775886,"5,00007784"
7775882,"2,99988032"
7775891,"2,99957243"
77758921,"2,99662727"
7774521,"2,99995511"
7774262,"2,99970034"
777435,"4,99888873"
777451,"4,99989924"
7774523,"0,00000000"
7774522,"0,00000000"
7774263,"0,00000000"
7774524,"0,00000000"
777455,"0,00000000"
777453,"5,00017630"
777454,"0,00000000"
777434,"5,00047294"
777431,"5,00018003"
777433,"0,00000000"
777432,"4,99977383"
7774432,"5,00082695"
777441,"5,00032597"
77582184,"3,00031622"
77582186,"1,99989038"
77584523,"2,00001475"
77584522,"0,99988379"
77582322,"0,99999870"
77584527,"0,99998646"
77584525,"0,00000000"
77584526,"1,00003250"
77584524,"1,00006797"
7758447,"1,00006516"
7758448,"0,99994478"
77582185,"2,00009233"
77582196,"2,99995367"
77582183,"1,99985608"
77582181,"2,00006120"
775823123,"0,00000000"
775823122,"3,00009825"
775823121,"1,00002138"
775821992,"2,99980752"
77582323,"0,99997342"
77582321,"0,00000000"
77582326,"1,00007432"
77582325,"1,00003665"
77582324,"1,00006475"
7758449,"1,00003765"
77582332,"0,00000000"
77582327,"0,99994951"
77612184,"0,99992363"
77612183,"0,99970645"
77612182,"0,99999314"
77594893,"0,99995612"
77594892,"1,00001467"
776121563,"0,99999842"
775948623,"0,99996182"
776121562,"2,00004820"
776121561,"2,00030363"
77594865,"0,99995718"
77594864,"1,00004614"
7759487,"1,00009580"
77594891,"1,00013560"
77594882,"0,99998543"
77594883,"1,00003024"
77594881,"0,99963127"
77594885,"1,00002698"
775949262,"1,00001240"
77594884,"1,00007402"
77594914,"0,99998868"
77594863,"0,99995319"
775948621,"0,99996533"
775948622,"0,99994233"
775949263,"1,00004050"
77594861,"0,99981202"
77594923,"1,00022245"
77594922,"1,00004910"
77594925,"0,99998618"
77594921,"0,99937944"
775949261,"1,00376690"
77594915,"1,00045063"
775949136,"0,99995144"
775949137,"0,99991759"
775949134,"1,00000968"
777413,"0,00000000"
777415,"0,00000000"
7774121,"0,00000000"
7774122,"5,00113420"
7775296,"4,99988473"
7774125,"5,00072164"
7775123,"5,00018362"
7775122,"0,00000000"
7774124,"0,00000000"
7775297,"0,00000000"
7775295,"4,99929348"
7774123,"0,00000000"
777411,"0,00000000"
776197,"0,00000000"
7761962,"0,00000000"
776198,"0,00000000"
776211,"3,00018261"
7763316,"1,99986420"
7762211,"0,00000000"
7763313,"0,00000000"
7762122,"0,00000000"
776217,"0,00000000"
776215,"0,00000000"
7763315,"0,00000000"
776311,"5,00043207"
7762121,"3,00001276"
776315,"0,00000000"
776316,"0,00000000"
7762221,"0,00000000"
776213,"2,99994503"
7763311,"0,00000000"
7762123,"0,00000000"
776317,"0,00000000"
776216,"0,00000000"
7762314,"2,99985145"
776313,"2,99924000"
776314,"0,00000000"
776214,"3,00011914"
776312,"1,00001843"
7761965,"0,00000000"
7762124,"0,00000000"
7761967,"0,00000000"
7762222,"0,00000000"
776199,"0,00000000"
77622681,"0,00000000"
77622675,"0,00000000"
77622691,"0,00000000"
7762265,"0,00000000"
7762284,"0,00000000"
77622633,"0,00000000"
77622671,"0,00000000"
77622683,"3,00007069"
77622672,"0,00000000"
77622673,"0,00000000"
77622674,"3,00007988"
776244383,"3,00007856"
77622682,"0,00000000"
7762215,"0,00000000"
7762231,"0,00000000"
7762213,"0,00000000"
7762214,"0,00000000"
7762232,"0,00000000"
7762311,"0,00000000"
7762243,"2,99996030"
7762313,"0,00000000"
7762245,"2,99990975"
7762233,"2,99986384"
7762312,"0,00000000"
7762342,"1,99997215"
7762225,"3,00005817"
7762223,"0,00000000"
7762252,"0,00000000"
7762229,"1,00003986"
7762224,"0,00000000"
7762244,"2,99991922"
7762242,"3,00014793"
7762251,"0,00000000"
776227,"3,00009996"
7762255,"3,00040873"
7762292,"5,00009130"
7762291,"3,00022069"
7762253,"3,00142193"
7762241,"3,00120373"
77622994,"4,99930291"
77624418,"2,99992056"
77622945,"0,00000000"
77622941,"0,00000000"
77622991,"0,00000000"
77622944,"4,99961972"
776244323,"3,00022802"
77622993,"0,00000000"
77622942,"0,00000000"
776244325,"3,00016183"
77622943,"0,00000000"
77622992,"4,99994899"
7762297,"0,00000000"
7762298,"3,00005677"
7762293,"0,00000000"
77622995,"5,00043976"
7762295,"0,00000000"
7762296,"0,00000000"
7762261,"3,00009568"
7762282,"0,00000000"
77622832,"1,00004789"
77622833,"2,99994363"
7762281,"3,00012470"
77622831,"0,00000000"
7762254,"1,00002960"
77622623,"0,00000000"
77622622,"1,99995974"
77622621,"0,00000000"
7763212,"0,00000000"
776179842,"1,00007259"
776179841,"0,00000000"
77617985,"0,00000000"
7763211,"0,00000000"
77617986,"0,00000000"
77617983,"0,00000000"
7762285,"3,00027785"
77624436,"2,99997964"
7762289,"2,99996832"
776244324,"2,99985019"
7762288,"0,00000000"
7762286,"0,00000000"
7762287,"0,00000000"
776244322,"2,99981930"
7778995,"0,00000000"
7778996,"0,00000000"
7778997,"0,00000000"
77789935,"0,00000000"
7762884,"0,00000000"
7762886,"4,99990811"
7762887,"4,99990324"
77789934,"0,00000000"
77624993,"5,00077671"
7778994,"0,00000000"
77789913,"4,99964725"
7778999,"0,00000000"
77789933,"0,00000000"
77789931,"0,00000000"
77789932,"0,00000000"
7778992,"0,00000000"
7778985,"0,00000000"
7778983,"0,00000000"
77789912,"0,00000000"
77628963,"4,99979530"
77586171,"0,00000000"
77586173,"0,00000000"
77586172,"0,00000000"
77586181,"0,00000000"
775856991,"0,00000000"
77585697,"0,00000000"
77586185,"3,99985890"
77585694,"0,00000000"
77564842,"2,99982029"
77564822,"4,00039253"
77585682,"0,00000000"
775856996,"0,00000000"
77585696,"4,00003675"
77586182,"3,99966575"
77585698,"0,00000000"
775856994,"0,00000000"
77585695,"0,00000000"
77586122,"0,00000000"
77564892,"2,99969454"
775856992,"0,00000000"
7758563,"0,00000000"
7756488,"2,99993850"
7756462,"3,99995693"
77564843,"2,99987951"
77585693,"0,00000000"
775856913,"0,00000000"
775856995,"0,00000000"
77564893,"2,99996617"
77564812,"3,00005835"
77564823,"2,99995558"
77585651,"0,00000000"
775856911,"0,00000000"
77585683,"0,00000000"
7758567,"0,00000000"
77585641,"0,00000000"
77585643,"0,00000000"
77585642,"0,00000000"
77585681,"0,00000000"
775856993,"3,99948114"
77585653,"0,00000000"
775856997,"0,00000000"
7756465,"0,00000000"
7756449,"4,00000494"
77585692,"3,99982645"
77585732,"0,00000000"
7758561,"0,00000000"
775856912,"0,00000000"
7758566,"0,00000000"
77585622,"0,00000000"
7758578,"0,00000000"
77585652,"0,00000000"
77585621,"0,00000000"
77586131,"0,00000000"
77586152,"0,00000000"
77586134,"0,00000000"
77586153,"0,00000000"
77586151,"0,00000000"
77586141,"0,00000000"
77586121,"0,00000000"
77585792,"0,00000000"
77586161,"0,00000000"
77586111,"0,00000000"
77586132,"0,00000000"
77586154,"0,00000000"
77586135,"0,00000000"
77586113,"0,00000000"
77586123,"0,00000000"
77586155,"0,00000000"
77586133,"0,00000000"
77586112,"0,00000000"
775873,"0,00000000"
7758742,"0,00000000"
77586143,"0,00000000"
7758714,"0,00000000"
7758712,"0,00000000"
77586142,"0,00000000"
7758825,"0,00000000"
77586162,"0,00000000"
77586163,"0,00000000"
7758822,"0,00000000"
7758652,"3,99977905"
7758657,"0,00000000"
7758656,"3,99929565"
7758651,"0,00000000"
7758653,"0,00000000"
7758626,"4,00026560"
7758619,"0,00000000"
775863,"0,00000000"
7758623,"0,00000000"
7758627,"0,00000000"
7758622,"0,00000000"
7758625,"0,00000000"
7758624,"0,00000000"
7758655,"0,00000000"
7758621,"0,00000000"
7758662,"3,00013493"
7758642,"0,00000000"
7758645,"0,00000000"
77566529,"3,00021641"
7758641,"0,00000000"
77586462,"0,00000000"
7756497,"3,00004568"
77586183,"0,00000000"
7758647,"3,99590198"
7758643,"0,00000000"
7758644,"0,00000000"
77586184,"0,00000000"
7758761,"0,00000000"
7758817,"0,00000000"
7758813,"0,00000000"
7758791,"0,00000000"
7758741,"0,00000000"
7758745,"0,00000000"
7758823,"0,00000000"
77587921,"0,00000000"
7758821,"0,00000000"
7758744,"0,00000000"
7758816,"0,00000000"
77587923,"0,00000000"
77587922,"0,00000000"
775877,"0,00000000"
7758815,"0,00000000"
7758824,"0,00000000"
7758743,"0,00000000"
775875,"0,00000000"
7758919,"3,30064212"
77589163,"0,00000000"
7758931,"3,62822898"
77588337,"0,00000000"
7758835,"0,00000000"
77588336,"0,00000000"
7758934,"2,99606424"
7758918,"4,00025412"
77588363,"0,00000000"
77589161,"0,00000000"
7758917,"0,00000000"
77588361,"0,00000000"
77588332,"0,00000000"
7758831,"0,00000000"
77588335,"0,00000000"
77588343,"4,00003359"
7758665,"3,00024122"
77588334,"0,00000000"
77588331,"0,00000000"
77588341,"0,00000000"
77588333,"0,00000000"
77588321,"0,00000000"
77588322,"0,00000000"
77588323,"0,00000000"
7758664,"2,99987985"
7758814,"0,00000000"
77589162,"0,00000000"
7758785,"4,01544689"
7758793,"0,00000000"
7758915,"0,00000000"
7758913,"0,00000000"
7758783,"0,00000000"
7758911,"0,00000000"
7758811,"0,00000000"
7758914,"0,00000000"
7758781,"0,00000000"
7758912,"0,00000000"
7758812,"0,00000000"
77587273,"0,00000000"
775872763,"4,04926644"
7758765,"4,03126371"
7758763,"0,00000000"
7758762,"4,04236514"
77587272,"0,00000000"
775872762,"0,00000000"
77587271,"0,00000000"
77587274,"0,00000000"
77589222,"3,99729986"
7758764,"0,00000000"
77587264,"0,00000000"
7758782,"0,00000000"
77589223,"4,96428886"
7758784,"0,00000000"
77587293,"0,00000000"
775872951,"0,00000000"
775872941,"0,00000000"
775872952,"0,00000000"
775872943,"0,00000000"
77587297,"0,00000000"
775872953,"3,00053406"
775829693,"3,00014070"
77587296,"0,00000000"
775829643,"3,01209495"
77587298,"0,99991966"
775872993,"0,00000000"
77582966,"3,00023711"
775872991,"3,00022622"
775872992,"0,00000000"
77587285,"4,02634814"
775872761,"0,00000000"
77589243,"4,96060347"
77587283,"0,00000000"
77589256,"4,99991000"
77587275,"0,00000000"
77589263,"3,95009205"
77587291,"0,00000000"
775872823,"0,00000000"
77589242,"4,99642110"
77589262,"4,99669411"
775872822,"0,00000000"
77587277,"0,00000000"
77587284,"4,04443729"
775872821,"0,00000000"
77587281,"0,00000000"
77588342,"0,00000000"
7758692,"2,96886506"
7778935,"0,00000000"
77789341,"0,00000000"
7778936,"0,00000000"
777892,"0,81452376"
7778931,"0,00000000"
7778932,"0,00000000"
7778933,"0,00000000"
77789343,"0,00000000"
77789342,"0,00000000"
77824765,"0,00000000"
77824764,"0,00000000"
77824772,"0,00000000"
7778938,"5,00027269"
7778937,"0,00000000"
77824782,"0,00000000"
77788312,"4,93408540"
7778939,"0,00000000"
7778951,"4,99912874"
7778952,"3,06570234"
7778981,"0,00000000"
7778974,"5,00120516"
7778973,"4,99998784"
77789911,"5,00022532"
7778975,"0,00000000"
7778984,"0,00000000"
7778982,"4,99996556"
77789622,"5,00028465"
7762897,"5,00013902"
77789623,"0,00000000"
77628962,"4,99953619"
77789627,"4,99990233"
77789621,"0,00000000"
77789626,"0,00000000"
7778965,"5,00023243"
77629483,"4,99995213"
77824926,"4,99939853"
7778969,"4,99998214"
77789624,"4,99997390"
7778971,"4,99993613"
77789625,"0,00000000"
77789612,"5,00094291"
77824775,"0,00000000"
77824773,"0,00000000"
77824774,"0,00000000"
77824781,"0,00000000"
77824761,"0,00000000"
77824753,"0,00000000"
778247422,"0,00000000"
77824771,"0,00000000"
77824741,"0,00000000"
77824763,"0,00000000"
77824784,"0,00000000"
77824791,"0,00000000"
77824793,"0,00000000"
77824911,"0,00000000"
77824792,"0,00000000"
77824783,"0,00000000"
778249121,"4,96715707"
77824914,"2,71927751"
77824811,"0,00000000"
778249131,"1,85538753"
77789674,"4,99964511"
778249123,"5,00007606"
77824924,"4,99999790"
778249122,"5,00047508"
77824922,"4,99997266"
778247423,"0,00000000"
77824748,"0,00000000"
77824786,"0,00000000"
77789672,"4,99999071"
7778966,"4,99980573"
77824785,"4,99983198"
7778964,"4,99913835"
77824787,"0,00000000"
77789611,"4,99997421"
777894,"5,00001391"
7756411,"3,00001357"
7756395,"3,00010061"
7756391,"3,00010667"
7756351,"3,00008420"
775633,"2,99924721"
77562112,"3,00001316"
7756352,"3,00002661"
775631,"3,00102997"
775637,"3,00013833"
77562113,"3,71848206"
7756353,"3,00001081"
77562111,"3,20976613"
775632,"3,00004699"
77562121,"2,99967696"
7756199,"2,99978335"
77562115,"3,38622280"
77562131,"3,68330296"
7756345,"3,99991508"
77563483,"3,98728257"
77561986,"0,00000000"
7756343,"0,00000000"
77561672,"0,99998653"
7756347,"3,99985384"
77563481,"3,99972218"
7756341,"3,99939987"
7756381,"2,99999319"
77561981,"3,99990460"
7756349,"3,99647949"
7756382,"2,99996477"
77561983,"0,00000000"
7756383,"4,00028854"
77561674,"3,03338241"
7756394,"4,00030002"
77563482,"0,00000000"
7756344,"3,00006875"
7756342,"0,00000000"
77561987,"0,00000000"
7756346,"2,99987380"
77561985,"0,00000000"
7756413,"2,99994157"
77564143,"4,00035085"
77561694,"3,02491168"
7756421,"2,99992830"
7756422,"2,99977972"
77564142,"3,00008646"
77564141,"0,00000000"
77561695,"3,04291140"
7756384,"4,00018505"
7756385,"3,99994960"
7756387,"2,99992948"
77561691,"3,00010713"
7756386,"3,99982211"
7756424,"3,99986048"
7756415,"2,99987880"
7756423,"3,99971934"
7756431,"2,99997206"
77565633,"2,99998028"
7756435,"3,00011656"
7756436,"3,00001866"
77565634,"4,00006003"
77565632,"0,00000000"
77564121,"3,00008575"
77564123,"2,99997675"
7756437,"2,99929606"
7756562,"0,00000000"
7756434,"3,00016237"
77564122,"3,99986452"
7756433,"2,99983838"
775617871,"3,32247754"
77561786,"2,99982334"
77561781,"3,00090232"
77561783,"3,55680231"
77561789,"3,61483131"
7756179,"3,00041932"
775617875,"3,73771090"
77561656,"3,00006973"
77561912,"2,99988263"
77561785,"3,50576653"
7756192,"4,00007201"
7756197,"3,00001491"
77561941,"3,01292686"
7756193,"2,98890425"
77561984,"4,00019867"
77561913,"2,99989592"
7756196,"3,00096229"
77561982,"2,99997906"
7756195,"2,99935113"
775617874,"2,99999721"
77561788,"2,99986196"
775617873,"3,30793263"
77561911,"2,99946776"
7756432,"4,00001316"
7756445,"2,99972654"
7756442,"4,00005561"
7756444,"4,00018261"
7756443,"3,00002324"
77564461,"3,99973471"
7756441,"2,99997795"
7756451,"3,00013504"
7756491,"3,00006394"
77564811,"3,00148408"
7756477,"3,00252724"
7756454,"2,99998696"
7756479,"3,00007518"
7756447,"3,00022582"
7756472,"2,99999402"
7756461,"2,99974382"
7756463,"2,99974624"
7756478,"3,00005267"
7756564,"4,00011584"
77565654,"0,00000000"
7756474,"3,00002623"
7756464,"2,99989345"
7756453,"2,99996746"
7756455,"0,00000000"
7756566,"3,00000832"
7756471,"2,99891055"
7756476,"2,99990841"
7756473,"2,99979004"
7756452,"2,99995006"
7756475,"3,00043647"
77564841,"3,00025535"
7756485,"2,99984277"
7756487,"0,00000000"
77564891,"3,00016327"
77564821,"0,00000000"
7756483,"3,00002722"
7756486,"2,99999778"
7756493,"3,00012023"
7756495,"3,00201139"
77564813,"3,00063976"
77564921,"3,00001936"
7756496,"2,99989206"
7756494,"2,99999116"
7756568,"3,00014250"
77564922,"3,00003214"
77565635,"0,00000000"
77565655,"2,99983328"
77565653,"2,99993623"
77565651,"0,00000000"
7756567,"2,99985304"
775829453,"5,00073766"
775829455,"0,00000000"
775829454,"3,99984512"
775829433,"0,00000000"
77582942,"3,99999799"
77582922,"5,00012614"
77582924,"5,00011313"
775829451,"4,00025575"
77582941,"4,42072678"
775829431,"3,97294207"
775829452,"3,00014328"
775829441,"0,00000000"
77582928,"4,99945366"
77582949,"4,10800498"
77582927,"4,99828702"
77582946,"4,97879494"
77638893,"4,02202180"
775829456,"4,87391469"
77638622,"4,94671690"
77638892,"4,07623835"
77638625,"4,99985170"
77582947,"0,00000000"
775829457,"0,00000000"
77582948,"3,99973604"
775829446,"3,99966638"
775829447,"4,99771906"
77638949,"4,99991178"
775829443,"0,00000000"
7758294423,"4,06584772"
7758294421,"0,00000000"
775829444,"4,99966848"
77638946,"4,99947606"
775829445,"0,00000000"
77638624,"4,99968009"
77582812,"4,99916977"
77582923,"3,99976021"
7758293,"0,00000000"
7758291,"2,99991782"
77582921,"3,99975750"
77582811,"3,00019193"
77624633,"5,00021412"
77624632,"4,99967089"
77624631,"0,00000000"
77624621,"4,99980487"
77624656,"4,99984947"
7762475,"5,00000323"
7762461,"5,00037110"
77624721,"4,99920445"
77624651,"4,99974261"
77624652,"4,99986439"
77624913,"0,00000000"
77624654,"4,99977334"
77624655,"4,99964699"
77624641,"4,99976182"
77624912,"4,99933943"
7762473,"5,00037915"
7762471,"5,00010265"
77624653,"4,99954797"
77624911,"4,99890227"
7762477,"4,99959893"
77624583,"5,00001392"
77624642,"5,00011891"
776244267,"3,04675396"
77624622,"4,99990419"
776244266,"4,99996702"
77624623,"0,00000000"
77624593,"5,00011935"
77624591,"5,00057500"
776245692,"3,11344857"
77624624,"5,00018543"
77624625,"5,00001221"
7762442623,"3,18840968"
776244842,"0,00000000"
776244283,"3,10210728"
776244843,"5,00027614"
7762442622,"3,07569195"
77624662,"3,01288190"
77624643,"5,00016596"
77624657,"4,99830829"
77624658,"5,00066277"
776244243,"3,03089909"
77624568,"2,99983471"
776245693,"3,96926047"
776244242,"3,01454470"
77624723,"4,99966430"
77634923,"0,00000000"
77634921,"3,10771744"
7763869,"4,95887589"
7763482,"0,00000000"
7763483,"0,00000000"
7763484,"3,04583229"
77634922,"0,00000000"
7763868,"4,99163391"
77634971,"0,00000000"
7763495,"0,00000000"
7763496,"0,00000000"
77634973,"0,00000000"
7763493,"0,00000000"
77634941,"0,00000000"
7763476,"0,00000000"
77638642,"4,99511905"
7763485,"3,04678451"
77638643,"4,98412145"
7763481,"0,00000000"
7763866,"4,97176087"
7763445,"5,00007725"
77634322,"0,00000000"
7763433,"0,00000000"
77634424,"0,00000000"
7763436,"0,00000000"
7763431,"0,00000000"
77634321,"0,00000000"
77634422,"0,00000000"
77634423,"0,00000000"
7763443,"0,00000000"
77634341,"0,00000000"
7763441,"0,00000000"
77634421,"0,00000000"
7763451,"0,00000000"
7763435,"0,00000000"
7763437,"0,00000000"
7763472,"0,00000000"
7763452,"0,00000000"
77638492,"4,98765554"
7763444,"0,00000000"
77634693,"0,00000000"
77634691,"0,00000000"
77634673,"0,00000000"
77634942,"0,00000000"
77634671,"0,00000000"
77634661,"0,00000000"
7763463,"0,00000000"
77634672,"0,00000000"
77632922,"0,00000000"
7763283,"0,00000000"
7763465,"0,00000000"
77632923,"0,00000000"
7763296,"2,00002362"
7763462,"0,00000000"
7763464,"0,00000000"
77634614,"0,00000000"
77634611,"0,00000000"
7763455,"0,00000000"
7763491,"0,00000000"
77634612,"0,00000000"
77634345,"0,00000000"
7763474,"0,00000000"
7763454,"0,00000000"
7763478,"0,00000000"
77634613,"0,00000000"
77634615,"0,00000000"
77634344,"0,00000000"
77824984,"2,10453552"
77824925,"5,00006859"
77824927,"5,00025402"
7762949,"4,88843358"
7778968,"5,00079388"
77824981,"0,00000000"
77824923,"2,90908490"
77824982,"0,00000000"
77824983,"4,14549334"
77824921,"3,55713514"
77824915,"4,19991675"
77824918,"0,00000000"
77824919,"0,00000000"
778249133,"0,00000000"
7782493,"0,00000000"
77824917,"0,00000000"
77824916,"0,00000000"
77638947,"4,99981746"
77638944,"3,09650787"
77638948,"5,00025288"
775829934,"3,04668442"
775829923,"3,07924063"
7763888,"4,00130483"
77624952,"0,00000000"
77624922,"0,00000000"
77624923,"0,00000000"
77624835,"0,00000000"
77624834,"0,00000000"
77624831,"0,00000000"
77624832,"0,00000000"
77624837,"0,00000000"
7762485,"0,00000000"
77624833,"0,00000000"
77624931,"0,00000000"
77624915,"0,00000000"
77624921,"0,00000000"
77624914,"0,00000000"
77624954,"0,00000000"
77624761,"0,00000000"
77624811,"0,00000000"
77624812,"0,00000000"
77624813,"0,00000000"
77624933,"0,00000000"
77624934,"0,00000000"
77624932,"0,00000000"
77624937,"0,00000000"
776249361,"0,00000000"
77624935,"0,00000000"
7762482,"5,00047363"
7762474,"4,99990423"
77624762,"5,00012426"
77624763,"5,00064280"
776259783,"5,00007056"
776259782,"5,00040199"
776259774,"5,00041691"
77625994,"4,99991471"
77625996,"5,00036776"
77624836,"0,00000000"
7762484,"0,00000000"
7778953,"4,99642263"
77789613,"5,00025414"
7778963,"5,00024492"
77789671,"5,00013079"
77789675,"5,00101926"
77789673,"5,00157095"
7778972,"5,00041241"
7778872,"5,00000906"
7778836,"5,00008624"
7778882,"0,00000000"
7778894,"0,00000000"
77824751,"0,00000000"
7778787,"4,99549269"
778247162,"0,03779629"
7778786,"4,99889621"
77824752,"0,00000000"
7782473,"0,45022081"
778247163,"0,02128832"
77824762,"4,99980001"
77824743,"0,00000000"
778247493,"0,00000000"
778247421,"0,00000000"
77824812,"0,00000000"
7758935,"0,00000000"
7758933,"3,94219613"
7763863,"4,99033090"
7763887,"4,01062750"
77638891,"4,00727572"
7763479,"0,00000000"
7763471,"0,00000000"
7763475,"0,00000000"
7763477,"0,00000000"
77634343,"0,00000000"
7763473,"0,00000000"
7763453,"0,00000000"
775829651,"3,00026888"
775829652,"2,99995768"
775829653,"2,99951139"
775829635,"0,00000000"
77582796,"3,00002694"
7758295,"2,99997799"
775829631,"2,99990360"
775829613,"0,00000000"
775827863,"3,00012850"
775829632,"0,99996630"
775829611,"0,00000000"
775829612,"0,99999937"
775829633,"3,00006143"
775829634,"3,00068519"
775829622,"3,00019703"
775829642,"0,99989159"
775829621,"2,99970701"
775829623,"2,99991827"
775829641,"2,00003934"
77582971,"2,99996011"
77582984,"3,00024580"
775829811,"3,00001054"
77582989,"2,99990247"
775829812,"2,99957774"
77582967,"2,99987317"
77582968,"2,99974223"
775827862,"2,99996311"
77582988,"3,00022586"
775826993,"0,99998932"
775826991,"1,99955628"
775829692,"3,00014758"
775829691,"3,00018249"
77582667,"1,00000200"
77582788,"3,00013009"
7763312,"0,00000000"
7763333,"0,00000000"
776334,"0,00000000"
7763317,"0,00000000"
7763332,"0,00000000"
7763232,"0,00000000"
7763319,"0,00000000"
7763251,"0,00000000"
7763231,"0,00000000"
7763233,"0,00000000"
7763321,"0,00000000"
7763235,"0,00000000"
77632522,"0,00000000"
7763234,"0,00000000"
77632521,"0,00000000"
7763318,"0,00000000"
7763331,"0,00000000"
7763314,"0,00000000"
7763213,"0,00000000"
7763227,"0,00000000"
77632252,"1,00006181"
77632231,"0,00000000"
77632251,"0,00000000"
77632233,"2,00014065"
7763242,"0,00000000"
77632213,"0,00000000"
77632482,"0,00000000"
77632212,"0,00000000"
7763222,"0,00000000"
77632211,"0,00000000"
77632253,"1,99996906"
7763241,"0,00000000"
77632291,"0,00000000"
77632281,"0,00000000"
77632232,"0,00000000"
7763323,"0,00000000"
7763351,"0,00000000"
7763322,"0,00000000"
77624674,"0,00000000"
77624673,"0,00000000"
77624661,"0,00000000"
77624671,"0,00000000"
77624659,"0,00000000"
77624665,"0,00000000"
77624675,"0,00000000"
77624486,"0,00000000"
776244841,"0,00000000"
77624485,"0,00000000"
77624483,"0,00000000"
77624487,"0,00000000"
77624498,"0,00000000"
776244993,"0,00000000"
776244992,"0,00000000"
776244973,"0,00000000"
776244972,"0,00000000"
776244991,"0,00000000"
776244943,"5,00013063"
776244942,"0,00000000"
77624672,"0,00000000"
776249483,"0,00000000"
77624692,"0,00000000"
776249362,"0,00000000"
776249482,"0,00000000"
776249363,"0,00000000"
77624691,"0,00000000"
77624664,"0,00000000"
77624663,"0,00000000"
776244821,"0,00000000"
776244822,"0,00000000"
776244823,"0,00000000"
776244971,"0,00000000"
776244282,"5,00037256"
77624481,"4,99969281"
77624474,"3,02450759"
77624495,"0,00000000"
776244941,"0,00000000"
77624493,"0,00000000"
77624496,"0,00000000"
77624491,"4,99985476"
77629444,"4,88558946"
77629445,"4,99988837"
7762996,"4,35467797"
77629443,"0,00000000"
77629461,"5,00021747"
77629462,"4,99988522"
7762845,"4,99964028"
7762844,"4,98909648"
7762892,"4,03861928"
7762894,"5,00025533"
77629463,"5,00000484"
77629481,"0,00000000"
77629482,"4,99950435"
7762947,"5,00013502"
77824985,"0,00000000"
7762999,"1,45236814"
77629453,"5,00006130"
7762933,"3,00101075"
7762932,"4,99933443"
7762931,"3,00624495"
7762921,"3,52668215"
7762917,"3,00036700"
77628423,"4,99966335"
7762834,"0,00000000"
77629412,"4,99951293"
77628422,"0,00000000"
7762916,"4,99994243"
77629431,"5,00077649"
77629413,"4,99301881"
7762832,"0,00000000"
7762942,"4,99981226"
77629432,"4,99996730"
7762915,"4,54567566"
7762913,"4,69334368"
7762914,"4,14793659"
7762912,"4,99989574"
7762922,"0,11575493"
776262,"2,81066803"
776273,"5,00023518"
7762612,"4,99999568"
776271,"5,00010500"
7762721,"0,00000000"
77625999,"4,98925172"
7762611,"4,99878649"
7762613,"4,99951525"
776263,"1,62827762"
7762951,"2,09354446"
7762911,"4,36409870"
77629411,"4,98044509"
7762952,"0,00184067"
7762953,"1,31487374"
7762972,"4,95065429"
77629433,"4,99946215"
7762971,"1,55323140"
7762973,"3,15332887"
7762974,"2,36943809"
77629441,"5,00048336"
77629451,"5,00140167"
77629452,"5,00063771"
7762992,"0,04214630"
7762979,"0,00547642"
77629442,"4,92102119"
77629952,"0,05136224"
77629951,"0,06699717"
7762841,"0,00000000"
776285,"0,00000000"
776287,"5,00005649"
7762837,"0,00000000"
7762843,"0,00000000"
77628421,"0,00000000"
7762861,"5,00042983"
7762839,"0,00000000"
77628381,"0,00000000"
77628383,"0,00000000"
77628382,"0,00000000"
7762881,"5,00035025"
7762891,"4,99952357"
7762836,"0,00000000"
7762833,"0,00000000"
7762835,"0,00000000"
77624978,"0,00000000"
7762865,"0,00000000"
77624883,"0,00000000"
77624895,"0,00000000"
7762864,"4,99986036"
7762863,"0,00000000"
7762885,"5,00020136"
7762862,"0,00000000"
7762883,"5,00018135"
7762821,"0,00000000"
7762831,"0,00000000"
7762823,"0,00000000"
77582473,"1,99983853"
77582475,"0,00000000"
77582481,"0,00000000"
77582491,"0,00000000"
77582492,"0,00000000"
77582726,"0,00000000"
77582725,"0,00000000"
77582721,"0,00000000"
77582727,"0,00000000"
77582723,"0,00000000"
77582724,"0,00000000"
77582493,"0,00000000"
77582462,"0,00000000"
77582495,"0,00000000"
77582494,"0,00000000"
77582483,"0,00000000"
77582484,"3,00032210"
77582487,"0,00000000"
77582882,"3,06607152"
77582482,"3,09055753"
77582486,"0,00000000"
7758286,"3,98924922"
77582872,"4,97045298"
7758284,"3,00014453"
775827584,"0,00000000"
775827585,"0,00000000"
77582729,"3,04059503"
77582728,"0,00000000"
77582753,"0,00000000"
77582754,"0,00000000"
77582756,"0,00000000"
77582722,"0,00000000"
77582759,"0,00000000"
7758277,"0,00000000"
77582765,"3,00010552"
77582664,"3,00026345"
77582764,"0,00000000"
775827891,"0,00000000"
775827892,"0,00000000"
77582763,"0,00000000"
775827622,"0,00000000"
775827621,"0,00000000"
77582755,"0,00000000"
775827581,"0,00000000"
77582757,"0,00000000"
775827582,"0,00000000"
775827583,"0,00000000"
7758283,"3,00003581"
77582794,"3,06686436"
77582791,"0,00000000"
77582795,"0,00000000"
77582797,"0,00000000"
77582814,"4,98805450"
77582792,"0,00000000"
77582793,"0,00000000"
77582782,"0,00000000"
775827855,"0,00000000"
775827851,"0,00000000"
77582781,"0,00000000"
77582783,"0,00000000"
775827853,"0,00000000"
77582784,"0,00000000"
775827852,"0,00000000"
775827854,"0,00000000"
77582787,"0,00000000"
775827861,"0,00000000"
775827893,"0,00000000"
77582666,"1,00000106"
77624893,"0,00000000"
7762486,"0,00000000"
77624972,"0,00000000"
77624894,"0,00000000"
77624891,"0,00000000"
77624881,"0,00000000"
7762487,"0,00000000"
77624892,"0,00000000"
77624882,"0,00000000"
77627223,"0,00000000"
7762725,"0,00000000"
775829933,"3,00021004"
775829931,"2,99984004"
775829861,"2,99992010"
775829853,"3,00005587"
77582987,"3,00004810"
775829863,"3,00010622"
77589273,"3,98909772"
775829851,"0,00000000"
77582983,"3,00060851"
775829852,"2,99988390"
77582972,"3,00006582"
77582973,"2,99839759"
775829813,"0,00000000"
7758294422,"3,00001753"
77582991,"3,00018345"
775829432,"0,00000000"
775829825,"3,00125932"
775829822,"2,99980592"
775829824,"3,06502358"
775829932,"2,99971637"
775829821,"3,00006892"
775829823,"2,99956872"
775829951,"3,00433007"
775829828,"2,99991834"
775829827,"2,99827311"
775829826,"2,99982949"
775829921,"0,00000000"
775829922,"3,99983700"
775829862,"3,00010099"
7758298291,"2,99983780"
775829952,"0,00000000"
775829935,"0,00000000"
77624419,"3,00003457"
776244311,"3,00019043"
776244211,"3,00093380"
776244122,"3,00023642"
776244132,"2,99988683"
776244171,"2,99991188"
776244173,"3,00015513"
776244315,"0,00000000"
776244314,"3,00015874"
77624433,"3,00004964"
776244313,"3,00074522"
776244321,"0,00000000"
776244351,"3,00091725"
776244353,"2,99967884"
776244213,"2,99791989"
776244226,"2,99991294"
776244312,"5,00001762"
77624451,"2,99995342"
776244223,"2,99857920"
776244221,"3,00157438"
776244224,"2,99997293"
776244222,"5,00064634"
77624434,"2,99997966"
776244352,"3,00008166"
776244274,"2,99988881"
776244293,"3,00016289"
7762442271,"3,00018425"
776244229,"2,99998519"
7762442273,"2,99976267"
7762442272,"2,99966638"
776244225,"0,00000000"
776244231,"2,99952697"
776244228,"3,00018359"
776244272,"3,00003938"
776244235,"3,00036014"
776244291,"3,00039635"
776244234,"2,99988558"
776244275,"3,00023719"
7762442333,"2,99980810"
77624425,"3,00009764"
7762442332,"5,00030672"
776244276,"3,00041199"
7762442331,"2,99971203"
776244239,"0,00000000"
776244271,"0,00000000"
776244277,"3,00375684"
776244279,"2,99874392"
776244273,"2,99965237"
776244237,"0,00000000"
776244172,"2,99983013"
776244236,"3,00020110"
776244212,"2,00004915"
776244232,"3,00001240"
77624471,"2,99997732"
776244241,"0,00000000"
776244238,"2,99988120"
77624468,"3,00015232"
77624466,"2,99989220"
77624492,"2,99986405"
77624464,"4,99991633"
776244763,"3,00008834"
77624473,"3,00003079"
77624472,"2,99997756"
776244762,"3,00021755"
77624477,"5,00000056"
776244761,"3,00004102"
77624475,"5,00123753"
776244614,"3,00008403"
776244632,"2,99984170"
776244612,"3,00014290"
776244292,"2,99975770"
77624441,"3,00012302"
77624439,"2,99996018"
776244381,"2,99852995"
776244631,"3,00013249"
776244613,"2,99966330"
77624437,"3,00049352"
77624453,"3,00057202"
776244615,"2,99980032"
776244611,"3,00001287"
776244382,"2,99978714"
77624446,"3,00009788"
77624445,"2,99949941"
77624443,"2,99929171"
77624444,"2,99992103"
776244633,"3,00159074"
776244651,"2,99951341"
776244261,"2,99984033"
776244264,"3,00002265"
7762442621,"3,00009335"
776244265,"3,00060042"
776244263,"2,99987301"
776244278,"2,99998684"
776244281,"2,99997087"
775615,"3,00027452"
77561397,"3,03863987"
7756141,"2,99965889"
775789262,"2,99989377"
7756171,"3,00013498"
77561393,"3,94263321"
77561641,"2,99986280"
775789263,"4,99991850"
7756162,"2,99997524"
77561383,"3,00014322"
7756176,"3,00009517"
77561372,"0,00000000"
775789242,"5,00017984"
77561721,"2,99992280"
77561632,"2,99996157"
77561396,"4,83123532"
7756173,"2,99997574"
77561642,"3,00000150"
77561382,"3,00006006"
77561782,"3,00006126"
77561391,"4,55471944"
7756175,"2,99992562"
775789243,"0,00000000"
77561395,"3,40197699"
7756174,"3,00015991"
77561381,"3,00017840"
7756161,"3,00037831"
77561633,"3,00009463"
77561631,"3,00007065"
7756177,"0,00000000"
77561373,"3,10457978"
775789261,"2,99981836"
7756181,"2,99809091"
775617222,"3,00036622"
77561723,"2,99844341"
77561422,"2,99987713"
77561725,"3,01913484"
7756183,"2,99999919"
77561429,"3,01462152"
77561724,"3,00007628"
77561851,"3,00001304"
775617221,"3,00084806"
775617223,"3,00000381"
77561426,"2,99999883"
7756143,"3,00610124"
77561421,"2,99956861"
77561451,"3,80517790"
77561428,"3,00009697"
77561423,"3,00001376"
77561427,"2,99944563"
77561425,"2,99978370"
77561424,"3,00008763"
77561441,"3,91792270"
7756184,"2,99998685"
775621221,"2,99965175"
77562114,"2,99982517"
77561943,"3,00005844"
7756182,"2,99998604"
77561942,"2,99994237"
775621223,"2,99994315"
77561663,"0,00000000"
77561665,"3,00002963"
77561677,"3,00000100"
77561681,"3,00002471"
77561671,"2,99991481"
77561692,"3,00003227"
77561675,"2,99989922"
77561659,"2,99989193"
77561657,"0,00000000"
77561683,"3,00000722"
77561682,"3,00001721"
77561667,"3,00466280"
77561673,"3,00001843"
77561666,"2,99985045"
77561676,"2,99983431"
775616691,"0,00000000"
77561653,"0,00000000"
77561668,"2,99986397"
77561693,"2,99909124"
77561662,"2,99993078"
77561654,"3,00012541"
77561652,"2,99988281"
775617872,"3,00014923"
77561784,"2,99995460"
775826981,"0,00000000"
775826992,"1,00005503"
77582665,"0,99996501"
77582692,"0,99996600"
775826952,"2,99999986"
77582661,"1,00029090"
77582663,"0,00000000"
7758663,"2,99912976"
7758691,"3,00014787"
7758661,"2,99986842"
775867,"2,99999419"
7758681,"3,00005279"
7762893,"5,00080103"
7762882,"5,00069992"
7762895,"4,99978789"
77628961,"5,00027908"
7762811,"0,00000000"
7762812,"0,00000000"
7762723,"0,00000000"
77627221,"0,00000000"
77627222,"0,00000000"
7762724,"0,00000000"
776259972,"4,99982917"
776259973,"5,00031793"
7762822,"0,00000000"
7762813,"0,00000000"
7763373,"0,00000000"
77634141,"0,00000000"
77634143,"0,00000000"
77634142,"0,00000000"
7763363,"0,00000000"
7763365,"4,00004184"
7763362,"0,00000000"
7763391,"0,00000000"
77632525,"0,00000000"
77632524,"0,00000000"
7763361,"3,00012661"
7763375,"0,00000000"
77634144,"0,00000000"
7763364,"3,00006671"
7763245,"0,00000000"
77632441,"0,00000000"
776324421,"0,00000000"
7763246,"0,00000000"
77632555,"0,00000000"
7763259,"0,00000000"
77632572,"0,00000000"
7763291,"3,00002828"
7763243,"0,00000000"
7763253,"0,00000000"
77632571,"0,00000000"
77632491,"0,00000000"
77632443,"0,00000000"
7763294,"2,99987798"
7763247,"0,00000000"
77632561,"0,00000000"
77632481,"0,00000000"
776324423,"0,00000000"
77632573,"0,00000000"
77632563,"0,00000000"
77632552,"0,00000000"
77632551,"0,00000000"
77632553,"0,00000000"
77632562,"0,00000000"
7763258,"3,00003322"
77634145,"0,00000000"
7763427,"0,00000000"
77632542,"0,00000000"
77632543,"0,00000000"
77632541,"0,00000000"
77632523,"0,00000000"
7763268,"0,00000000"
7763267,"0,00000000"
7763266,"0,00000000"
7763282,"0,00000000"
7763269,"0,00000000"
77634243,"0,00000000"
7763265,"0,00000000"
7763262,"2,99996783"
7763264,"2,99963209"
7763263,"0,00000000"
77634342,"0,00000000"
7763281,"0,00000000"
776327,"0,00000000"
7763261,"0,00000000"
77632921,"0,00000000"
7763293,"0,00000000"
77632554,"0,00000000"
7763295,"0,00000000"
7763297,"3,00053031"
77634241,"0,00000000"
7763423,"0,00000000"
7763425,"0,00000000"
7763421,"0,00000000"
7763422,"0,00000000"
7763415,"0,00000000"
77634242,"0,00000000"
7763426,"0,00000000"
776324422,"0,00000000"
77632445,"0,00000000"
776259797,"5,00000104"
77625991,"4,97438549"
77625981,"4,99981886"
77625992,"4,98988414"
776259765,"0,00000000"
776259764,"0,00000000"
776259763,"0,00000000"
77625984,"0,00000000"
776259791,"5,00079747"
776259792,"5,00019388"
776259775,"4,99969553"
77625985,"0,00000000"
77625993,"5,00077853"
776259781,"5,00017286"
776259795,"4,99942688"
776259793,"4,99974353"
776259794,"4,99969907"
776259796,"4,99990906"
776259771,"4,99344463"
776259773,"4,99258795"
77625995,"5,00015133"
77625998,"5,00019355"
776259971,"5,00028993"
77625983,"4,93579903"
7762651,"1,23238431"
77625982,"4,99957504"
7762652,"0,07024875"
776259732,"4,99991268"
776259772,"4,99999536"
77589293,"0,00000000"
77582998,"0,00000000"
77589282,"0,00000000"
7758298292,"2,99994437"
7758298293,"3,00000130"
77589283,"5,00048382"
77589281,"4,99993761"
77638641,"5,00000794"
7763865,"3,99973890"
77638623,"4,99981765"
7763867,"5,00035500"
7763846,"4,99997695"
7762997,"1,08244690"
7758285,"3,00022427"
77582873,"0,00000000"
77582821,"4,00011032"
77582871,"2,99979665"
77582823,"0,00000000"
77582815,"0,00000000"
77582813,"0,00000000"
77589291,"0,00000000"
77589292,"0,00000000"
77589258,"4,92532610"
77589271,"0,00000000"
77589272,"4,88760447"
77589255,"4,99996166"
775892511,"5,00040333"
77589259,"0,00000000"
7758923,"4,99978696"
77589254,"4,94190508"
77589211,"4,99860028"
7758932,"4,96918467"
77589253,"0,00000000"
775892512,"0,00000000"
775892513,"5,00048965"
77589252,"0,00000000"
77589257,"0,00000000"
77589213,"5,00028346"
77589212,"4,99991340"
77589261,"0,00000000"
77589241,"5,00007117"
77589221,"5,00017796"
77624722,"5,00022117"
77558293,"2,97499857"
775614423,"0,00000000"
775614422,"0,00000000"
7755828,"2,99998502"
77561445,"4,89627389"
77558292,"5,00003374"
77558278,"5,00016786"
77558291,"2,98097191"
77561443,"5,00034365"
775614421,"3,00013342"
77561394,"4,99989256"
775582794,"0,00000000"
775582793,"2,99062908"
77561392,"4,99993668"
77561444,"4,98790645"
77785721,"0,00000000"
77823786,"4,99994324"
77823787,"4,99999709"
7782394,"5,00030017"
7778592,"4,99983686"
7778594,"0,00000000"
778237822,"5,00060407"
778237825,"4,99988939"
778237824,"5,00000070"
77785722,"0,00000000"
77785723,"5,00001738"
77823784,"4,99977830"
77823764,"4,99987262"
77823765,"5,00040844"
77823727,"4,99953922"
7778596,"0,00000000"
77785972,"0,00000000"
77824293,"5,00009580"
77785976,"4,99981357"
77824272,"4,99996410"
77824292,"4,99925070"
7778552,"0,00000000"
777854,"5,00000973"
7782348,"4,99984604"
77823423,"5,00024573"
77823493,"0,00000000"
77823963,"4,99986514"
7782425,"4,99981719"
7782422,"4,99984486"
77785984,"4,99966226"
77785985,"4,99976337"
77785983,"5,00016266"
77785981,"5,00028196"
7782346,"5,00002455"
77823422,"5,00068156"
77798229,"5,00002691"
7778269,"0,00000000"
778226,"0,00000000"
7778294,"0,00000000"
7778295,"0,00000000"
7778296,"0,00000000"
7778297,"0,00000000"
7778267,"0,00000000"
7778266,"0,00000000"
7778265,"5,00021611"
77782641,"0,00000000"
77782643,"0,00000000"
7778268,"0,00000000"
77798228,"4,99976354"
77798226,"4,99973432"
7779866,"5,00052302"
7779896,"0,00000000"
7779867,"0,00000000"
777982272,"5,00032500"
77782642,"0,00000000"
7778293,"0,00000000"
7782294,"0,00000000"
77822933,"0,00000000"
77822932,"0,00000000"
7782286,"0,00000000"
77822931,"0,00000000"
77822992,"0,00000000"
7782295,"0,00000000"
77822993,"0,00000000"
77822991,"0,00000000"
7782298,"0,00000000"
7782287,"0,00000000"
7782297,"0,00000000"
77823185,"5,00033673"
7782284,"0,00000000"
7782296,"0,00000000"
7778283,"0,00000000"
7782292,"0,00000000"
77782921,"0,00000000"
7778291,"0,00000000"
7778532,"0,00000000"
7778281,"0,00000000"
7778512,"0,00000000"
77782922,"0,00000000"
77782923,"0,00000000"
7778282,"0,00000000"
77823324,"4,99990426"
77823914,"4,99995043"
77823916,"5,00031031"
7782416,"4,99996174"
7782421,"4,99969785"
77823785,"4,99953352"
77823783,"5,00022129"
778237821,"4,99976412"
7782377,"4,99935694"
778237823,"0,00000000"
7782343,"0,00000000"
77823421,"0,00000000"
77823492,"4,99963982"
77823491,"0,00000000"
7782347,"0,00000000"
77823725,"0,00000000"
77823723,"4,99990335"
77823724,"4,99985673"
77823722,"4,99981918"
77823726,"4,99996624"
77823721,"4,99945859"
77823763,"0,00000000"
77823762,"4,99951858"
77823751,"5,00006256"
77824511,"5,00174765"
77824512,"5,00080013"
7782433,"5,00073582"
7782437,"5,00033259"
7782439,"4,99931121"
77824421,"5,00011981"
77824422,"4,99993537"
77824443,"5,00017471"
77824442,"4,99999372"
7782443,"4,99985940"
7782445,"4,85701189"
77824265,"5,00006745"
77824423,"4,99954468"
77824441,"0,00000000"
7782441,"5,00037778"
77824262,"4,99981958"
7782424,"5,00023739"
7782438,"5,00014192"
77824513,"5,00162517"
7782434,"4,99981604"
77824531,"4,99977066"
77824533,"5,00115408"
77824551,"4,99929317"
77824532,"5,00015242"
77824552,"4,99990616"
77824583,"4,87147600"
77824273,"4,99991726"
7782428,"5,00027027"
77824261,"0,00000000"
77824263,"5,00056895"
77824291,"0,00000000"
77824271,"0,00000000"
77824264,"5,00018936"
7782423,"4,99917181"
7782457,"4,99762406"
77824591,"0,00000000"
77824592,"0,00000000"
77824553,"5,00023333"
77824593,"1,54406644"
77824581,"4,87486413"
77824582,"2,34797518"
77824594,"0,00000000"
77824714,"0,00622960"
7782447,"4,39661627"
7782446,"4,99991405"
7782449,"5,00004095"
77785987,"5,00013426"
7778745,"4,99971239"
7782448,"4,81244659"
7778784,"4,99992613"
7778785,"4,99804846"
7778742,"5,00024811"
7778743,"4,99963282"
7778783,"5,00019103"
7778794,"4,88769927"
7778782,"5,00043844"
77798422,"4,99998539"
7779821,"4,99966536"
7779831,"5,00000973"
7779813,"0,00000000"
77798424,"5,00000054"
77798425,"0,00000000"
7779847,"0,00000000"
7779848,"5,00019921"
77798491,"5,00019994"
77798493,"4,99967840"
77798492,"5,00036617"
7779812,"4,99978425"
7779811,"0,00000000"
77798222,"4,99970434"
77798224,"4,99991113"
777982251,"5,00010917"
77798223,"5,00147156"
77798221,"4,99896711"
77798252,"0,00000000"
7779823,"5,00002569"
77798251,"0,00000000"
777942,"0,00000000"
777943,"0,00000000"
77796,"4,99931437"
777941,"0,00000000"
777949,"0,00000000"
777948,"0,00000000"
77792,"0,00000000"
777947,"0,00000000"
777946,"0,00000000"
7778221,"0,00000000"
7778224,"4,99933340"
7778231,"4,99990382"
7778222,"0,00000000"
7778225,"5,00004581"
7778223,"4,99880177"
777944,"0,00000000"
777945,"0,00000000"
777972,"4,99949655"
7778123,"4,99963615"
777912,"0,00000000"
7778122,"5,00068102"
7779824,"0,00000000"
77798253,"5,00007088"
7779826,"5,00027122"
77798255,"0,00000000"
7778227,"4,99977634"
7778232,"5,00003348"
77798254,"0,00000000"
7779828,"0,00000000"
777982253,"4,99978298"
77798293,"4,99988227"
77798291,"0,00000000"
77798292,"0,00000000"
777982252,"5,00028587"
7778242,"0,00000000"
7778241,"5,00001271"
777982271,"5,00028306"
777982273,"4,99862119"
7778243,"5,00011415"
7778263,"0,00000000"
7778262,"4,99979394"
7778252,"5,00002120"
77782612,"0,00000000"
7778271,"5,00005267"
77782723,"5,00001154"
77782722,"0,00000000"
77782721,"0,00000000"
7779827,"0,00000000"
7778226,"0,00000000"
7778253,"0,00000000"
77782611,"0,00000000"
77782613,"4,99949519"
7778251,"0,00000000"
77785982,"5,00002123"
77785986,"4,99980663"
77785992,"4,99942326"
7778744,"4,99983627"
775611,"0,00000000"
77561253,"0,00000000"
7756126,"0,00000000"
77561251,"0,00000000"
77558263,"2,99991778"
77558264,"1,00002846"
77561271,"0,00000000"
77558261,"3,00007857"
77558262,"4,99948096"
77561319,"0,00000000"
77561318,"0,00000000"
77561343,"0,00000000"
77561222,"0,00000000"
77561223,"0,00000000"
77561321,"0,00000000"
77561323,"0,00000000"
77561272,"0,00000000"
77561221,"0,00000000"
77561252,"0,00000000"
77561275,"0,00000000"
77561314,"0,00000000"
77561316,"0,00000000"
77572242,"0,00000000"
775613511,"0,00000000"
77572223,"0,00000000"
77578443,"0,00000000"
775613512,"0,00000000"
775724,"0,00000000"
775728,"0,00000000"
7757642,"0,00000000"
7757262,"0,00000000"
77578442,"0,99996411"
775747,"0,00000000"
77561353,"0,00000000"
77561355,"0,00000000"
775725,"0,00000000"
77561352,"0,00000000"
775727,"0,00000000"
775613513,"0,00000000"
7757641,"0,00000000"
7757643,"0,00000000"
775613571,"0,00000000"
7757261,"0,00000000"
77561356,"0,00000000"
775729,"0,00000000"
7757263,"0,00000000"
77561317,"0,00000000"
77561315,"0,00000000"
775741,"0,00000000"
775743,"0,00000000"
7757233,"0,00000000"
7757522,"0,00000000"
775754,"0,00000000"
775745,"0,00000000"
7757521,"0,00000000"
7757523,"0,00000000"
775746,"0,00000000"
775721,"0,00000000"
775744,"0,00000000"
7757231,"0,00000000"
775742,"0,00000000"
7757232,"0,00000000"
7757225,"0,00000000"
77561312,"0,00000000"
77561332,"0,00000000"
77561333,"0,00000000"
77561331,"0,00000000"
7757228,"0,00000000"
77572221,"0,00000000"
77572241,"0,00000000"
7757223,"0,00000000"
7757226,"0,00000000"
7757229,"0,00000000"
77572243,"0,00000000"
7757227,"0,00000000"
77572222,"0,00000000"
7757221,"0,00000000"
77561342,"0,00000000"
77561341,"0,00000000"
77561322,"0,00000000"
77561354,"0,00000000"
775582795,"0,00000000"
77561359,"0,00000000"
7756135782,"0,00000000"
775582756,"2,99986368"
775582758,"0,00000000"
77558276,"3,00012110"
775582755,"3,00001637"
77558277,"0,00000000"
77558828,"3,00003025"
775582792,"4,99989633"
77561358,"0,00000000"
775582759,"0,00000000"
775613579,"0,00000000"
775582791,"0,00000000"
775582757,"3,00008984"
77561371,"0,00000000"
77558829,"3,00002276"
775588275,"5,00014050"
77558862,"0,00000000"
77561274,"0,00000000"
77561291,"0,00000000"
77561273,"0,00000000"
775784451,"0,00000000"
775613572,"0,00000000"
77561293,"2,99992238"
77561282,"0,00000000"
77561292,"4,99992314"
775613574,"5,00001664"
77578444,"4,99998121"
775613573,"0,00000000"
77561281,"0,00000000"
775613575,"2,99991174"
77561283,"0,00000000"
77561363,"0,00000000"
775613576,"3,00013343"
77578467,"4,99961920"
775784472,"3,00019296"
7756135781,"0,00000000"
77578786,"0,00000000"
77561362,"4,99980756"
775613577,"3,00039517"
775784471,"2,99991962"
77578785,"4,99986164"
77578448,"1,00009346"
77578449,"5,00015943"
775784473,"3,00001504"
77561361,"0,00000000"
77561365,"2,99985766"
775787295,"2,99923883"
77561364,"0,00000000"
77578446,"0,99998553"
77578787,"0,00000000"
775787292,"0,00000000"
77578466,"4,99968053"
775784453,"0,00000000"
775784452,"5,00022491"
775588274,"3,00022287"
775582753,"2,99985045"
77558266,"5,00025740"
775588273,"2,99980310"
775582754,"3,00001431"
77558267,"2,99999256"
77558824,"3,00017183"
7756135783,"5,00026299"
77558265,"2,99993348"
775582752,"4,99987827"