COBACIA,ire_cs_pec_eco
7761879,"2,9988967"
7761881,"3,0002089"
7761877,"2,9993400"
77618781,"2,9998871"
7761882,"5,0001461"
776188421,"5,0003295"
77618783,"3,0001282"
7761883,"3,0009159"
77617296,"4,9995311"
776188423,"5,0001770"
77618841,"3,0006253"
7761876,"2,9999497"
77618747,"4,9997196"
7761885,"3,0003378"
7761892,"3,0000813"
7761896,"3,0000431"
77618741,"3,0001836"
77618951,"2,9998947"
7761875,"2,9999197"
7761891,"2,9998913"
77618952,"4,9997918"
7761893,"3,0004265"
77618746,"5,0000288"
7761842,"3,0001942"
7761846,"3,0001163"
77618723,"3,0000069"
77618717,"2,9998495"
77618721,"2,9997970"
77618722,"4,9995299"
77618712,"4,9994503"
77618782,"3,0001197"
7761873,"3,0002752"
77618745,"5,0006314"
77618743,"5,0011104"
77618744,"5,0001911"
77618694,"1,9999772"
776187423,"4,9999538"
77618693,"3,0000101"
776187421,"2,9996949"
776187163,"2,9999745"
77618636,"2,9998994"
77618673,"3,0000877"
776187422,"3,0002226"
77618691,"3,0000998"
77618672,"3,0003860"
77618863,"2,9999362"
77618862,"4,9999051"
77618861,"2,9999702"
777496,"5,0000689"
7761888,"3,0004938"
7761887,"3,0000922"
777498,"4,9999482"
77618942,"5,0001922"
77618941,"2,9999101"
77618653,"3,0004720"
77618671,"3,0031798"
776187162,"3,0001072"
77618661,"3,9958239"
77618641,"2,9994492"
77618652,"2,9996008"
77618714,"4,9995955"
77618681,"4,9999896"
77618651,"3,0003964"
77618643,"3,0002272"
776183893,"2,9999565"
77618634,"3,0001049"
77618398,"2,9998919"
7762266,"4,9998609"
77618711,"2,9998050"
7761862,"3,0000283"
77618384,"2,9999908"
77618631,"3,0000304"
77618633,"3,0001597"
77618637,"2,9994290"
77618635,"3,0000148"
77618642,"3,0000359"
77622692,"3,0002777"
77618632,"2,9998498"
7761861,"2,9999623"
776183992,"2,0000802"
776185,"2,9996209"
77618665,"4,9998677"
77618667,"5,0002603"
77622693,"1,0000164"
77617297,"3,0000638"
777282,"5,0002901"
777283,"5,0000751"
777295,"4,9999837"
77618492,"2,9999249"
77618493,"3,0001621"
77617295,"3,0000153"
77617294,"5,0000525"
7761897,"2,9995221"
77618955,"2,9997187"
776189542,"2,9998462"
77618953,"3,0003868"
77618983,"3,0000574"
776189541,"3,0006013"
77618991,"2,9999503"
776189543,"5,0000864"
77618992,"5,0000600"
77618995,"4,9997560"
77618982,"2,9998791"
77618981,"3,0045460"
77618696,"2,9998306"
77618945,"5,0000645"
77618943,"4,9957172"
77618944,"5,0004288"
7776498,"3,0124992"
77618994,"4,9998702"
77618993,"4,9997107"
77618895,"3,0000810"
77618894,"2,0003457"
77618844,"4,9997403"
77618891,"2,9988137"
77618892,"2,0004682"
77618845,"2,9999807"
77618893,"2,9232033"
77618715,"2,9996709"
77618713,"3,0001194"
776187161,"2,9741625"
7761841,"2,9998775"
77618843,"2,9938551"
776188422,"4,9999016"
7761844,"3,0002401"
7761845,"2,9987596"
7761843,"2,9994342"
77618396,"3,0000399"
77618365,"1,9999884"
776183943,"1,0000027"
776183994,"4,9993981"
776183995,"2,9998517"
77618491,"3,0003463"
7761847,"2,9993579"
7761848,"3,0000695"
7761271,"1,9998478"
776125993,"2,0000700"
77612611,"0,9996382"
7761281,"2,9999720"
77612751,"3,0079382"
77614972,"3,0001117"
7761277,"2,9998623"
77614973,"3,0000853"
77614943,"3,0001318"
77612741,"1,0002006"
77612742,"1,0000169"
77614942,"3,0001578"
7761273,"1,9998587"
7761276,"2,9998036"
77612753,"2,9998947"
77612752,"1,9999745"
77612743,"0,9999929"
77612613,"1,0000115"
7761263,"0,9999232"
77612781,"2,0125241"
77612785,"1,9999931"
77612783,"1,9998710"
7761265,"0,9999297"
77612782,"1,9999726"
77612934,"3,0000613"
775824243,"2,9998446"
77612933,"3,0118925"
77612932,"3,0000874"
77612935,"2,9998397"
77612784,"3,0000602"
7761268,"1,0000200"
77612931,"3,0003741"
77612583,"0,9999682"
77612582,"1,0000662"
77612542,"1,0000617"
77614914,"2,9998359"
77612545,"1,0000182"
77612621,"1,0000037"
7761266,"0,9999839"
7761264,"1,9999521"
775823825,"3,0000803"
77612598,"1,0000102"
77612581,"0,9999851"
77612612,"0,9998733"
775822993,"1,0000871"
77612596,"2,0000462"
776125991,"2,0000099"
776125972,"2,9997292"
77612595,"1,9998571"
776125992,"0,9999913"
776125973,"2,0111280"
776125971,"2,0001523"
77612541,"1,0000270"
77612591,"1,9996722"
77612593,"2,0018257"
77612592,"0,9998331"
7761257,"1,9999772"
77614916,"3,0001997"
7761272,"1,0000662"
77612543,"0,9999975"
77582245,"0,9999836"
77582298,"0,9999252"
775822425,"2,9998931"
77582244,"1,0000452"
77612622,"0,9999118"
77612623,"2,0000678"
775822972,"1,0000411"
775822992,"1,0000482"
77612594,"0,9999850"
775822974,"2,0000036"
77582296,"1,9996484"
7761255,"1,9999746"
7761253,"2,0000234"
77612561,"0,9998858"
7761478,"2,0000984"
77614913,"3,0001155"
77614912,"2,9999074"
77612544,"0,9999717"
7761267,"0,9988121"
7761269,"0,9999054"
775823893,"2,9999328"
775824242,"2,9996509"
77582643,"1,9996300"
77582651,"2,0021128"
77582645,"2,0001514"
775826442,"2,9996952"
77582642,"2,9997954"
775826443,"5,0002757"
77582622,"1,9999574"
77582646,"0,9999543"
775826441,"2,9997328"
775826251,"1,9998119"
775826252,"2,9998908"
775826236,"0,9999540"
77582652,"0,9999887"
77582647,"2,0000081"
77582635,"1,9998822"
77582747,"0,9999617"
77582653,"2,0001075"
77582654,"1,0000748"
77582655,"2,0001644"
77582641,"1,9987597"
77582634,"1,0000782"
77582633,"2,0002039"
775826825,"2,9999937"
775826263,"0,9999554"
77582648,"2,9997980"
775826821,"2,0000150"
7758549,"2,9999172"
775826262,"1,0000359"
7758267,"1,9999581"
77582649,"0,9999732"
77585295,"0,9999738"
77582656,"1,9997891"
77582745,"1,9999978"
77582743,"3,0471617"
77582741,"3,0019202"
77582742,"3,0000111"
77582744,"2,9999188"
77582631,"1,9999736"
775826232,"1,9997830"
775826212,"0,9999912"
77582612,"2,9998477"
77582613,"2,0001024"
775826213,"0,9998999"
775826231,"0,9984187"
775826211,"1,0020394"
77582632,"2,0000779"
77582712,"2,9998430"
77582751,"2,9998513"
77582746,"2,9997606"
77582713,"2,9999349"
77582715,"2,9999909"
775827623,"2,9998161"
77582711,"2,9999824"
77582761,"2,9999983"
77582611,"1,9997865"
7758273,"2,9984941"
77582752,"2,9997384"
7758259,"3,0000816"
77582714,"2,9999543"
77582696,"3,0000435"
775872662,"2,9999077"
775826953,"2,0001600"
77582694,"2,9997505"
77587292,"3,0000769"
77582689,"1,9999713"
775872942,"3,0001570"
775826983,"1,0000059"
775826951,"1,9999098"
77582697,"0,9999872"
77587268,"3,0001013"
775826982,"3,5864566"
775872663,"0,9999586"
77582686,"0,9999470"
77582685,"0,0000000"
775826833,"2,0001168"
77582687,"1,9997776"
77582688,"2,0000608"
77587269,"2,9998966"
77582684,"0,9999730"
77582691,"1,9999748"
77585863,"2,0000484"
77585862,"1,9999010"
77582693,"1,9998788"
775826831,"1,9951397"
775826832,"1,9999062"
77582681,"1,9997727"
77585845,"2,9999288"
77585844,"2,9999295"
77587243,"3,0000281"
77585852,"1,0000370"
77582657,"1,9998668"
77582662,"0,9999953"
775826824,"2,9997574"
77585883,"3,0000213"
775826822,"5,0002509"
7758548,"2,9997525"
775826823,"2,9997163"
7776581,"3,0002079"
7778692,"5,0000035"
7776632,"4,9998288"
7776633,"4,9999223"
777662,"5,0000457"
7776631,"5,0002021"
77765763,"2,9999539"
7776562,"3,0005221"
7776583,"2,9999820"
7776577,"3,0001114"
77765761,"3,0000512"
7776582,"3,0000663"
77765762,"5,0004316"
777849,"4,9999356"
7776565,"2,9999866"
7778483,"2,9998771"
777659,"2,9999742"
777661,"5,0004933"
77786916,"3,0000166"
777672,"5,0000370"
7776523,"3,0000009"
7776732,"4,9999160"
7776572,"4,9999808"
777671,"3,0000245"
7776532,"2,9999736"
7776731,"2,9999271"
7776763,"4,9999765"
7776733,"3,0003246"
7776741,"3,0001414"
777675,"3,0004313"
7776761,"5,0000393"
7776762,"5,0000597"
7778584,"3,0001016"
7778663,"3,0001834"
7778585,"4,9998104"
7778662,"3,0000433"
7776574,"5,0001171"
7776573,"3,0000818"
7776561,"3,0000160"
7776571,"2,9997854"
7776575,"3,0002743"
7775659,"4,9980488"
7775657,"4,9973004"
77756561,"5,0006821"
7775655,"5,0011000"
77756564,"4,9997393"
77756563,"5,0001185"
7775654,"2,9999261"
77756422,"4,9994546"
7775663,"5,0000116"
7775661,"5,0003212"
77756423,"4,9997312"
77756533,"4,9999549"
77756562,"2,9997119"
77756741,"4,9925380"
77756723,"3,0000128"
77756722,"5,0003592"
7775675,"4,9993549"
7775673,"5,0009897"
77756793,"5,0001568"
7775671,"4,9983769"
77756721,"3,0000626"
77756621,"5,0000693"
7775677,"5,0009987"
77756623,"5,0001468"
7775676,"2,9998024"
77756622,"5,0001505"
77756582,"3,0001221"
77756584,"4,9998595"
77756583,"5,0003526"
77758262,"4,9994474"
77756585,"5,0001998"
77756742,"5,0001023"
77756581,"3,0001420"
77756745,"4,9998114"
77756743,"5,0001472"
77756744,"5,0000777"
77758263,"4,9999355"
77758283,"4,9999707"
77756782,"4,9999039"
77756783,"5,0001900"
77758993,"4,9994830"
77758944,"5,0002866"
77758945,"4,9999801"
7775898,"5,0003463"
77756781,"5,0006645"
77756791,"4,7099384"
7775682,"4,9998988"
77756792,"4,9994652"
7774622,"4,9999795"
77756923,"5,0002221"
77756921,"4,9951775"
77756725,"2,9999146"
77756931,"5,0003111"
7775681,"4,9998316"
77756724,"5,0012030"
7774623,"4,9546313"
77756922,"4,9999133"
7775691,"4,9997377"
77756932,"5,0001271"
77758992,"5,0004451"
7775685,"4,9999432"
7775687,"5,0000430"
7775896,"5,0001170"
7775683,"5,0001043"
7776423,"2,9999768"
77756933,"5,0001073"
7775684,"5,0001696"
7775686,"5,0001469"
777469,"5,0000288"
7774495,"5,0005274"
7775666,"5,0001687"
7775667,"4,3889573"
7775664,"4,9998990"
7775648,"4,9998475"
7774621,"4,9759684"
777456,"5,0000323"
7775665,"3,0003778"
77756565,"4,9997457"
77756493,"4,9999601"
77756492,"4,9997266"
7775643,"3,0000267"
7775646,"5,0001192"
7775696,"4,9999941"
7775694,"4,9998163"
777465,"4,9999116"
7775698,"5,0000387"
7775699,"4,9999552"
777467,"4,9999249"
777466,"5,0003490"
77756952,"4,9998724"
7775697,"5,0031190"
77756951,"4,9989009"
77756953,"5,0008136"
77612891,"1,0000067"
7761288,"2,0000716"
77612893,"0,9999330"
77634663,"3,0001397"
77612943,"1,9998887"
7761292,"2,9999455"
77612942,"3,0000622"
7763468,"1,0000364"
77634662,"2,9996006"
77612892,"0,9998928"
77612821,"3,0006802"
7761287,"1,9997266"
77612822,"2,9998121"
77612823,"2,9999353"
77612852,"0,9998528"
7763298,"2,9995106"
7763299,"3,0002246"
7761286,"2,9999345"
77632444,"2,9999804"
77612853,"2,0000205"
7761498,"2,9999883"
77612851,"2,0005968"
77614976,"2,9998349"
77612833,"2,0000114"
77632446,"3,0002933"
7761284,"3,0001115"
77632447,"2,9997206"
77612831,"2,0026250"
77612832,"2,9994460"
77614975,"3,0000080"
77612941,"3,0000423"
77612961,"1,9996905"
77612964,"1,0000196"
77612962,"1,0000200"
77634692,"0,9999249"
77612963,"2,0000963"
7775611,"4,9973680"
777558,"4,9946687"
777572,"2,9995997"
7775612,"5,0001399"
77756325,"3,0000971"
77756324,"5,0002316"
77756323,"3,0001029"
7775633,"5,0002293"
7775634,"4,9998533"
77756321,"3,0004582"
77756322,"4,9995229"
77758236,"5,0000747"
77758232,"4,9998177"
77756327,"5,0003520"
7775561,"4,9991951"
7775613,"5,0002371"
7775631,"2,9998228"
7775621,"4,9995272"
7775542,"5,0001513"
7775562,"4,9999288"
7775563,"4,9996788"
77756222,"5,0002852"
77756326,"5,0000931"
77758242,"4,9997299"
77758243,"5,0000982"
77756532,"5,0002306"
7775652,"4,9998282"
7775639,"5,0004876"
7775637,"4,9991903"
77756363,"5,0002858"
77756362,"3,0001444"
77756531,"5,0017880"
7775651,"5,0002468"
7775635,"4,9995317"
77756361,"3,0002063"
7775638,"4,9995013"
7775641,"2,9991024"
7775625,"5,0002153"
7775623,"4,9999331"
7775626,"4,9998839"
7775624,"4,9999582"
77756421,"4,9987009"
7775645,"2,9997407"
77756221,"4,9963475"
77756227,"4,9997034"
77756226,"4,9996213"
77756225,"5,0003567"
77756223,"5,0007380"
77756224,"4,9999583"
7775543,"5,0002325"
7778556,"4,9998399"
7778554,"2,9999313"
7778563,"5,0000134"
777846,"4,9995960"
7778525,"5,0000977"
7778524,"5,0001123"
7778553,"3,0010650"
7778557,"2,9998794"
7778555,"2,9993756"
7778565,"4,9999191"
7778582,"3,0000846"
7778564,"3,0001409"
7778562,"2,9999638"
777847,"3,0003479"
7778559,"2,9996433"
7778561,"3,0005798"
7778558,"5,0002500"
7778571,"3,0007337"
7771343,"2,9999699"
7771471,"2,0001236"
7771327,"1,0000005"
77712121,"3,0004214"
7771211,"3,0017990"
7771312,"1,0000043"
77712122,"2,0000308"
77712123,"4,9996360"
77712124,"5,0003032"
77712125,"5,0000494"
7771213,"2,9991876"
7771321,"2,9989196"
7771461,"2,9984480"
77713893,"2,9999980"
777143,"2,0000831"
7771462,"3,0001445"
77713892,"4,9988875"
777122442,"4,9999054"
7771326,"5,0000521"
7771463,"3,0006141"
777145,"1,9998389"
7771464,"2,9999619"
777144,"1,9999714"
7771429,"3,0000180"
7771465,"2,9998835"
777122443,"3,0003010"
77713891,"5,0001007"
7771388,"2,9995268"
7771473,"2,9999800"
77712243,"2,9998280"
77712249,"2,9995105"
777122473,"3,0001974"
7771472,"3,0002287"
77712248,"5,0000110"
77712245,"2,9999133"
7771228,"2,9999792"
777122471,"2,9998984"
777122472,"2,9996329"
777122441,"4,9953443"
7771421,"2,9999455"
7771422,"3,0006257"
7771428,"4,9995140"
7771427,"3,0000988"
77712246,"3,0000215"
77712271,"2,9999397"
7771229,"3,0000046"
77712273,"2,9998342"
77712264,"4,9999901"
7771324,"4,9995079"
77712242,"4,9998371"
77712221,"5,0002630"
77712251,"3,0000290"
77712225,"4,9996980"
77712272,"4,9998116"
77712263,"3,0022128"
77712222,"5,0000652"
77712253,"2,9999815"
77712265,"2,9998559"
77712262,"3,0001048"
77712268,"2,9997774"
7771223,"3,0000551"
77712261,"2,9999813"
77712241,"2,9999010"
77712223,"4,9813276"
7771323,"2,9999553"
77712267,"2,9978846"
77712224,"5,0002533"
7771267,"3,0000491"
77712655,"2,9996189"
77712269,"2,9999274"
77712662,"3,0004551"
777125293,"3,0000218"
77712663,"2,9998918"
7771268,"3,0000900"
77712654,"3,0000400"
7771299,"1,9999848"
776137862,"3,0003685"
77712652,"1,9999487"
7771294,"0,9999789"
77613726,"2,9997980"
777125292,"3,0001296"
77712653,"2,9995830"
77613727,"3,0000602"
776137863,"3,0000908"
77712651,"2,9999354"
77712528,"2,9999360"
77712661,"2,9994273"
77712266,"5,0003359"
77613788,"2,9999005"
77712692,"5,0006972"
77712693,"2,9998634"
77712691,"3,0000283"
77712694,"3,0000179"
7771262,"2,9999732"
77712763,"1,0000306"
7771264,"3,0000271"
77712963,"2,0000347"
77712526,"2,9999898"
77712972,"0,9999587"
77712761,"1,9998040"
7771275,"2,0006788"
7771291,"2,0003249"
77712961,"1,0000521"
7771292,"3,0004023"
7771293,"2,0004136"
7771295,"2,0067357"
77712743,"3,0000192"
77712762,"1,9998434"
77712971,"1,9999371"
7771277,"1,9999804"
77712741,"2,9999571"
77712742,"2,9995518"
77712973,"2,0000524"
77712962,"1,9999741"
7771298,"2,9998184"
7771233,"2,9990412"
7771234,"2,9999241"
7771232,"2,9996699"
7771235,"3,0000919"
7771215,"2,9973091"
777125241,"3,0002200"
7771242,"4,9998894"
77712415,"2,9999992"
7771214,"4,9999475"
77712525,"2,9972342"
77712411,"3,0002340"
77712721,"2,9999650"
77712521,"2,9999162"
7771253,"3,0001819"
7771263,"2,9994406"
777125291,"3,0013632"
7771245,"2,9998863"
7771273,"2,0004094"
777125223,"2,9997272"
7771221,"3,0000089"
7771236,"4,9999048"
7771244,"2,9999841"
77712527,"3,0002068"
7771261,"3,0000335"
77712413,"2,9995741"
77712414,"4,9997119"
7771231,"3,0007743"
77712523,"2,9998741"
777125222,"4,9994403"
77712412,"5,0000841"
7771251,"3,0511575"
777125221,"2,9997059"
7771243,"3,0000994"
7771271,"2,0000439"
7771237,"3,0006070"
77712252,"3,0001816"
777125243,"4,9997070"
777125242,"2,9998091"
7771382,"0,9999943"
7771341,"2,9836698"
777141,"2,9999453"
7771387,"3,0033279"
7771383,"5,0011236"
7771384,"4,9999127"
7771385,"3,0002126"
77715253,"5,0009360"
7771542,"3,0000247"
7771528,"5,0002230"
77715222,"4,9998194"
77715221,"4,9927439"
7771524,"4,9999198"
7771527,"5,0000338"
7771529,"5,0002919"
77715251,"5,0017491"
7771543,"4,9999880"
7771526,"4,9997420"
7771425,"3,0011103"
77715223,"5,0003365"
7771424,"4,9996222"
7771523,"5,0004108"
7771423,"2,9994089"
7771426,"5,0005744"
77715252,"5,0002753"
7771642,"5,0000049"
7771521,"4,9756425"
7771643,"2,9998458"
77713861,"4,9999741"
7771363,"4,9999245"
7771362,"5,0001262"
7771342,"3,0001562"
7771361,"4,5603605"
7771381,"2,9954016"
7771325,"2,0000962"
7771322,"3,0003888"
77713863,"4,9998466"
7771541,"2,9805596"
77713862,"4,9998978"
7776253,"3,0000184"
7776271,"2,9997755"
7776273,"3,0000807"
7776261,"2,9999206"
7776272,"2,9999200"
7776365,"3,0000716"
777628,"3,0000097"
777629,"2,9999220"
7776352,"4,9997496"
7776251,"2,9999405"
7776353,"3,0001654"
7776362,"2,9998926"
7776351,"3,0000349"
7776252,"3,0000015"
7778365,"2,9999872"
7778364,"5,0001316"
7761811,"3,0003925"
776192,"3,0001033"
776193,"4,9960994"
776191,"5,0009314"
776194,"2,9999462"
776195,"3,0004430"
77617993,"4,9968668"
77617673,"2,0002430"
77617671,"2,0000128"
77617947,"5,0017875"
77618329,"0,9999889"
77617695,"1,0000066"
77617694,"2,9999753"
77617693,"1,9998319"
77617691,"2,0187634"
77617948,"5,0000278"
7761816,"4,9999081"
77618314,"3,0000259"
77618152,"5,0000147"
77617945,"5,0010921"
7761768,"3,0000928"
77618322,"1,0000852"
77617944,"2,9999202"
77617943,"3,0001398"
77617949,"4,9996547"
77617692,"3,0000957"
7761764,"4,9998240"
77618153,"3,0001554"
7761819,"2,9992705"
7761968,"4,9998570"
7761966,"4,9999802"
7761814,"4,9996412"
77617946,"4,9996248"
7761964,"3,0001259"
77618151,"3,0076220"
7761822,"5,0002975"
7761817,"2,9998724"
7761813,"3,0000665"
77618211,"3,0002262"
77618311,"3,0000510"
7761818,"5,0000824"
7761795,"5,0003433"
77617911,"4,9999315"
77617912,"5,0001889"
7761773,"5,0895092"
77617672,"2,9998819"
7761793,"5,0053431"
77617615,"2,9881311"
7761771,"4,9998905"
7761765,"2,9994549"
7761772,"3,0000054"
77617614,"3,0002072"
7761775,"4,2732985"
77617811,"3,0000683"
77617941,"2,9992832"
77617741,"4,9996601"
77617611,"3,0002219"
7761766,"2,9999897"
77617613,"2,9990877"
77617913,"5,0021789"
77617742,"4,9998466"
77617743,"4,9998253"
7761763,"3,0001182"
77617992,"3,0006490"
7761961,"2,9980658"
77617981,"4,9993210"
7761797,"5,0004125"
77617942,"5,0002900"
77617991,"5,0004301"
7761963,"5,0000884"
7761812,"5,0001516"
77617893,"3,0000406"
77617894,"4,9996360"
77614692,"3,0000697"
77614626,"3,0000969"
77617895,"3,0019720"
77614663,"3,0001674"
7761467,"3,0003006"
77617896,"5,0000130"
7761787,"3,0000063"
77617891,"2,9993786"
77614691,"3,0000374"
7761788,"2,9999958"
77614627,"2,9998685"
77632282,"5,0004161"
7761784,"2,9998949"
7761785,"2,9999938"
77617483,"2,0001345"
77632283,"3,0000786"
77617526,"3,0001853"
7761786,"2,9999030"
7763226,"1,0000099"
77617892,"1,0000775"
77632483,"3,0000609"
77632493,"2,0001354"
77632293,"0,9999626"
77632292,"2,0000479"
77632492,"2,9997640"
77617897,"1,9998358"
77618331,"2,9999407"
77618323,"2,9959002"
77618324,"3,0001050"
77618321,"2,0067375"
77618315,"2,9967110"
77618325,"1,9997705"
776183341,"2,0000273"
77618327,"0,9999942"
77618313,"3,0002226"
776183342,"0,9999621"
77618332,"5,0005362"
7761823,"3,0001373"
77618333,"3,0028224"
77618312,"2,9997748"
776172263,"1,0000143"
77618212,"2,9997380"
77618326,"3,0001067"
77618328,"1,0000433"
77618335,"3,0002112"
7761835,"2,9999868"
77618361,"2,0001461"
776172262,"2,9999415"
776183343,"1,0000495"
776183621,"4,9998989"
77617229,"2,9999624"
77618337,"2,9998766"
77618292,"3,0003825"
77618341,"2,9998913"
77618336,"2,9998631"
77618342,"4,9997762"
77618293,"2,9999992"
7761824,"3,0004089"
77617817,"3,0000251"
7761783,"2,9998084"
77617987,"3,0000254"
77617816,"5,0001266"
7763224,"0,9999776"
776175293,"3,0001167"
776179843,"2,9999613"
77617815,"2,9999411"
7761782,"2,9999406"
77617814,"2,9997639"
7761792,"1,9999598"
77617528,"2,0000789"
7761796,"5,0000268"
776175271,"3,0001550"
77617982,"2,9998845"
77617812,"3,0002837"
77617525,"2,9998205"
776175272,"2,9998337"
77617813,"2,9999570"
776175273,"2,9994556"
7761827,"3,0000397"
77618291,"2,9996445"
77618213,"2,9999205"
7761825,"3,0003819"
7761969,"5,0000935"
7761826,"2,9995653"
77618345,"2,9997917"
77618343,"3,0002063"
77618283,"3,0002279"
77618347,"3,0002048"
7762228,"0,9998907"
77622624,"5,0001497"
7762227,"2,0000395"
77622632,"5,0003809"
77622625,"4,9999973"
77622631,"2,9999907"
7762226,"2,9999552"
77618282,"5,0000355"
77618281,"2,9991907"
7762125,"4,9997203"
77582421,"1,0000383"
77582413,"1,9999385"
7758244,"2,9999964"
77582451,"1,9984594"
7758243,"0,0000000"
775823882,"2,9998798"
77582386,"0,9999959"
7758239,"2,9998057"
77582384,"1,0000419"
77582411,"1,9998398"
7758251,"3,0000527"
77582385,"1,9998521"
77582383,"2,0003656"
77582412,"3,0001735"
77582381,"1,9999919"
7758253,"2,9999113"
77582453,"2,0003474"
77582423,"2,9998496"
77582461,"2,9999491"
7758258,"2,9999199"
77582452,"2,9999676"
77582472,"1,9999981"
77582471,"1,9971658"
7758255,"2,9991029"
77582541,"0,9998190"
7758257,"3,0003570"
77582463,"3,0001824"
77582422,"2,0000121"
77582425,"2,9998203"
77582426,"0,9999982"
77582428,"3,0000616"
775824241,"3,0001337"
77582427,"3,0000988"
775824292,"2,9998794"
77582497,"1,0000716"
77582474,"2,9997150"
775824293,"3,0000866"
775824291,"2,9988662"
77582499,"3,0001800"
77582351,"2,9997182"
77582353,"2,9994056"
77582352,"2,0000298"
77582331,"2,9999622"
775823542,"1,0000792"
77582315,"3,0000816"
77582243,"1,0000839"
775823543,"1,0000425"
775823541,"2,0001064"
77582333,"2,9976234"
77582314,"0,9999836"
775823822,"0,9999053"
775823824,"2,9995718"
775823823,"3,0005319"
775823892,"0,9999035"
775826237,"1,0000959"
775826235,"1,0000947"
77582543,"1,0000005"
7758256,"0,9999940"
77582542,"0,9999688"
775826234,"1,0000472"
775826233,"0,9955621"
775826253,"0,9999126"
77582627,"0,9998768"
775826261,"1,0000501"
775826292,"2,0000591"
775826291,"1,0000333"
775826293,"1,9999020"
77582628,"1,0000723"
775852693,"2,9999060"
77582363,"1,9989471"
77582361,"1,9998384"
77582362,"2,9999864"
7758252,"2,0000318"
77582357,"2,9987275"
7758237,"3,0005173"
77582356,"3,0001049"
77582355,"2,9989037"
77582347,"2,9996346"
77582344,"1,9999822"
775826243,"0,9999627"
77582367,"2,0112949"
77582368,"2,9997632"
77582365,"2,0002046"
77582366,"1,0000350"
77582343,"3,0003274"
77582342,"1,0000035"
775848,"2,9999661"
77582346,"3,0001221"
77582341,"3,0000070"
77582345,"3,0018583"
775826242,"2,0000737"
77584942,"0,9998812"
7758499,"2,9999438"
77585266,"2,9999857"
77582369,"0,9999929"
77584913,"3,0000232"
7758497,"2,9999322"
7758496,"2,9999590"
7758493,"2,9998103"
775852643,"3,0000447"
7758464,"2,9997973"
7758495,"2,9990851"
7758492,"3,0000063"
77584941,"2,0000043"
77584912,"3,0001943"
77584943,"2,0000386"
7758498,"2,9998778"
7758472,"0,9999865"
7758463,"2,9998037"
7758467,"2,9997804"
7758461,"3,0973555"
7758455,"2,9999852"
77584911,"2,9999028"
7758465,"3,0000575"
77584621,"2,9996894"
7758471,"2,9997895"
77582364,"0,9999749"
7758473,"3,0002420"
77585268,"2,9998508"
775826241,"2,0000386"
775823821,"2,0000233"
775823881,"0,0000000"
775823883,"1,0000331"
775823891,"2,0002030"
77582387,"2,0000992"
7758354,"0,9996745"
77578272,"0,9999488"
7758352,"1,9998311"
77578253,"0,9998236"
77578256,"0,9999618"
775782422,"2,9999007"
77578255,"1,0001547"
77578257,"1,0000189"
77578252,"1,0000246"
7758351,"0,9999845"
77578243,"1,0000206"
775782541,"2,0034846"
775782423,"2,0002382"
77578251,"0,9999230"
775782741,"1,0002934"
775837,"1,9999416"
775782761,"1,0000284"
775782743,"0,9999852"
7758357,"1,0001783"
77578277,"0,9996739"
7758353,"0,9999909"
7758355,"0,9999559"
77578273,"0,9997184"
775782742,"0,9999558"
77578275,"1,0000852"
77578271,"1,0007383"
77578261,"0,9997615"
775834,"4,9996658"
77578241,"1,0003166"
7758335,"2,0000027"
7758334,"1,9997004"
775782421,"0,9999992"
77578239,"1,0002291"
775782762,"1,0001334"
775838,"0,9999621"
775782763,"0,9999634"
77578282,"0,9999864"
77578291,"0,9999646"
77578284,"0,9999331"
77578283,"0,9998876"
77578281,"0,9999993"
775782931,"1,0000410"
77578292,"1,0000814"
77578285,"1,0000389"
7758394,"0,9999611"
7758391,"1,9999746"
7758392,"0,9998685"
7758393,"2,0000104"
775782941,"1,0007847"
775782953,"0,9999426"
775782951,"1,0000316"
775782933,"1,0000731"
775782952,"0,9999716"
775782932,"0,9999614"
77578296,"1,0000327"
7758513,"0,9998776"
7758395,"2,0003076"
7758512,"1,9999725"
7758514,"2,9998230"
7758511,"1,0000244"
775782973,"2,0003879"
77585151,"3,0001187"
77585152,"3,0000243"
775782972,"0,9999996"
77578298,"0,9999976"
77585153,"2,9999305"
775782971,"2,0000793"
7778573,"3,0000847"
7778581,"3,0000754"
7778591,"2,9996653"
776186955,"4,0004618"
776186971,"5,0002857"
776186973,"5,0010287"
77618692,"4,9998541"
776186953,"4,0000542"
776186991,"4,9952023"
77618684,"4,9999700"
776186992,"4,9996741"
776186954,"4,9994835"
77618682,"4,9996450"
77618685,"4,9997973"
776186995,"5,0002817"
776186993,"5,0011584"
77618686,"5,0004581"
776186994,"4,9996878"
777689,"3,0000626"
77618698,"5,0000207"
776186972,"5,0001615"
7776496,"5,0001038"
77624469,"3,0055116"
77624467,"3,0003833"
77618683,"4,9985231"
77618662,"5,0001343"
7776963,"2,9999550"
77618687,"4,9998725"
776244653,"2,9999843"
776244652,"2,9997807"
776186952,"4,9999111"
776186951,"3,9992594"
77618664,"5,0001017"
77618666,"5,0005475"
77624447,"3,0001364"
77624442,"2,9999773"
77618663,"3,9999628"
77624462,"3,0001517"
77624452,"3,0000595"
7776361,"2,9990745"
7776363,"3,0004850"
777637,"2,9995497"
7776364,"3,0000855"
7776382,"5,0001450"
7776381,"2,9998565"
777634,"4,9999626"
777639,"2,9999951"
7776542,"5,0001050"
777651,"2,9998935"
7776521,"2,9999834"
777655,"3,0000285"
777641,"2,9999775"
777643,"2,9999865"
7776441,"3,0000195"
7776421,"3,0000732"
7776531,"3,0001421"
7776533,"3,0001624"
7776383,"3,0001218"
77758934,"4,9996200"
77758774,"5,0001426"
77758792,"5,0004932"
77758923,"3,0002806"
77758772,"2,9996797"
777633,"2,9999725"
7776541,"5,0006339"
7776564,"3,0000062"
7776543,"3,0000619"
7776545,"2,9999957"
7776563,"3,0001623"
7776544,"2,9999273"
7776443,"3,0000660"
7776422,"3,0000708"
77758922,"3,0004888"
777321,"2,9999058"
777322,"2,9989290"
777325,"3,0002611"
777212,"3,0010718"
77734,"2,9985317"
777222,"2,9998390"
777224,"1,0000526"
777323,"2,9985548"
777225,"2,9999594"
777227,"3,0000029"
777226,"3,0000827"
777429,"5,0000592"
7774525,"5,0002028"
777428,"4,9996458"
777242,"3,0000874"
777243,"5,0000023"
777472,"4,9999660"
777324,"4,9995350"
777211,"3,0000469"
777221,"3,0006649"
777213,"3,0001507"
777223,"3,0002885"
7774145,"0,0000000"
7774144,"2,9989880"
7774271,"3,0000325"
7774142,"2,9988124"
7774141,"2,9999377"
7774143,"0,0000000"
777421,"2,9995325"
777425,"3,0000517"
7774274,"4,9992712"
7774273,"3,0030138"
7774272,"4,9992109"
7774275,"2,9996687"
77736,"3,0009509"
7774261,"3,0019834"
777423,"2,9994309"
777424,"2,9993675"
777422,"5,0001588"
777645,"3,0001220"
7776461,"3,0000386"
7776462,"2,9999137"
77764721,"3,0000821"
7776471,"3,0000190"
7776473,"3,0000035"
7776522,"3,0000265"
7776465,"2,9999524"
7776463,"3,0027303"
7776743,"2,9999668"
7776481,"3,0000442"
7776482,"2,9999753"
77764722,"2,9998896"
7776491,"2,9999926"
7776464,"3,0000590"
7776442,"3,0000240"
77764723,"3,0000231"
7776494,"3,0000602"
7776499,"2,9999972"
7776469,"4,9999285"
7776468,"5,0001876"
7776467,"5,0001113"
7774993,"4,9999980"
7776466,"5,0003758"
7761611,"2,9981431"
776151,"4,9979766"
776153,"0,0000000"
7761711,"4,9966289"
7761521,"3,0014187"
7761412,"2,9999404"
77613991,"5,0001326"
77613981,"4,9999720"
77613974,"1,0000057"
7761411,"2,9996295"
7761522,"2,9999561"
7761712,"2,9984270"
7761523,"3,0002170"
7761716,"2,9992506"
7761732,"3,0000224"
77613992,"4,9993081"
7761731,"5,0003422"
77613993,"4,9853774"
7761714,"2,9998510"
7761713,"5,0003550"
77617211,"1,9998375"
7761717,"4,9993984"
7761613,"2,9998677"
77616121,"3,0003299"
7761735,"5,0014857"
7761737,"5,0046914"
7761733,"4,9900477"
7761739,"5,0002105"
7761734,"2,9999353"
77613982,"2,9999148"
77617481,"2,0002440"
776175291,"3,0004417"
77617524,"3,0001657"
776175292,"2,9995728"
7761746,"2,9997829"
77614625,"3,0000063"
77617495,"1,0000417"
77614622,"2,9995097"
77617491,"2,0001285"
77617494,"2,0001750"
77617482,"0,9999871"
77617492,"1,9998460"
77617493,"1,9988227"
7761454,"1,9999725"
7761617,"3,0000533"
77614371,"3,0000506"
77617474,"1,9998887"
7761439,"3,0007412"
7761441,"0,9999921"
77617472,"1,9998857"
7761438,"1,9999790"
7761452,"1,0000075"
7761453,"2,9991699"
77614373,"2,9999702"
7761455,"3,0000282"
7761451,"3,0014833"
77614372,"1,0000658"
77617475,"1,9995257"
77617442,"3,0002724"
77617471,"1,9999921"
7761745,"1,9999873"
77617473,"1,9996644"
77617443,"3,0001746"
77613971,"4,9957519"
77613961,"1,9879712"
77613962,"0,9999926"
77613975,"5,0025415"
77613973,"5,0000251"
77613963,"2,0005478"
7761413,"3,0006348"
7761414,"1,0000802"
7761415,"3,0001137"
77613964,"1,9999248"
776139651,"2,0002184"
7761436,"3,0001133"
77617432,"3,0001321"
7761715,"5,0014734"
77617441,"3,0001830"
77617433,"2,9964412"
7761741,"2,9999920"
7761742,"2,0000095"
7761435,"2,9999489"
77617431,"2,9999666"
7761423,"0,9999932"
7761431,"3,0000412"
77614343,"2,9999677"
7761433,"2,9998736"
77614211,"1,0000242"
77614212,"2,0002253"
77614213,"1,0002959"
77614342,"3,0000268"
77614341,"2,9999349"
7761432,"2,9996881"
77617523,"2,9995930"
77617521,"3,0004565"
7761422,"0,9999781"
776139672,"2,9997401"
77613943,"2,9998678"
77613942,"4,9996883"
77613983,"5,0003416"
77616122,"2,9998170"
77613945,"3,0001113"
77616182,"3,0003278"
77613947,"2,9999964"
77616123,"2,9999479"
77613946,"2,9998455"
77616185,"3,0000893"
77616183,"3,0004883"
77616184,"3,0001313"
7761621,"2,9996375"
7761625,"2,9999060"
7761623,"2,9997591"
77616181,"2,9999825"
7761629,"2,9999792"
7761619,"3,0002268"
7761615,"3,0057750"
776172151,"1,9998565"
776172141,"1,0003166"
7761614,"3,0000675"
776172153,"2,0000615"
77617212,"0,9999160"
776172143,"0,9999503"
776172142,"1,0000500"
77617213,"2,0012105"
77613972,"5,0003543"
77613953,"4,9994754"
77613951,"4,9991270"
77613941,"2,9998972"
77613952,"4,9995711"
77613933,"5,0000897"
7761443,"1,0002185"
7761474,"3,0000104"
77614733,"3,0000732"
7761442,"0,9999824"
7761444,"0,9999922"
77614732,"3,0000236"
77612494,"3,0001619"
7761447,"0,9999826"
77612495,"3,0000196"
7761445,"1,0000237"
7761446,"0,9999992"
77614292,"2,0002140"
77613932,"2,9996785"
776139443,"2,9999050"
77613852,"4,9996675"
77613851,"3,0003708"
7761389,"3,0000277"
776139442,"1,9999649"
77613843,"2,9999920"
77613842,"2,9994806"
77613881,"2,9996516"
776139441,"2,9988162"
776137841,"3,0012924"
77613781,"2,9990969"
77613914,"2,0000597"
7761381,"2,9999565"
776137832,"5,0000756"
77613793,"4,9999845"
776137831,"3,0000006"
77613782,"5,0000574"
776137861,"2,9999888"
77613785,"2,9938330"
77613825,"2,9996002"
77613912,"2,0000266"
77613824,"5,0006167"
77613911,"4,9927679"
77613787,"3,0003579"
77613791,"4,9976860"
77613931,"4,9983928"
7761377,"5,0006030"
776137891,"2,9951786"
77613823,"3,0001844"
776137843,"2,9999922"
77613921,"0,0000000"
7761383,"2,9998444"
776137893,"2,9999603"
77613792,"4,9998293"
776137833,"2,9979046"
77613913,"4,9979906"
776137842,"3,0002264"
77613821,"3,0019406"
77613915,"5,0051617"
77613822,"5,0003152"
77613829,"3,0001278"
77613841,"3,0020191"
77613853,"2,9997089"
776163,"3,0002312"
7761651,"3,0001507"
77616411,"2,9991414"
7761616,"4,9994101"
7761622,"5,0000791"
776164223,"2,9998818"
776172144,"1,0001665"
776172145,"0,9999237"
77616412,"2,9997815"
776164222,"2,9998407"
77617216,"1,0000149"
7761428,"1,9999935"
77614291,"1,9957835"
77614293,"2,0000568"
77612296,"2,0000347"
7761425,"2,0000297"
77612299,"2,0001691"
7761427,"1,9999522"
77614294,"2,9998023"
77614295,"2,9999351"
77612264,"1,9998799"
7761426,"2,0000129"
77612265,"1,9998871"
77612298,"2,0003294"
77612294,"0,9999970"
7761755,"5,0000311"
7761736,"2,9999538"
7761738,"3,0001914"
776172152,"1,0000009"
77617621,"2,9999893"
77617623,"2,9998042"
77617622,"3,0001820"
77617218,"3,0001836"
77617612,"5,0003025"
77617217,"2,0000152"
7761751,"4,9993655"
7761753,"5,0002946"
776175221,"2,9980855"
776175223,"3,0000654"
776175222,"2,9998701"
7761754,"2,9997965"
7758111,"1,9238606"
7758113,"1,9995526"
7758123,"2,9997908"
7758121,"2,9990745"
775812213,"2,9881553"
775812214,"1,0000250"
775812215,"2,9995215"
775812211,"3,0018025"
77578111,"2,9999561"
77578143,"3,0001308"
775781543,"5,0005149"
775781441,"5,0000094"
77578183,"5,0003562"
77578132,"2,9997965"
77578115,"3,0011717"
77578112,"5,0003705"
77581241,"5,0002545"
77578113,"2,9997579"
775781471,"2,9999074"
775781473,"3,0000780"
775781411,"3,0000763"
775781413,"2,9999500"
77578114,"5,0001630"
775781422,"5,0002628"
775781421,"4,9998048"
77581242,"4,9998115"
77578145,"3,0000003"
77581251,"2,9995053"
77581243,"4,9999055"
77581252,"4,9999424"
77578153,"2,9999273"
77578151,"2,9999128"
775781541,"5,0016468"
775781414,"2,9999339"
775781415,"3,0000105"
775781412,"4,9998064"
77578133,"3,0041964"
77581253,"3,0001159"
77578155,"3,0002354"
775781423,"5,0000603"
77581283,"2,0000975"
775812911,"3,0001247"
77578146,"3,0000484"
775781472,"5,0001292"
775781491,"2,0000160"
77581271,"2,9999384"
7758126,"4,9999529"
77581223,"3,0000883"
775812221,"4,9999736"
775812212,"2,9998458"
77581563,"4,9994601"
77581565,"5,0001910"
77581224,"3,0000671"
77581225,"2,9999802"
775812223,"4,9998278"
7758112,"5,0000242"
77581226,"5,0000974"
77581281,"3,0001243"
77578232,"2,0000316"
77581273,"3,0017792"
77578148,"3,0000372"
775812912,"4,9999142"
775812913,"3,0001558"
77581272,"5,0000343"
775781443,"5,0002484"
77581282,"4,9998763"
775812222,"4,9999240"
77581564,"5,0000877"
77581562,"5,0003870"
77581585,"4,9998660"
77581584,"2,9994741"
775781442,"3,0000933"
77578234,"2,9998632"
7757823511,"2,0001124"
7757823512,"3,0000147"
775782333,"2,0000345"
77578216,"4,9998901"
775782331,"2,0003021"
775782332,"0,9999890"
77578219,"1,9998179"
775782312,"5,0002277"
77578182,"4,9999183"
77578221,"1,9999481"
775782311,"1,9955225"
775782313,"2,0003396"
77578211,"2,0007239"
7757817,"2,9996843"
7757819,"2,9983332"
77578213,"1,9990131"
77578181,"5,0001159"
77578218,"4,9998948"
77578215,"2,0013039"
77578311,"3,0008796"
77578212,"2,9999991"
77578217,"1,9994010"
775781542,"5,0000960"
77578214,"4,9996889"
7758131,"1,9999687"
7758132,"0,9999774"
7758133,"2,0000326"
77581583,"2,9998063"
77581581,"2,9985990"
7758151,"1,9998441"
77581561,"2,9999182"
7758155,"1,9998170"
77581582,"3,0001255"
7758153,"2,0004929"
77578313,"2,9999536"
7757836,"2,9999729"
77578391,"2,9997880"
7757851,"3,0018305"
77578315,"3,0000475"
7757841,"2,0011592"
7757833,"3,0010755"
7757835,"3,0003382"
77578393,"2,9998835"
77578314,"5,0001137"
77578394,"2,9998764"
7757837,"3,0004143"
77578317,"2,9995198"
7757852,"1,9999842"
77578395,"3,0036890"
77578381,"2,0000403"
77578166,"5,0000187"
775783223,"4,9999787"
77578167,"4,9998509"
775783221,"4,9998898"
775767,"4,9999331"
7757834,"3,0000218"
77578328,"5,0000692"
775783291,"3,0001107"
775783293,"1,9999673"
77578327,"3,0000294"
77578321,"3,0008178"
775783222,"4,9999649"
77578324,"2,9999850"
7757843,"1,9991687"
77578326,"5,0000139"
77578325,"2,9964429"
775783292,"1,0000042"
77578323,"2,9997084"
77578392,"5,0000003"
77578441,"2,0000073"
77578163,"3,0003994"
7757621,"2,9943103"
7757622,"5,0000980"
77578152,"5,0004359"
77578121,"3,0001011"
77578164,"1,0000325"
77578123,"5,0002261"
77578162,"1,0000128"
77578161,"3,0012340"
775763,"4,8377427"
77578312,"3,0001020"
775766,"3,0000187"
77578316,"5,0001244"
77578122,"2,9999965"
77578165,"4,9997643"
7757623,"5,0001052"
775765,"5,0004254"
77578131,"2,9986548"
775761,"3,0684046"
7776497,"2,9965538"
7776492,"4,9999384"
777686,"2,9999776"
7776493,"3,0001138"
777687,"3,0000135"
7776483,"3,0000200"
7776495,"3,0000518"
7778693,"5,0000090"
77786951,"4,9977332"
77786941,"3,0019292"
7778699,"5,0000553"
77786964,"4,9995218"
77786871,"4,9997102"
77786873,"4,9999929"
77786943,"5,0003403"
77786961,"4,9996969"
7778686,"4,9999156"
77786953,"4,9975635"
77786962,"5,0003002"
77786942,"3,0000068"
7778688,"5,0000778"
7778845,"4,9995526"
7778697,"4,9998969"
77786952,"4,9995243"
77786963,"4,9990778"
7778844,"4,9994357"
77786965,"5,0003391"
7778698,"4,9997870"
777664,"4,9999594"
7778896,"4,9990903"
7778842,"4,9997698"
7778892,"4,9999768"
7774731,"5,0002091"
777461,"3,7624486"
7774738,"5,0000511"
777463,"4,9999577"
7774736,"4,9998591"
7774741,"4,9998896"
7774739,"4,9999686"
7774751,"5,0002027"
7774735,"4,9993805"
7774737,"4,9890143"
7774732,"4,9998865"
7774755,"5,0006287"
7774752,"5,0006199"
7774761,"4,9999226"
7774734,"4,9999184"
7774733,"5,0001655"
7772622,"5,0000565"
7772623,"2,9999843"
7774992,"5,0000319"
7774922,"5,0002308"
777494,"4,9999714"
777468,"5,0000608"
7774991,"5,0000235"
777497,"4,9999878"
777495,"4,9999820"
77748,"5,0000138"
7774921,"4,9998551"
7774923,"4,9998410"
777493,"5,0000964"
777471,"5,0000286"
777457,"4,9998459"
7774743,"5,0002642"
7774742,"5,0000229"
7774753,"4,9986314"
7774754,"5,0000282"
777478,"4,9999389"
777265,"2,9999525"
7774792,"5,0000465"
777477,"5,2631493"
7774791,"5,0001423"
777294,"4,9999566"
777292,"2,9999743"
777264,"3,0000620"
7774763,"5,0003495"
7774762,"5,0004053"
777464,"4,9996815"
7774794,"5,0000463"
7774795,"5,0001157"
777491,"5,0002757"
7774793,"5,0008272"
77788313,"4,9580799"
7778833,"5,0001365"
7778832,"5,0000963"
7778834,"4,9997755"
7778795,"4,9983224"
777891,"0,9442203"
7778821,"5,0001141"
777881,"5,0002366"
77788311,"4,8842986"
7778793,"5,0004278"
7778792,"4,9999225"
7778843,"4,9837384"
7778689,"5,0002658"
7778837,"5,0001628"
7778838,"4,9997442"
7778839,"5,0247445"
77786842,"5,0002432"
77786843,"4,9996917"
7778822,"5,0000161"
7778625,"4,9997907"
7778823,"5,0005479"
7778835,"4,9999609"
7778841,"5,0001084"
777885,"4,9997382"
7778873,"4,9999640"
7778891,"4,9996378"
7778895,"4,9997196"
7778881,"5,0001416"
777886,"5,0002661"
7778893,"5,0019257"
7778871,"5,0001308"
7778883,"5,0002122"
7778899,"4,9999803"
7778898,"5,0006756"
7778897,"5,0000694"
77585293,"1,9995955"
77585292,"3,0000112"
77585285,"2,9999780"
77585473,"3,0000261"
77585294,"3,0000138"
77585446,"2,9999877"
77585893,"3,0001259"
77585291,"2,9999957"
7758582,"3,0000646"
77585762,"3,0001196"
77585445,"3,0007768"
77585763,"3,0000192"
7758545,"2,9935244"
77585892,"2,9998939"
77585443,"3,0000144"
77585422,"3,0001003"
7758546,"2,9999056"
77585436,"3,0000194"
77585442,"2,9996256"
77585471,"3,0005050"
77585472,"2,9998365"
77585447,"3,0001828"
77585437,"2,9997949"
77585441,"2,9999006"
77585444,"2,9998304"
7758574,"2,9999562"
7758555,"3,0013460"
77585819,"2,9998625"
7758557,"2,9997784"
77585392,"2,9999626"
77585395,"3,0001761"
7758541,"3,0000056"
77585432,"3,0003446"
77585733,"2,9996933"
77585421,"3,0000002"
7758551,"2,9932704"
7758575,"2,9997807"
77585817,"2,9998679"
7758552,"2,9999635"
77585791,"2,9997144"
7758572,"2,9999844"
77585793,"2,9999669"
77585433,"2,9926863"
7758556,"2,9998223"
77585731,"3,0000675"
7758553,"3,0001937"
77585435,"3,0000889"
77585761,"3,0001563"
7758577,"3,0002986"
77585434,"2,9998116"
7758571,"3,0000385"
77585431,"3,0000584"
77585423,"2,9999690"
77585814,"3,0000029"
775853623,"3,0001728"
77585425,"2,9998749"
77585282,"3,0000119"
77585283,"2,9999270"
77585424,"2,9998903"
77585284,"2,9998871"
77585274,"3,0001118"
77585254,"2,9999251"
775852613,"2,9990410"
77585273,"3,0003331"
77585272,"2,9999463"
77585365,"3,0000894"
77585364,"3,0000246"
77585262,"3,0000725"
775852615,"2,9999849"
77585255,"3,0001457"
775852611,"2,9997669"
77585271,"2,9997452"
77585275,"3,0000477"
775853187,"3,0004784"
775852612,"2,9999679"
77585281,"2,9997313"
775852651,"3,0002848"
77585267,"2,9999394"
77585263,"3,0011835"
775852653,"3,0004200"
775852692,"2,9996678"
775852691,"2,9992308"
775852641,"2,9991421"
775852652,"2,9998337"
77585353,"3,0001420"
775853541,"2,9987984"
775853543,"2,9998908"
77585387,"2,9998203"
77585391,"2,9999950"
77585342,"3,0000382"
775853542,"2,9999745"
77585383,"3,0002484"
775853432,"2,9999651"
775853431,"3,0001253"
77585384,"3,0002081"
77585361,"3,0000729"
77585351,"3,0001529"
77585335,"3,0006324"
77585341,"3,0001168"
77585333,"3,0003153"
77585345,"3,0000138"
775853622,"2,9996149"
77585355,"3,0001989"
77585347,"2,9994275"
77585357,"3,0001992"
7758537,"3,0001196"
77585349,"2,9999878"
775853621,"2,9996836"
77585382,"3,0000071"
775853433,"2,9997795"
775853882,"3,0000069"
77585363,"2,9996584"
77561684,"3,0000895"
775853544,"3,0000418"
77585332,"3,0000692"
77585356,"2,9998883"
77585381,"3,0000018"
775853545,"3,0000000"
77585352,"3,0001373"
77585346,"3,0001847"
775853241,"2,9999500"
775853195,"3,0007760"
775853443,"3,0195669"
77585334,"2,9999126"
775853449,"3,0000842"
775853448,"3,0001200"
775853445,"2,9998198"
77585323,"2,9999698"
775853447,"2,9988429"
775853441,"3,0036622"
77585321,"3,0001162"
77578999,"3,0000478"
775853243,"2,9999918"
77585348,"2,9998804"
775853444,"2,9997304"
775853446,"2,9999416"
775853442,"2,9999838"
77585331,"3,0000229"
775616693,"3,0000545"
775853186,"2,9999533"
77585393,"2,9806895"
775853185,"2,9999536"
775853181,"3,0001687"
775853183,"2,9983777"
7758531843,"2,9999439"
775853192,"3,0000341"
7758531841,"3,0006753"
775853191,"3,0004074"
775853193,"3,0000313"
7758531842,"3,0002376"
77585316,"3,0000027"
77585317,"3,0003685"
775853182,"2,9999899"
77585252,"3,0000599"
77585241,"2,9994106"
77585251,"2,9939247"
77585243,"3,0001287"
77585242,"2,9998218"
775853157,"2,9445696"
775853151,"2,9998569"
77585183,"1,0000055"
77585213,"3,0004782"
77584624,"2,9999947"
775853158,"2,9995603"
77585313,"2,9999594"
775853159,"3,0000878"
77585212,"3,0002513"
7758425,"2,9999670"
77584625,"2,9999896"
77585253,"2,9999378"
775853153,"2,9997848"
775853156,"3,0000038"
77585311,"2,9999007"
77585233,"3,0000926"
775853155,"3,0006574"
775853121,"2,9996620"
7758522,"2,9999402"
77585211,"2,9999637"
77585232,"2,9996808"
775853154,"3,0000713"
77585231,"2,9999439"
7758441,"0,9994802"
7758432,"0,9999774"
77584622,"3,0003433"
7758451,"2,9907100"
7758453,"3,0000707"
7758454,"2,9998323"
77584521,"1,0000161"
7758421,"2,9999757"
7758431,"2,0002749"
7758424,"3,0000131"
77584623,"2,9990193"
7758423,"2,9999684"
7758433,"1,9998951"
7758422,"3,0000066"
775852642,"2,9999072"
7758466,"3,0001275"
775852614,"2,9997707"
77585385,"3,0001654"
77561696,"3,0000869"
775855463,"3,0000193"
77585549,"3,0000224"
77585544,"2,9998189"
77561697,"3,0000030"
775855462,"3,0000142"
77585543,"2,9999558"
77585541,"2,9999827"
775855461,"3,0002087"
7756425,"3,0001180"
775853881,"3,0002489"
7756448,"2,9999229"
77585623,"3,0000327"
77564463,"2,9998957"
77564462,"3,0003404"
77585386,"2,9999359"
77585389,"2,9999600"
77561685,"2,9999825"
77585394,"3,0000351"
77585548,"2,9999569"
77585542,"2,9999514"
775853883,"3,0000238"
77585545,"3,0004739"
77585547,"3,0001027"
77585861,"1,9997523"
77585853,"2,9987313"
7758587,"2,9986561"
77587221,"2,9999671"
775872661,"2,0003966"
77587214,"2,9998605"
77585818,"3,0002366"
77585816,"3,0002027"
7758711,"3,0001029"
77587222,"3,0001345"
77587211,"3,0000039"
77587213,"2,9999375"
77585842,"2,9999891"
7758713,"3,0002355"
77585812,"2,9996323"
7758725,"3,0001611"
7758715,"3,0004312"
77587267,"3,0002056"
77587223,"2,9999471"
77587215,"2,9997851"
77587263,"3,0045774"
77587212,"3,0001207"
77587241,"2,9999146"
77587242,"2,9999503"
77587262,"2,9999462"
77587261,"2,9999911"
7758723,"3,0000318"
77587265,"3,1611819"
77585813,"2,9997820"
77585851,"3,0000276"
77585811,"2,9999855"
775859,"2,9998175"
77585815,"3,0001094"
77585841,"3,0002903"
7758583,"3,0000209"
77585843,"3,0000249"
77585882,"2,9998093"
77585891,"2,9985378"
77585881,"2,9990061"
77585322,"3,0000034"
775853142,"3,0000534"
775853261,"2,9998421"
775853144,"2,9998359"
77578899,"3,0000939"
77578698,"3,0000033"
775853262,"2,9997982"
77585327,"2,9785110"
77585325,"3,0001046"
775789497,"1,0000963"
775789495,"2,9995956"
775853143,"2,9999708"
775789965,"2,9999010"
77585329,"2,9999108"
775853263,"2,9998653"
775853152,"3,0005015"
77578994,"3,0000571"
775853194,"2,9999336"
775853127,"2,9999233"
775853145,"3,0000524"
775789964,"3,0000860"
775789962,"2,9998717"
77585328,"2,9998621"
775853242,"3,0001722"
7771657,"3,0008682"
777167,"2,9992153"
7771661,"2,9998863"
77716563,"2,9998371"
77716242,"2,0001119"
7771681,"3,0003592"
77716562,"1,9998554"
7771652,"3,0001487"
7771685,"2,9999732"
77716241,"2,9996141"
77716243,"2,9996473"
7771653,"2,9999436"
7771651,"3,0000794"
7771655,"2,9992571"
77716541,"2,9999859"
777163,"3,0001657"
7771641,"2,9980039"
77716561,"2,9902453"
77716543,"2,9997758"
77716542,"4,9998772"
7771683,"3,0059892"
77716841,"3,0005187"
77716843,"5,0004549"
7771691,"2,9998516"
7771682,"3,0001870"
7771692,"3,0001190"
777161,"3,0001134"
7771623,"2,9998714"
77716214,"5,0001668"
77716221,"2,9961367"
77716211,"2,9987033"
77716213,"3,0000153"
77716215,"3,0000789"
77716251,"3,0047895"
776122623,"0,9999482"
7761224,"0,9999793"
77613298,"2,0001283"
77613267,"1,9998227"
776122622,"1,0000151"
776122621,"0,9998721"
77613299,"2,9999541"
77612227,"1,0000472"
77612261,"0,9999739"
77612225,"1,0000364"
77612226,"1,0000254"
77612222,"1,0000098"
77612223,"1,0000653"
77612221,"0,9995766"
77612224,"0,9999247"
776121643,"1,0001019"
77612161,"0,9998544"
77612162,"0,9999606"
77612211,"2,0004256"
77612213,"1,9999181"
77612173,"2,0005373"
77612212,"1,0000399"
7761219,"1,9946484"
776121641,"1,0000487"
77612263,"1,9959145"
77612283,"0,9999475"
77613695,"2,9998744"
776139685,"3,0002026"
77612281,"1,9995876"
776122934,"1,0000135"
77612282,"1,0000175"
77612291,"2,0001785"
7761225,"2,0001137"
77612233,"2,0011400"
77612231,"2,0003392"
7761227,"2,0004512"
77612232,"1,0000057"
7761232,"1,0000494"
77612292,"1,9999674"
77612297,"1,9977928"
77612295,"2,0000753"
776122935,"2,0001402"
77612493,"3,0001791"
77612492,"1,0000470"
776122932,"2,0000204"
776122931,"2,0003626"
776122933,"1,9999209"
7761244,"1,9999818"
777865,"2,9995924"
7778671,"3,0001560"
7778661,"3,0000070"
7778645,"5,0006567"
7778644,"5,0002473"
7778646,"5,0002886"
7778647,"4,9999046"
77785978,"5,0000698"
777859792,"4,9997537"
7778642,"5,0003457"
7778643,"4,9993274"
7778641,"5,0004839"
777859793,"2,9997318"
777859791,"3,0000507"
77785975,"3,0000224"
777859773,"3,0000898"
777859771,"2,9998814"
777859742,"5,0001347"
777859743,"5,0004811"
77785991,"2,9993032"
7778583,"3,0001338"
777859772,"4,9999270"
777861,"3,0000649"
777872,"4,9999484"
7778712,"5,0002089"
7778713,"5,0001894"
7778621,"5,0001537"
777863,"3,0015605"
77785993,"3,0002564"
7778711,"5,0008629"
7778672,"5,0004021"
7778673,"3,0006048"
77786912,"3,0000236"
7778682,"4,9997743"
77786911,"2,9999095"
7778681,"2,9992185"
7778622,"4,9994124"
7778624,"4,9998499"
7778623,"5,0001635"
77786841,"4,9999697"
77786872,"5,0003393"
777876,"5,0001072"
7778733,"5,0001399"
7778791,"5,0000212"
7778732,"4,9997638"
7778741,"4,9998044"
7778731,"4,9999901"
777875,"5,0002400"
777877,"5,0000708"
7778781,"3,0000961"
7778685,"5,0001195"
77786914,"3,0001075"
7778683,"5,0001674"
77786913,"5,0006532"
77786917,"5,0086453"
77786915,"4,9998262"
777541,"2,0016696"
7775421,"5,0010761"
7775522,"4,9990465"
7775521,"4,3935950"
7775523,"3,0001493"
7775322,"4,9999029"
7775321,"4,9999470"
777546,"4,9975623"
777543,"1,0000393"
7775213,"5,0000064"
7775211,"4,9670070"
7775212,"4,9991837"
7775541,"5,0016561"
777525,"5,0000008"
777527,"4,9999921"
7775121,"4,9996993"
7775423,"5,0002916"
7775629,"5,0007812"
7775627,"0,0000000"
7775628,"5,0002177"
77756228,"4,9998593"
7775644,"4,9998736"
7775443,"4,9998774"
7775441,"4,9996875"
777547,"2,9997221"
7775442,"5,0003013"
777522,"5,0001321"
7774425,"4,9999326"
7774444,"4,9989604"
777549,"5,0001977"
7775323,"5,0005038"
777524,"5,0002370"
7774423,"4,9996585"
7775263,"4,9999285"
7775298,"5,0002559"
7775262,"4,9996953"
777528,"4,9998020"
777545,"2,9933177"
7775422,"5,0003542"
77756229,"4,9997985"
7775291,"5,0002422"
7775292,"2,9995328"
777548,"4,9999628"
7775293,"4,9976893"
7775294,"4,9997838"
7775261,"4,9997832"
777523,"5,0009284"
7774441,"4,9987739"
7774461,"4,9999133"
777445,"5,0005347"
7774442,"4,9995466"
7774443,"4,9997107"
7774445,"5,0002404"
7774422,"5,0003094"
7774424,"5,0001071"
7774463,"4,9999730"
7774431,"5,0002736"
7774421,"5,0002770"
7774433,"4,9910086"
7775299,"3,0001925"
77756491,"4,9811092"
7775647,"5,0000867"
7774491,"4,9988566"
777447,"4,9992731"
777448,"5,0000824"
7774492,"5,0001527"
7774494,"5,0002488"
7774462,"5,0001462"
7774493,"5,0001414"
777688,"5,0000619"
7776912,"2,9999829"
7776952,"4,9998053"
777684,"3,0016710"
7776962,"5,0000316"
777698,"3,0000169"
7776961,"3,0001158"
777697,"4,0001548"
7762468,"4,9998286"
77624693,"5,0002652"
7776993,"4,9998838"
7776991,"4,9998571"
7776992,"5,0001815"
777669,"4,9999347"
7776953,"3,6993342"
776249481,"5,0010391"
77624949,"4,9995182"
77624695,"3,0014962"
77624694,"2,0066104"
777149,"1,9999670"
7771662,"3,0001171"
7771664,"2,9999703"
7771695,"4,9991806"
7771665,"3,0001199"
7771693,"4,9998544"
7771697,"4,9997586"
7771696,"4,9998231"
77613863,"5,0000155"
77613883,"2,9999705"
7771694,"4,9992782"
77716991,"5,0004580"
7771663,"3,0000124"
777666,"5,0000534"
777665,"4,9999865"
777667,"5,0002638"
777694,"3,7592342"
777692,"4,9998574"
7776682,"5,0001754"
77624983,"0,0000000"
7776683,"4,9999690"
77624982,"0,0000000"
7778998,"5,0004904"
7776681,"4,9994768"
77758233,"2,9990673"
77758231,"3,0000118"
77758234,"4,9998460"
77758235,"3,0014533"
77758261,"5,0000376"
77758241,"4,9983513"
77758251,"3,0044929"
7775821,"3,0001878"
7775812,"2,9998567"
77758221,"5,0019285"
77758225,"4,9998717"
77758226,"5,0004102"
77758224,"4,9996230"
77758237,"2,9781777"
77758223,"5,0007517"
7775862,"4,9997068"
7775832,"4,9999886"
77758222,"5,0001204"
77758272,"4,9997851"
77758252,"5,0010613"
77758227,"4,9999500"
77758273,"2,9999667"
77758291,"0,0000000"
77758281,"2,9989722"
77758292,"3,0000593"
77758293,"3,0003245"
77758294,"4,9991334"
77758282,"2,9998936"
77758295,"5,0003776"
7775884,"4,9998819"
77758271,"2,9991840"
77758253,"2,9285788"
7776951,"3,1925872"
776249443,"5,0001205"
7762496,"4,9998850"
77624974,"4,9999440"
77624976,"5,0001223"
776249444,"2,9995333"
776172371,"1,9997507"
776172361,"2,0001767"
776172353,"1,9999858"
77617228,"1,0000113"
77617234,"0,9999517"
776183623,"3,0001449"
77617261,"0,9999813"
7761723622,"3,0000585"
77616492,"0,9999641"
776172375,"1,9993815"
776172373,"1,9997503"
77616465,"2,0001412"
776172363,"2,9999457"
77616924,"3,0001096"
77616945,"1,0000433"
776172372,"0,9999985"
776172325,"2,9999831"
77617239,"2,0004068"
776172352,"0,9999561"
77616927,"3,0001868"
77616926,"4,9998567"
7761723623,"4,9997086"
77616495,"2,9997945"
7761723621,"2,9997699"
776183622,"5,0000015"
776172382,"0,9999444"
776172381,"1,9999296"
77618364,"2,0000754"
776172383,"2,9999012"
776172374,"0,9999887"
776172351,"1,9996286"
77617233,"1,9999533"
776172261,"1,9987709"
77617224,"2,9997606"
77617225,"1,9999566"
77617221,"1,9997061"
77617223,"1,9999768"
77617227,"2,9997233"
776172193,"1,9999515"
77617231,"1,9992370"
776172321,"1,0000029"
776172221,"3,0003120"
776172323,"3,0034976"
776172324,"0,9999372"
776172322,"0,9999977"
77616425,"2,9999075"
776172191,"2,0001296"
776172192,"1,9999489"
776172222,"3,0001317"
776172223,"2,9998498"
777615,"3,0012825"
777614,"2,9991307"
777616,"1,9999975"
7776212,"2,9996474"
777613,"3,0006748"
777623,"3,0000369"
7776223,"2,9999693"
777624,"5,0001322"
7776222,"2,0003473"
7777843,"3,0000415"
7776211,"3,0002488"
77763121,"3,0034640"
777617,"2,9998478"
7776311,"2,9998784"
7776221,"3,0013574"
777712,"1,0000764"
7776213,"3,0032372"
7776214,"2,9998529"
77772,"0,9999978"
7776315,"3,0005855"
7776215,"2,9999988"
7776313,"3,0003216"
77778421,"3,0007343"
77778423,"2,9998192"
77778422,"5,0001762"
7775846,"5,0004267"
777612,"3,0036023"
7775845,"2,9992101"
7775847,"2,9998622"
7775835,"2,9999584"
7775844,"3,0002771"
777585,"2,9990066"
7775843,"2,9993052"
7775841,"3,0003790"
7775834,"2,9996549"
77758771,"2,9997963"
7776317,"2,9999679"
77758773,"2,9999097"
77758754,"5,0004658"
77758752,"4,9999624"
77758755,"2,9989574"
7775874,"5,0004507"
7776316,"5,0002474"
77758751,"3,0005999"
77758753,"2,9993949"
7775872,"4,9999939"
77758735,"3,0000393"
77758731,"2,9995964"
77758733,"2,9996012"
7775842,"2,9999943"
7775871,"2,9997256"
7776314,"3,0001936"
77763122,"2,9999936"
77763123,"5,0001698"
777632,"5,0000424"
77617251,"1,9999841"
77617243,"2,9997940"
77616944,"2,9997778"
77616951,"2,9997075"
77617263,"0,9999801"
77616941,"2,0001318"
77617262,"1,9999379"
77617264,"0,9999667"
77617266,"1,0000302"
7772763,"3,0000199"
77617284,"0,9999733"
77617267,"0,9999523"
77617245,"2,9995282"
77617246,"3,0001776"
77617247,"3,0011996"
77617244,"3,0002528"
77617249,"2,9999210"
77617248,"3,0001645"
77617292,"3,0000061"
77617281,"1,9999043"
77617285,"1,9998449"
77617283,"2,0014402"
77617293,"2,9999778"
77617291,"3,0002655"
77617282,"0,9999969"
77617287,"2,9997965"
77617265,"1,0001783"
77616952,"3,0001798"
77617286,"2,0001209"
77617241,"2,9997933"
7761727,"3,0003064"
77617242,"3,0000185"
777281,"4,9999816"
77617253,"2,0011722"
77617252,"2,9999646"
777693,"3,0001052"
7776911,"2,9999991"
7776812,"2,9999637"
7776813,"3,0000383"
7776913,"3,0000549"
77624973,"5,0001740"
77624945,"5,0003567"
776249471,"5,0047646"
77624941,"4,9999043"
776249441,"5,0006976"
77624942,"4,9999604"
776249473,"4,9991592"
776249472,"5,0013667"
77624943,"5,0007160"
77624946,"4,9994663"
77624953,"4,9985446"
77624955,"5,0000793"
776249442,"4,9993478"
77624951,"4,9994616"
77624971,"4,9973844"
776249445,"3,0000541"
777678,"4,9999858"
77624977,"4,9998596"
77624975,"5,0003179"
77624979,"4,9995653"
77624981,"5,0000173"
776249923,"3,0242904"
776249921,"4,9990520"
776249922,"3,4191637"
77624991,"5,0000514"
77594762,"1,0001234"
775947812,"0,9999863"
775947616,"1,0002338"
77594772,"0,9998986"
775947611,"1,0000136"
775947612,"1,0000288"
775947631,"1,0008944"
775947617,"1,0004248"
775947613,"0,9999441"
77594773,"1,9999968"
77594771,"2,0001413"
775947614,"0,9999928"
775947615,"1,0000559"
775947291,"1,0000263"
77594784,"1,0000127"
775947815,"1,0000220"
77594786,"0,9999753"
775947671,"1,0000688"
77594765,"0,9999910"
77594785,"0,9999775"
77594783,"0,9999601"
77594782,"1,0000349"
775947293,"0,9999614"
775947633,"0,9998840"
77594764,"0,9999913"
775947632,"0,9998924"
77581467,"0,9999377"
77594791,"2,0000352"
775947921,"0,9999101"
775947923,"1,0000262"
775947811,"1,0000950"
77594797,"1,0000440"
775947813,"0,9997507"
775947814,"0,9999176"
77594795,"2,0000056"
77594793,"2,0000747"
775947922,"1,0000210"
77594766,"0,9999995"
77581462,"3,0001717"
77581465,"1,9999542"
77594728,"1,0000292"
775947292,"1,0000695"
77581464,"3,0002471"
7759472223,"0,9999552"
775947323,"1,0000548"
775947322,"0,9998369"
77594753,"0,9999258"
77594727,"1,0000440"
77594733,"0,0000000"
77594734,"1,0000075"
77594715,"2,0000152"
77594724,"1,9998365"
77594731,"2,0004030"
775947251,"0,9999354"
775947321,"1,0000017"
77594721,"2,0000131"
77594723,"0,9996189"
77594735,"1,9999739"
77594751,"0,0000000"
77594726,"0,9999841"
775947253,"1,0001143"
7759472222,"1,0000197"
77594711,"1,9999410"
7759472221,"0,9999829"
775947221,"2,0001174"
77594713,"2,0000294"
775945,"2,0000046"
7759245,"4,9999226"
77594714,"2,9999712"
7759242,"4,9998984"
7759433,"2,0000056"
775947252,"1,0000081"
775947121,"4,9996776"
7759244,"5,0001691"
7759461,"1,9998864"
775947873,"0,9998882"
77594911,"0,9999651"
775947872,"1,0000942"
775947871,"1,0000466"
775949132,"0,9998586"
775949131,"1,0001234"
77594796,"0,0000000"
77594912,"1,0000262"
7771481,"2,9957153"
7771482,"2,9996678"
7771483,"3,0002462"
77712695,"2,9999354"
776137892,"4,9998859"
77613826,"5,0002349"
77613862,"4,9998311"
77613861,"4,9999354"
77613874,"2,9999527"
77613882,"2,0001113"
77613875,"3,0000962"
77613873,"2,9989495"
77613828,"3,0002050"
77613871,"2,9959665"
77613827,"3,0001403"
77613872,"2,9997494"
77616645,"3,0000807"
77618395,"2,9537137"
776183971,"2,9997279"
776183941,"0,9998496"
77618393,"2,9999869"
776183972,"3,0001870"
776183973,"2,9999778"
77618391,"3,0000623"
77618382,"3,0000319"
77618392,"0,9999381"
776183993,"2,9998923"
776183991,"3,0041573"
776183942,"0,9999866"
77618371,"3,0000429"
77618373,"2,9998703"
77618363,"2,0000284"
77618385,"3,0001284"
77618388,"3,0001248"
77618387,"3,0002160"
776183892,"3,0000857"
77618386,"3,0000524"
776183891,"2,9999950"
77618372,"0,9999036"
77618344,"3,0000029"
77618383,"2,9997342"
77618381,"3,0000986"
7762264,"5,0000359"
77618346,"4,9999476"
7761211,"1,9998585"
7759896,"0,9999013"
776119,"3,0000648"
7759897,"0,9999190"
7759894,"0,9999525"
7759892,"0,9999852"
7759886,"1,0000419"
776121331,"1,9999855"
7759887,"2,0000184"
7759895,"2,0001133"
776117,"2,9999683"
77612122,"4,9997980"
77613231,"1,9998820"
77612134,"2,0000909"
77612131,"0,0000000"
77612123,"1,0000130"
77612138,"1,9999882"
776121351,"1,9999195"
7761321,"2,0000107"
776131,"3,0000244"
77612121,"1,9999701"
776121393,"1,9997066"
776121391,"1,9995520"
77612132,"2,0000809"
7771281,"2,9996402"
7771283,"1,9999914"
77712723,"2,9999973"
776133,"2,9999423"
776118,"3,0001423"
7771249,"3,0000193"
7771247,"3,0000200"
77712481,"4,9995702"
77712483,"4,9998743"
77712482,"4,9996585"
77712722,"3,0003822"
7761351,"5,0000249"
7761341,"1,9999884"
7761375,"4,9992348"
77613743,"5,0001480"
77613742,"4,9999558"
77613722,"5,0000923"
77613741,"4,9617667"
77613721,"2,9998060"
77613723,"3,0001371"
7761371,"4,9998706"
7761373,"4,9985362"
77613724,"2,9998895"
77613725,"3,0006477"
77594491,"1,0003192"
77594492,"0,9999367"
77594493,"1,0000245"
7759444,"2,9999293"
77594642,"4,9999899"
77594431,"2,0000764"
7759873,"2,0000705"
7759447,"0,9999836"
7759463,"2,0000845"
77594422,"2,9999507"
77594423,"1,9998188"
77594432,"3,0001735"
7759884,"4,9996645"
77594425,"1,9999762"
7759872,"4,9999625"
7759445,"0,9999404"
775946431,"1,9999804"
77594641,"1,9999401"
77594424,"0,9999728"
7759885,"2,0000936"
7759871,"2,9998234"
77594426,"1,0000351"
77594421,"2,0002059"
77594433,"2,0002083"
7759441,"3,0000059"
7759881,"3,0059103"
7759462,"2,0000626"
7759448,"0,9999118"
77594427,"2,0001896"
7759883,"2,9998600"
77594429,"3,0000990"
77594649,"1,0000745"
775946443,"1,0000718"
7759446,"0,9999970"
77594648,"1,0001803"
775946432,"2,0000154"
775946433,"1,0000451"
77594647,"1,9993171"
77594428,"2,9998378"
775946442,"1,0000457"
775946441,"1,0002903"
77594645,"2,0001758"
77594752,"5,0002093"
775947432,"0,9999871"
775947421,"4,9971564"
775947461,"2,9997598"
77594741,"0,0000000"
77594745,"2,0017108"
775947471,"1,0001296"
775947441,"1,0000010"
775947431,"2,0006737"
775947433,"2,0007825"
7759891,"2,0007239"
7759882,"4,9999517"
7759893,"2,0000187"
7759853,"2,9999783"
775986,"3,0000612"
77612136,"2,9999660"
77594495,"1,0000025"
776121392,"2,9995052"
776121352,"4,9998085"
77612151,"0,0000000"
776121531,"1,9997531"
77594494,"0,9999556"
775947122,"4,9998094"
775947123,"4,9996788"
775946461,"0,0000000"
775947126,"5,0000821"
775947124,"4,9998310"
775947125,"5,0001003"
775947127,"5,0001924"
7759465,"1,9999585"
7759466,"1,0000227"
775946462,"1,0000161"
775947423,"5,0000935"
775946463,"4,9999843"
775947422,"5,0003470"
7759467,"1,0000332"
77594681,"1,0000159"
77594691,"1,0000947"
776121332,"5,0003576"
775984,"4,9999899"
7759421,"2,9999433"
77594323,"2,9999089"
77594321,"3,0000168"
77594324,"3,0001135"
7759425,"3,0000061"
77594327,"2,9999806"
77594326,"3,0000163"
77594325,"2,9985705"
7759422,"3,0000520"
7759423,"2,9999822"
77594322,"2,9999826"
775941,"2,0004696"
7759424,"3,0000298"
7759431,"1,9916835"
7759852,"3,0000976"
7759833,"3,0001001"
7759851,"2,9996148"
776113,"2,9987016"
7759815,"3,0000738"
776115,"2,9994164"
775982,"5,0000137"
7759831,"2,9999962"
7759812,"0,9999657"
7759832,"5,0001120"
7759811,"2,9930520"
7759813,"3,0375883"
7759814,"1,0000209"
775972,"3,0002128"
77596,"2,9998772"
776111,"2,9495724"
776112,"3,0000237"
7761141,"2,9995735"
776116,"5,0001495"
7761143,"3,0000791"
7761142,"4,9997371"
7771246,"4,9998879"
7771282,"2,9999723"
7761353,"4,9998097"
7761352,"2,0000057"
77613693,"3,0000197"
77613692,"1,9999548"
77613691,"1,9999119"
776132953,"2,9999264"
77613297,"2,9997552"
77613694,"3,0002163"
776139694,"2,0000504"
776139695,"1,9998150"
77613296,"2,9999020"
776139684,"2,0001979"
77613282,"1,9999780"
77613443,"1,0000452"
77613234,"1,0000513"
776132952,"1,9998074"
77613242,"1,0000734"
77613283,"3,0000508"
77613492,"3,0000414"
77613491,"3,0001264"
77613493,"2,9999861"
77613441,"0,9999771"
77613681,"2,0003130"
77613442,"2,0001142"
77613481,"3,0002255"
77613683,"1,0000010"
7761347,"2,0002494"
77613682,"3,0000623"
77613676,"1,9998491"
77613482,"1,9999694"
77613483,"3,0000430"
7761362,"3,0001749"
77613423,"1,9999526"
7761346,"1,0000423"
7761345,"1,9999974"
776134242,"1,9997064"
776134241,"2,0004797"
7761343,"2,0000142"
776134243,"3,0000694"
77613655,"2,0001525"
77613651,"2,0002376"
77613654,"1,0000966"
77613675,"2,0002269"
77613677,"1,9997178"
77613653,"1,9999807"
77613643,"1,9999448"
77613672,"1,9998403"
77613645,"2,0000905"
77613673,"1,9990598"
77613642,"0,9999993"
77613652,"3,0001716"
77613924,"1,9999264"
77613671,"1,9999835"
77613644,"2,0000873"
77613927,"1,9999949"
7761366,"0,9999533"
77613294,"0,9999980"
77613674,"2,0000230"
77613264,"1,0000383"
77613425,"1,9998257"
77613422,"5,0000954"
77613427,"2,0001220"
77613428,"1,9997602"
77613426,"1,9999262"
77613429,"1,9999527"
77613421,"2,0088745"
77613444,"1,0000750"
77613221,"1,9999694"
776121333,"0,0000000"
776121353,"0,0000000"
77612137,"0,0000000"
7761363,"1,9999486"
7761361,"1,9996664"
77613641,"1,9999982"
7761376,"2,0000682"
77582897,"3,0004958"
77582895,"1,9999120"
77634943,"0,9999952"
7761299,"1,0000113"
7763498,"0,9999763"
775828983,"2,9997593"
77582496,"1,0000136"
77612976,"1,9998666"
77582485,"2,0001023"
77582896,"1,9999674"
77582899,"2,9999384"
77582883,"0,9999916"
77612977,"1,9998506"
77582894,"3,0000422"
775828981,"3,0001971"
7763499,"0,9999940"
775828982,"1,0000574"
77582875,"2,0002594"
77582881,"1,9991506"
77582892,"2,9998414"
775828293,"3,0001043"
77582891,"1,9998776"
77582874,"3,0000418"
77582893,"1,9999125"
77582826,"3,0004276"
77612974,"3,0000169"
77612975,"1,9998911"
77612971,"1,9999814"
77612973,"1,9983987"
7761295,"2,0000419"
77582498,"3,0002430"
77612936,"3,0001220"
77612965,"3,0000095"
77612937,"2,0004425"
77582827,"2,9993617"
775828291,"3,0002471"
77582828,"3,0002331"
77582929,"2,9998419"
77582926,"3,0003673"
77582825,"2,9998553"
77634924,"2,9998046"
77634925,"3,0000799"
77582925,"3,0000850"
775828292,"2,0000788"
77582824,"3,0001149"
77634972,"3,0003052"
77582822,"2,9996710"
7761298,"1,9999950"
77612972,"3,0000796"
77634694,"0,9998452"
77634695,"3,0000416"
777761,"1,9993501"
777752,"0,9995912"
777714,"1,0001722"
777732,"0,9998942"
77774,"1,0000136"
777781,"2,9992180"
777763,"0,9998938"
777762,"1,9999323"
7777837,"2,9997071"
7777841,"3,0005248"
7777835,"2,9993518"
7777833,"3,0009386"
7777831,"3,0000382"
7777832,"2,9998741"
7777834,"2,9996263"
7777836,"3,0002134"
777611,"2,9795902"
776139673,"2,0001996"
776139675,"1,9952407"
776139674,"1,0001024"
776139681,"1,9998902"
776139691,"1,9999744"
776139683,"2,0000444"
776139692,"3,0000529"
776139693,"2,0000452"
776139662,"0,9999207"
77613923,"2,0000806"
77613926,"2,0000252"
77613925,"2,0064669"
77613922,"5,0003463"
776139652,"1,9999444"
776139661,"1,0001228"
776139653,"1,9999445"
776139663,"1,0000667"
776139682,"0,9999348"
776139671,"1,9991413"
7761424,"0,9998871"
777843,"3,0001015"
777841,"2,9999565"
777842,"2,9999275"
7778522,"2,9999780"
7776262,"2,9999461"
7776263,"3,0001002"
7778521,"2,9999575"
777838,"4,9999487"
7778451,"2,9999520"
777844,"2,9999685"
7778452,"5,0000060"
7778481,"3,0001010"
7778482,"5,0000587"
7778523,"5,0002216"
7778513,"3,0000855"
7778511,"2,9996826"
777839,"2,9997335"
7778551,"2,9999984"
7778531,"3,0025755"
7778533,"2,9999155"
7778453,"2,9998845"
7778362,"4,9999252"
777837,"3,0000218"
7778363,"2,9999383"
777835,"3,0001677"
7778233,"5,0001154"
7778342,"5,0002122"
7778361,"5,0000755"
7778273,"4,9999205"
77578893,"2,9999723"
775786463,"2,9998865"
775786464,"1,0000680"
77578894,"5,0000702"
775786942,"2,9998586"
775788893,"3,0000044"
77578888,"5,0001697"
775788891,"3,0000691"
77578943,"2,9999574"
775789451,"2,9864844"
7757894423,"2,9999595"
77578895,"3,0000505"
775786941,"3,0000517"
775789452,"3,0002316"
775788852,"2,9999709"
77578887,"3,0006427"
775788892,"2,9995590"
77578764,"0,9999942"
7757894421,"3,0004324"
775786465,"5,0000461"
7757894422,"5,0002373"
77578649,"3,0000311"
775786474,"1,0000022"
775789453,"2,9998713"
77578692,"4,9999953"
775786943,"3,0000669"
77578886,"4,9999871"
775789441,"2,9983857"
77578896,"2,9999019"
775789213,"2,9994804"
77578932,"3,0001744"
775789241,"5,0001997"
77578951,"3,0003761"
77578954,"5,0002184"
775789523,"3,0002114"
77578953,"3,0002006"
775789271,"3,0000084"
77578922,"1,0000106"
77578813,"3,0004437"
7757879,"2,9986993"
77578923,"3,0001959"
77578852,"3,0000631"
7757887,"2,9999079"
7757883,"2,9999108"
77578882,"3,0001076"
7757886,"2,9999251"
7757884,"1,9999506"
775789251,"3,0000738"
775788851,"3,0000483"
77578884,"2,9997979"
77578934,"3,0001274"
775789273,"3,0000716"
77578851,"2,9959690"
7757891,"3,0005484"
775789272,"4,9992369"
775789252,"4,9998688"
775789522,"4,9997094"
77578942,"4,9998165"
775789212,"5,0002941"
775789211,"2,9998901"
77578955,"3,0000021"
77578853,"2,9859913"
775789521,"5,0003758"
775789253,"2,9998952"
77578935,"3,0001612"
77578933,"2,9999580"
77578883,"2,9993043"
77578891,"3,0030680"
775788853,"3,0007762"
77578941,"2,9997265"
77578811,"2,9997216"
77578931,"3,0000077"
77578881,"3,0003655"
77578892,"2,9997104"
775786932,"2,9998520"
775786482,"2,9996888"
775786472,"5,0000212"
775786821,"2,9996762"
775786931,"3,0007485"
775786823,"3,0002922"
77578677,"2,9995598"
775786951,"2,9999916"
77578681,"2,9999008"
775786483,"1,9999422"
77578691,"2,9999858"
775786933,"3,0000263"
775787783,"0,9999964"
77578745,"2,9998949"
7757864382,"3,0002958"
775786436,"3,0000460"
77578761,"0,9999714"
77578763,"1,0000030"
77578744,"2,0000536"
7757864383,"3,0002221"
7757882,"2,9999287"
77578781,"2,9982265"
77578762,"0,9999862"
77578769,"0,9999799"
77578775,"2,9995241"
77578733,"3,0000241"
77578767,"1,0003513"
77578742,"2,9997785"
775787782,"5,0004027"
77578774,"5,0002255"
77578779,"3,0002312"
77578765,"1,0000004"
77578773,"3,0000575"
77578771,"2,9998546"
77578743,"2,0002940"
77578772,"1,9999638"
77578741,"2,9998208"
7757875,"2,9999633"
77578777,"2,9990566"
775787781,"1,9998636"
77578812,"0,9999513"
775786473,"2,0004225"
775786481,"2,9998886"
775786471,"2,9998750"
775786443,"1,0000395"
775786442,"4,9999083"
775786462,"2,9999325"
775786423,"2,9998897"
775786475,"2,8746798"
77578661,"2,0049146"
775786425,"2,0000674"
775786441,"3,0005108"
77578672,"2,9999554"
77578656,"3,0000473"
775786424,"1,9999547"
77578675,"3,0007058"
77578671,"2,9995001"
77578657,"2,9997730"
775786761,"2,0001970"
77578673,"3,0000425"
775786437,"3,0008370"
775786412,"1,9998163"
775786434,"2,9999839"
7757864381,"3,0000878"
775786431,"2,9996341"
775786432,"2,9997748"
775787323,"2,0000316"
775786411,"3,0311237"
775786435,"2,9997832"
77578651,"2,9998990"
775786421,"2,9997634"
775787322,"3,0000689"
775786433,"3,0020286"
775786413,"2,9996776"
775786439,"2,9998933"
775786422,"2,9997996"
77578653,"3,0000068"
77578652,"3,0002494"
77578655,"2,9997834"
77578654,"1,9999795"
77578645,"3,0003533"
775786461,"2,9996208"
77578766,"0,9999649"
77578768,"0,9999813"
775789494,"3,0003293"
77578992,"2,9999848"
77578995,"2,9999510"
775616692,"2,9999880"
775789933,"3,0002015"
775789496,"2,9995284"
77578998,"3,0000514"
775789932,"2,9998430"
775789963,"2,9982274"
77578985,"3,0000205"
775789961,"3,0012281"
77578997,"2,9999866"
775789461,"3,0000353"
775789462,"3,0001053"
775789493,"3,0002088"
77578947,"3,0000757"
77578991,"3,0007876"
77578957,"2,9999187"
775789443,"3,0000432"
77578971,"3,0001707"
775789491,"3,0001014"
77578973,"3,0002246"
775789463,"3,0000192"
775789931,"3,0000838"
775789445,"3,0000069"
775789492,"3,0003342"
77578948,"3,0001060"
775788973,"2,9999715"
775789455,"2,9998062"
77578956,"1,0000654"
775789444,"3,0001462"
775789454,"3,0001166"
775788971,"3,0000614"
775789724,"3,0000064"
775789725,"2,9999088"
77578981,"2,9999697"
77578983,"2,9997347"
77578982,"2,9999218"
775789721,"2,9990966"
77578984,"2,9999355"
775789722,"2,9996677"
775789723,"3,0000814"
77561664,"3,0001233"
77561643,"3,0001349"
77561655,"3,0002017"
77578929,"4,9998117"
77578928,"3,0001375"
775789275,"2,9982993"
77561658,"2,9999713"
77578963,"2,9999853"
77561661,"3,0000042"
77578962,"2,9999871"
77561651,"3,0000080"
775789274,"2,9999702"
77578961,"2,9999700"
777677,"3,0001881"
777679,"3,0000562"
7776742,"2,9999883"
7776811,"2,9991342"
777682,"4,9996383"
777683,"3,0005175"
777685,"2,9917077"
77582156,"3,0002154"
77582157,"1,9970569"
77582158,"2,0002767"
77582159,"1,9996896"
77582154,"1,0000218"
77582155,"2,0001781"
77582152,"3,0002041"
775821515,"1,9997722"
77582153,"2,0002393"
77582163,"1,9999872"
77594981,"1,0000220"
775949912,"2,9999547"
77594975,"0,9718754"
77594965,"1,0000160"
77594973,"0,9998793"
77594977,"1,0000548"
775949741,"1,0000273"
77582257,"2,0000543"
775949911,"1,0004578"
77594976,"0,9999565"
77594961,"0,9999105"
77582256,"3,0000476"
77582262,"1,9999635"
77594963,"1,9998806"
77594962,"0,9999357"
775821993,"2,9976045"
775821973,"3,0005974"
77582211,"1,9989926"
775821942,"1,9999785"
775821623,"0,9999746"
775821991,"3,0006247"
775821972,"2,9999196"
77582212,"2,9998699"
77582192,"0,9998924"
775821943,"1,9999703"
775821971,"3,0004030"
775821941,"1,9999412"
77582198,"1,0000090"
77582178,"0,9999476"
775821621,"1,9999090"
77582174,"1,0000920"
77582161,"1,9999099"
77582191,"2,9999710"
77582175,"2,9997320"
77582171,"3,0004444"
77582179,"2,9997206"
77582193,"2,9999728"
77582195,"2,9845632"
77582177,"2,9766304"
77582173,"3,0000648"
77583693,"0,9999066"
77583663,"0,9997474"
77583662,"1,0000549"
77582182,"0,9999344"
77583642,"0,9999838"
77582167,"2,9999415"
77582144,"2,9999078"
77582166,"0,9999914"
77582165,"1,9999510"
77582164,"1,0000200"
77583622,"1,0000002"
77583633,"0,9999584"
77583643,"1,0000054"
77583641,"0,9996732"
77583631,"0,9999260"
77583624,"0,9999185"
77583632,"1,0000446"
77583621,"0,9999201"
7758361,"0,9998421"
7758356,"1,0000145"
7758328,"1,0000060"
7758327,"0,9998788"
7758326,"0,9999690"
77583623,"0,9999870"
77583625,"1,0000413"
77582172,"0,9999857"
77582176,"0,9999658"
77583293,"1,0000213"
775821512,"1,0000431"
7758324,"1,0000097"
77583291,"0,9999160"
775821322,"1,0000790"
775821323,"0,9998870"
775821514,"2,9998867"
775821513,"2,0003487"
775949642,"0,9999529"
775949523,"2,9998060"
775949643,"0,9999450"
775949641,"0,9981582"
775821622,"3,0002031"
77582116,"0,9999597"
77582131,"1,9999983"
775821511,"1,9988344"
775821321,"0,9999745"
77582133,"1,9999693"
77594939,"0,9999424"
77594955,"1,0000338"
77594953,"0,9996056"
77582142,"1,0000166"
77582141,"3,0001455"
77582145,"3,0000067"
77594936,"2,0000035"
775949522,"2,9999656"
77594937,"0,9999407"
775949521,"2,9999924"
77594938,"1,0000582"
77582143,"2,9999490"
77594971,"1,0000527"
775949721,"1,0010778"
77594951,"0,9999897"
77594941,"1,0001578"
77594954,"1,0000530"
77583292,"0,9999205"
775822424,"2,9999261"
775822421,"3,0022632"
775822423,"2,9998337"
77582241,"1,9999792"
7758222,"3,0000019"
77582313,"2,9998913"
7758223,"2,0004469"
775822422,"1,9999026"
77582283,"0,9999330"
77582291,"0,9990132"
77582273,"0,9999531"
77582281,"0,9999943"
77582293,"0,9999921"
77582272,"2,9999682"
77582252,"2,9999445"
77582253,"2,0000100"
77582251,"2,0006057"
77582215,"1,9913911"
77582214,"3,0001209"
77582213,"1,9996840"
77582255,"1,9999087"
77582261,"0,9998272"
77594993,"0,9999625"
77582292,"1,0000552"
77582265,"1,0000473"
77594995,"1,0000590"
77582264,"3,0001070"
775949921,"1,0000217"
77594997,"2,0000513"
775949922,"1,0000612"
775949913,"1,0003139"
77594996,"1,0000520"
77582263,"1,9993814"
77594994,"1,0000054"
775949923,"0,9999632"
77594998,"0,9999645"
77594999,"0,9999545"
77582294,"1,0000450"
77582282,"0,9999500"
775822973,"2,0022236"
775822975,"2,0000994"
775822971,"0,9999699"
77582295,"1,0000896"
775822991,"1,0008830"
77582254,"2,9999886"
77582271,"1,9999827"
77582311,"3,0001548"
7758413,"2,0049575"
7758415,"2,0003723"
7758414,"0,9999472"
7758411,"2,0004149"
77585173,"2,9996140"
77584122,"2,9999915"
77584121,"1,0000036"
77584123,"4,9995511"
77585181,"1,0001669"
77585171,"3,0000302"
77585182,"1,0000319"
77585154,"1,0000412"
7758519,"3,0002588"
77583651,"0,9999396"
77583653,"1,0001198"
77583654,"1,0000453"
77583652,"0,9998982"
7758446,"0,9998854"
77584163,"0,9999481"
77583692,"0,9999480"
7758444,"0,9999673"
77582187,"0,9999629"
7758445,"1,0000745"
77584162,"1,0000157"
77584161,"1,9999422"
77583656,"1,0000636"
7758368,"0,9999934"
7758367,"1,0000489"
77583655,"1,0001632"
77583657,"0,9997804"
77583661,"1,0000776"
77583691,"0,9999276"
77585155,"2,9993004"
7758417,"2,0000948"
7758442,"0,9999745"
7758443,"1,0000844"
77614661,"3,0023948"
77614992,"3,0001413"
77614694,"3,0002508"
77614995,"2,9996875"
77632495,"3,0000613"
77614695,"3,0002583"
77614693,"3,0001259"
77632494,"0,9999776"
77614991,"2,9999869"
77614643,"2,9999329"
77614967,"3,0000170"
7761471,"3,0006691"
77614623,"2,9996015"
77614621,"3,0003786"
7761461,"2,9997345"
77614721,"3,0000150"
7761248,"2,9997410"
77614731,"2,9996417"
77614652,"2,9997713"
7761468,"2,9998917"
77614642,"3,0001392"
77614624,"2,9999752"
77614651,"2,9997870"
77614641,"3,0000136"
77614633,"3,0003144"
77614662,"3,0002837"
77614653,"3,0007920"
77614632,"3,0002857"
7761488,"3,0004116"
77614631,"2,9996828"
77614722,"4,9999226"
776149642,"4,9996782"
776149643,"3,0001841"
7761489,"3,0000827"
7761482,"2,9998823"
77614772,"3,0002903"
77614723,"2,9998773"
7761481,"2,9999100"
7761485,"3,0133942"
7761483,"3,0002196"
77614911,"3,0003057"
7761487,"3,0000802"
7761479,"3,0001534"
7761484,"2,9997826"
7761486,"2,9999530"
77614751,"3,0000053"
77614965,"3,0000255"
776149641,"2,9995014"
77614966,"3,0000492"
77614963,"3,0004237"
77614974,"3,0002337"
77614977,"2,9998704"
77614971,"2,9997612"
77614962,"3,0000457"
7761495,"2,9997884"
77614961,"2,9998037"
7761492,"3,0001185"
77614915,"2,9992641"
77614773,"3,0000916"
7761476,"2,9998933"
77614771,"3,0019311"
77614753,"2,9995931"
77612475,"2,9999597"
77614752,"2,9997827"
7761246,"1,9999983"
77612474,"2,0001776"
7761493,"2,9999222"
77614941,"2,9987669"
77614994,"3,0002323"
77614993,"2,9999760"
77614917,"3,0028994"
7761279,"3,0010937"
7761291,"3,0004142"
77578421,"3,0003702"
7757855,"2,9992577"
7757853,"3,0007264"
77578711,"3,0007528"
77578613,"2,9999129"
77578621,"1,0000134"
77578713,"3,0001825"
77578721,"3,0032709"
77578632,"2,9996985"
77578611,"3,0002635"
77578631,"2,9917116"
77578633,"3,0000576"
77578731,"3,0054600"
775787321,"3,0001914"
77578423,"3,0010146"
77578452,"0,9999455"
77578712,"2,9999623"
7757847,"2,0001068"
77578425,"2,9999822"
775784621,"3,0000170"
77578422,"1,0000199"
77578461,"2,9997736"
77578453,"1,9984298"
77578451,"2,0000890"
77578463,"2,0000223"
77578424,"5,0005691"
775787232,"3,0001169"
775787231,"3,0001286"
77578722,"0,9999207"
775784622,"3,0001927"
775784623,"2,9998409"
77578465,"4,9998367"
775784642,"0,9998180"
77578725,"1,9999056"
775784641,"1,9999656"
775787233,"2,9994188"
775784643,"1,0000583"
77578727,"1,9999847"
77578493,"3,0000623"
77578494,"5,0000241"
77578495,"5,0001671"
77578492,"2,0000712"
77578491,"1,9999314"
7757848,"2,9999492"
77578728,"3,0004955"
77578776,"0,9999713"
775787294,"1,0001571"
77578782,"2,0000392"
775787241,"2,9960089"
77578784,"4,9998115"
775787291,"2,9999540"
775787293,"2,9996884"
775787243,"3,0000963"
77578783,"5,0000023"
775787242,"1,0000665"
77578726,"1,0000326"
77578229,"1,0001011"
77578228,"2,0004095"
775782352,"0,9999795"
7757823593,"0,9991353"
77578225,"1,0000175"
775782354,"0,9999944"
7757823591,"1,9999191"
775782358,"2,0001761"
775786294,"1,0000196"
775782355,"2,0017155"
775782357,"2,0003920"
775782353,"2,0009399"
77578237,"1,0001795"
77578223,"1,9999864"
7757823592,"5,0004352"
77578224,"0,9999392"
7757823513,"2,0000609"
775782356,"0,9999127"
77578222,"2,0000832"
775786281,"0,9998566"
775786282,"1,0000411"
775786283,"0,9999809"
775786241,"1,0000301"
775786242,"3,0001097"
77578626,"0,9999990"
77578622,"1,9999911"
775786243,"0,9999922"
77578623,"0,9999929"
77578625,"1,0000076"
77578627,"1,0000267"
775786291,"1,9995205"
77578612,"1,0000182"
7757854,"1,0000038"
775786293,"2,0000835"
775786295,"2,0001503"
775786299,"1,0000567"
77578389,"3,0000222"
77578384,"1,0000993"
775786296,"0,9999894"
775786292,"1,0000038"
775786297,"1,0001406"
77578382,"0,9999398"
77578388,"2,0000596"
77578386,"0,9999971"
775786298,"0,9998994"
77578387,"3,0000636"
77578665,"0,9999954"
77578663,"2,0001167"
775786621,"2,0000617"
77578263,"1,0000177"
775782543,"1,9999311"
775782542,"0,9999863"
77578226,"1,9999932"
77578262,"1,0000040"
77578227,"0,9999477"
77578385,"2,0008901"
77578383,"1,9985894"
77578688,"1,9998022"
77578686,"0,9999550"
775786822,"4,9998459"
775786622,"4,9997660"
775782942,"0,9999517"
77578684,"2,9999780"
77578664,"2,0001148"
775786763,"1,9999518"
77578683,"3,0000056"
775786824,"3,0000199"
775786762,"2,0000382"
77578674,"5,0002529"
775786623,"2,0000998"
77578689,"2,0000152"
77578685,"2,0007937"
77578687,"1,9997228"
775782992,"1,0000274"
77578696,"2,9999106"
775782993,"2,9995186"
775782991,"2,0005649"
775786825,"3,0001436"
775782995,"2,9999462"
775782994,"4,9999164"
7758516,"3,0000736"
775782943,"1,0000300"
777574,"2,9993312"
7775811,"3,0001113"
7775813,"3,0020687"
7775831,"2,9983365"
7775833,"2,9999909"
775786991,"3,0001074"
775786971,"3,0001714"
775786973,"3,0000404"
775786953,"2,9997035"
775786992,"2,9998109"
775786952,"3,0002005"
775788972,"3,0001910"
77578898,"2,9999115"
775786993,"2,9999063"
775786972,"2,9998842"
775853126,"2,9998877"
775853124,"2,9999573"
775853125,"2,9998427"
775853123,"3,0004418"
775853141,"2,9999240"
775853122,"2,9998616"
77585172,"3,0000041"
7778168,"2,9998339"
777811,"2,9962082"
7778161,"5,0003504"
7778162,"4,9999840"
777782,"2,9999166"
777815,"3,0023073"
7777871,"2,9999521"
777786,"2,9998985"
7777873,"3,0001308"
777788,"5,0007296"
7777872,"2,9999029"
77781693,"4,9999461"
77781695,"5,0001570"
77781694,"5,0002785"
77781692,"4,9994890"
7778166,"5,0002377"
77781696,"5,0002817"
7778346,"5,0000648"
77781645,"5,0001914"
7778323,"4,9999612"
7777892,"4,9999720"
7777891,"5,0002909"
77781697,"4,9999460"
7777893,"5,0001783"
7778121,"4,9972607"
77781651,"4,9975388"
777819,"2,9992366"
7778167,"5,0022112"
77781691,"5,0021377"
777814,"5,0001884"
7778163,"5,0000004"
777813,"2,9996463"
777831,"2,9999443"
777817,"3,0003483"
77781653,"4,9998900"
7778321,"5,0002454"
77781641,"4,9999599"
77781642,"5,0001717"
777818,"4,9994496"
77781644,"5,0004299"
77781652,"5,0001224"
777821,"4,9997823"
77781643,"5,0004949"
7778345,"4,9997627"
7778344,"4,9998937"
7778341,"5,0023247"
777833,"2,9999752"
7778343,"4,9995093"
7778322,"5,0000571"
7778347,"4,9999187"
777785,"3,0000983"
77613241,"0,0000000"
77613237,"2,0000713"
7761325,"1,9996704"
77613261,"2,0001026"
7761327,"2,0000925"
77613222,"0,9998510"
77613233,"1,9996033"
77612142,"1,9997376"
77613235,"2,0001393"
77613232,"2,9997259"
77613224,"0,9999571"
77613262,"2,0000890"
77612169,"0,9999964"
77613263,"2,0004043"
77613266,"1,9997304"
77613236,"1,0000226"
77613292,"0,9999546"
77613281,"2,0001497"
77613291,"1,9999159"
77613293,"2,0000346"
776132951,"1,9996631"
77613265,"2,0006775"
776121642,"0,9999550"
776121551,"2,0000157"
77612152,"0,9999808"
77612144,"1,0000330"
776121552,"1,0000112"
77612147,"1,0000004"
776121553,"1,9998992"
77612146,"2,9997204"
77612145,"1,0000506"
77612143,"0,9997406"
77612168,"3,0000640"
77613243,"1,0000329"
776121533,"2,0031123"
776121532,"3,0008063"
77612141,"2,0000856"
77613445,"1,0000170"
77613225,"0,9999449"
77613223,"0,9977848"
776121583,"2,9996560"
77612166,"0,9999704"
77612163,"0,9998550"
77612167,"1,9999806"
77612159,"1,9999596"
77612165,"2,0003126"
77612172,"1,0000172"
77612148,"1,9998139"
776121582,"3,0003159"
776121581,"2,9998862"
77612171,"2,0004309"
77612157,"1,9994137"
776121555,"1,9999479"
77612149,"0,9999450"
776121554,"5,0005829"
77758763,"2,9996799"
77758734,"5,0000404"
77758761,"3,0023334"
77758781,"5,0028432"
77758762,"4,9999887"
77758776,"3,0001574"
77758764,"3,0004912"
77758782,"4,9996259"
77758777,"3,0001137"
77758783,"5,0002468"
77758775,"2,9994134"
7775865,"4,9999051"
7775861,"5,0003939"
7775863,"5,0000442"
77758732,"4,9998439"
7775864,"2,9997963"
77758765,"5,0000086"
7775887,"5,0001747"
7775885,"4,9985455"
7775881,"2,9986638"
7775883,"4,9995400"
77758793,"2,9999879"
77758791,"3,0010378"
7772552,"5,0004738"
7772553,"2,9997930"
7772551,"2,9999015"
777256,"2,9999401"
777257,"3,0001204"
777258,"5,0000335"
7772621,"3,0001066"
777259,"3,0001586"
777261,"2,9999284"
7772721,"2,9999371"
777271,"3,0000426"
7772722,"4,9998899"
77716263,"4,9995501"
77716262,"2,9992690"
77716253,"2,9999453"
77716254,"3,0002487"
777252,"3,0000184"
777253,"2,9998969"
77716255,"3,0000401"
777251,"2,9999883"
777254,"3,0000993"
777263,"2,9999425"
77716294,"3,0000376"
77716229,"5,0001457"
777239,"3,0000698"
77716228,"5,0000448"
77716226,"4,9999912"
7772362,"5,0002637"
77716252,"2,9999876"
777241,"4,9999299"
77716245,"3,0003419"
77716244,"3,0002038"
77716261,"4,9996105"
777238,"4,9999035"
7772322,"4,9999113"
7772321,"5,0001278"
7772323,"2,9998151"
777237,"2,9999731"
777235,"2,9999212"
777234,"2,9999207"
7772313,"2,9994894"
777233,"2,9997877"
7772311,"2,9996685"
777275,"3,0002841"
7772761,"2,9999800"
777277,"2,9980165"
777274,"4,9999535"
777273,"3,0000032"
7761696,"3,0000937"
7761699,"2,9999125"
7772723,"3,0000602"
777278,"2,9999442"
777291,"3,0000063"
777279,"5,0001791"
7772762,"3,0002577"
77716298,"4,9999794"
77716299,"3,0000092"
777162963,"2,9996858"
777162962,"3,0001176"
777293,"4,9991808"
777162961,"3,0004360"
77716295,"2,9970240"
77716297,"3,0005589"
777162932,"2,9999382"
77616861,"5,0002554"
77616863,"4,9998777"
7761684,"4,9998264"
77616862,"5,0002700"
77616823,"2,9998903"
7761685,"3,0002184"
7761688,"3,0002410"
7761687,"3,0002481"
7761689,"4,9999424"
7761667,"2,9999772"
77716993,"0,0000000"
77716992,"5,0002532"
7761683,"3,0000552"
77716292,"5,0011776"
7771628,"4,9999739"
7771698,"4,9993539"
77716842,"4,9999037"
7771627,"3,0010852"
777162931,"3,0006594"
77716291,"3,0038405"
777162933,"2,9874040"
7761698,"2,9999187"
77616644,"2,9998861"
77616932,"1,9998485"
77616953,"2,9997780"
7761697,"3,0067775"
77616821,"2,9993023"
77616912,"2,9999123"
77616822,"2,9999326"
77616933,"2,9999765"
77616931,"2,9999518"
77616925,"3,0002219"
77616943,"2,0002161"
77616942,"2,9996748"
77616923,"3,0006420"
77616921,"2,9988105"
77616913,"3,0001431"
77616922,"2,9999790"
77616911,"3,0003361"
7761672,"3,0001678"
7761674,"3,0002397"
7761681,"2,9961844"
7761677,"3,0003188"
7761657,"3,0000859"
7761661,"3,0001200"
7761676,"2,0000025"
7761665,"3,0001050"
7761675,"3,0000779"
7761656,"2,9999331"
7761671,"2,9993695"
7761673,"2,9994148"
7761648,"2,9999746"
77616494,"2,0002626"
77616641,"2,9997055"
7761662,"2,9998729"
77616643,"2,9994103"
7761666,"3,0000017"
7761663,"2,9964651"
77616642,"3,0000988"
7761628,"2,9998666"
7761626,"3,0000642"
77612473,"1,9997355"
77612472,"1,9998913"
77612491,"2,9944846"
77612423,"3,0001615"
7761241,"1,9999202"
7761245,"2,0001974"
7761243,"2,0001318"
77612421,"3,0003260"
77612422,"3,0001732"
7761239,"1,9999915"
7761251,"2,0489518"
77612521,"1,9999103"
7761238,"2,0000087"
7761237,"1,9999960"
77612471,"2,0010056"
77612311,"1,9999266"
77612312,"1,0000661"
7761233,"1,9985967"
77612313,"1,9999110"
7761235,"2,0000494"
77612181,"0,9999206"
77612523,"2,0004196"
77612522,"1,9998642"
77594982,"2,9999954"
77594983,"1,0000183"
77612563,"1,0000118"
775949743,"1,0000497"
77594985,"1,0000562"
77612363,"0,9999862"
77594984,"1,0000441"
77594947,"0,9999622"
775949742,"0,9999938"
77612362,"1,0001195"
77612345,"2,0000660"
77612361,"1,0000237"
77612341,"1,0001659"
77612342,"1,0001374"
77612343,"1,0000047"
77612562,"1,0000534"
77594945,"1,0001611"
77594946,"0,9999342"
775949723,"1,0000842"
775949722,"0,9999033"
77594935,"1,0001352"
775949441,"0,9997651"
77594934,"0,9999692"
77594943,"1,0002855"
77594942,"0,9999826"
775949443,"1,0000907"
775949442,"1,0000000"
775949445,"1,0000627"
775949444,"0,9999850"
77612185,"1,0000182"
77612344,"1,0000929"
77594927,"0,9999677"
77594924,"1,0000206"
7778595,"2,9999841"
7778593,"2,9968042"
77785971,"2,9999819"
777859741,"5,0000831"
77785973,"3,0145251"
7758159,"2,0000279"
77581541,"1,9996065"
77581543,"3,0020708"
77581542,"1,0000264"
77581521,"2,0000326"
7758163,"0,9999816"
7758175,"2,0002355"
7758166,"1,0000150"
7758177,"1,9999426"
7758162,"3,0003662"
7758181,"1,0000004"
7758164,"2,9996497"
7758165,"0,9992873"
77581671,"1,0000506"
7758176,"1,9999683"
77581941,"1,0002615"
7758193,"1,9997210"
7758195,"2,0000386"
7758173,"1,9998262"
7758157,"2,0005025"
7758171,"1,9999853"
7758191,"2,0005264"
7758192,"5,0001392"
7758161,"2,0020982"
775812293,"3,0000078"
7758174,"2,0001879"
7758172,"3,0000312"
77581942,"1,0000119"
77581228,"2,9998466"
77581227,"3,0001151"
775812291,"3,0004094"
7759283,"2,9999400"
7758147,"1,0000385"
77581461,"1,9994036"
77581463,"2,0003185"
77581423,"1,9999450"
7759295,"5,0000040"
7758196,"1,0001000"
77581673,"0,9999695"
7758183,"0,9998824"
7758182,"0,9999679"
77581523,"1,0000653"
7758149,"1,0000022"
77581466,"0,9999873"
7758148,"0,9999946"
77581545,"2,9999795"
775812951,"2,0000732"
775812952,"5,0001831"
7758198,"2,9997353"
775812295,"1,9999906"
77581296,"5,0000375"
775812991,"1,0000690"
77581943,"0,9999893"
77581298,"0,9998932"
7758314,"0,9999070"
775812953,"2,0009987"
77581297,"0,9999918"
775812294,"2,9999695"
775812292,"2,9999944"
7758313,"1,9999049"
77581293,"2,0001801"
77581442,"1,0000729"
77581432,"1,0001232"
77581672,"1,0000681"
7758197,"2,0001532"
77581992,"0,9999550"
77581993,"1,9966444"
77582111,"2,0002738"
77581991,"2,0005920"
7758315,"1,9994538"
7758311,"1,9993365"
77581452,"1,9997665"
77581443,"0,9999990"
77581451,"2,0000802"
77581522,"0,9998584"
77581453,"1,9999391"
77581544,"0,9999389"
77581415,"1,9997775"
77581433,"1,9990398"
77581413,"2,0004305"
77581441,"1,0000771"
77581431,"2,0001571"
77581412,"0,9999881"
77581411,"2,0002072"
77581414,"2,9998994"
7759223,"3,0000144"
7759224,"3,0001850"
7759227,"2,9996731"
775925,"2,9998960"
7759273,"4,9999616"
7759222,"4,9998251"
7759293,"3,0000745"
7759281,"2,9998786"
77581421,"2,9999759"
775947225,"3,0000318"
7759243,"4,9997641"
7759271,"5,0007623"
7759262,"5,0002503"
7759291,"5,0000683"
7759226,"3,0000279"
7759282,"3,0000573"
7759241,"4,9997089"
7759261,"4,9983237"
7759225,"2,9999488"
77581422,"4,9997535"
7759292,"4,9997700"
7759263,"5,0002891"
7759272,"5,0000116"
7759294,"2,9999118"
775923,"5,0001105"
7759221,"3,0003333"
775947223,"3,0000274"
775947224,"2,9999218"
775921,"3,0000970"
775781493,"1,9998734"
7758332,"2,0000734"
775812993,"0,9999934"
775782381,"2,0002076"
775782383,"1,9999133"
775782382,"1,0000434"
77578236,"3,0001491"
775781492,"2,9998658"
77581292,"4,9999318"
77581294,"4,9995853"
775812992,"0,9999870"
7758333,"1,9999957"
7758331,"2,0007594"
7758168,"0,9997488"
77582114,"1,9998010"
7758185,"1,0001044"
775947672,"0,9999560"
775947673,"0,9999401"
775947681,"1,0000816"
775947691,"0,9999141"
77594788,"0,9999592"
775947891,"0,9999985"
775947892,"0,9999686"
775821223,"0,9998510"
77594931,"1,0000329"
77582123,"0,9999827"
775949171,"0,9994643"
77594916,"3,0002305"
775949133,"0,9998837"
775949135,"0,9999898"
775947697,"1,0000039"
77594919,"0,9996021"
775947692,"0,9999881"
775947893,"0,9999442"
77594918,"0,9999298"
77594932,"0,9999887"
775949172,"0,9999412"
775947695,"0,9996735"
775949173,"1,0000534"
775947682,"0,9999533"
77582121,"1,0000065"
775947683,"0,9999713"
77582119,"2,0000304"
775947696,"0,9998992"
775947693,"1,0005883"
775947694,"1,0000181"
77582118,"0,9999694"
7758169,"1,0001032"
77582115,"2,0000842"
77582117,"2,0002824"
77583235,"1,0000043"
77583231,"1,0000376"
77583232,"2,9999806"
7758321,"0,9999645"
7758325,"0,9997619"
77583234,"2,9998817"
77583233,"1,9999976"
77582113,"2,0000453"
7758184,"1,0002467"
7758312,"2,9999682"
7758322,"0,9999573"
77582112,"5,0000195"
775821222,"0,9998747"
775821221,"0,9993468"
77594933,"0,9993956"
7761654,"1,9999171"
7761655,"3,0030101"
7761653,"2,9999520"
7761624,"1,9999475"
7761644,"2,9999142"
7761652,"2,9998351"
7761647,"1,9997965"
77616491,"1,9999422"
77616424,"2,9998468"
77616462,"2,9998598"
7761645,"2,0000868"
77616461,"2,9997931"
7761643,"1,9997717"
77616463,"3,0003169"
77616464,"3,0000237"
77616413,"3,0001952"
77616423,"3,0030323"
77616421,"3,0016394"
77616493,"1,9999863"
776164221,"3,0002117"
7761627,"2,9984399"
7771871,"2,9996740"
7771843,"1,9984296"
7771845,"2,9998225"
777185,"3,0000462"
7771844,"0,9999435"
7771841,"3,0002761"
7771842,"3,0002076"
7771823,"0,9999573"
77716212,"4,9998876"
77716223,"3,0004293"
77718723,"3,0002683"
7771861,"4,9999647"
7771873,"3,0000299"
7771862,"3,0003398"
7771891,"3,0084378"
7771893,"3,0001701"
7771881,"4,9997796"
7771863,"2,9997317"
7771895,"2,9998648"
7771882,"5,0002207"
7771894,"3,0006954"
7771892,"4,9999973"
77718721,"2,9991371"
77718722,"2,0007919"
7771883,"3,0003818"
777183,"3,0004058"
7771822,"2,0006912"
7771821,"2,0007992"
777198,"4,9999190"
77716225,"2,9993244"
77716224,"3,0001364"
77716222,"2,0001185"
77716227,"4,9968079"
7772363,"4,9999038"
7772312,"4,9997541"
7772361,"3,0000132"
7771912,"0,0000000"
7771934,"1,0000627"
7771922,"0,0000000"
7771932,"0,9991547"
777194,"2,0000226"
777196,"3,4664012"
7771992,"5,0003507"
7771921,"0,9994411"
777181,"0,0000000"
7771923,"0,0000000"
777176,"3,0001121"
777174,"5,0005653"
777178,"2,9998509"
777172,"2,9995982"
775947442,"1,0000530"
775947443,"1,0000267"
77594692,"0,9999858"
77612154,"2,9997351"
77594826,"0,9999417"
775948522,"1,0000055"
77594824,"1,0000243"
77594841,"0,9999476"
77594697,"0,9999827"
775948523,"0,9999972"
77594682,"0,9999331"
77594842,"1,0000085"
77594683,"1,0000052"
77594748,"1,0000521"
77594844,"0,9999833"
77594853,"1,0000610"
775947495,"0,9999674"
77594845,"1,0000465"
77594827,"1,0000016"
77594843,"1,0001068"
77594822,"1,0000089"
775947491,"1,0000123"
775947473,"0,9999774"
7759483,"0,0000000"
775947492,"0,9999959"
775947462,"0,0000000"
775947463,"0,0000000"
77594794,"4,9998794"
77594823,"0,0000000"
775948121,"0,0000000"
77594813,"0,0000000"
775948122,"0,0000000"
775947493,"1,0000342"
775947475,"0,9999383"
77594821,"0,0000000"
775947464,"5,0001777"
77594811,"0,0000000"
775947474,"0,0000000"
775948123,"0,0000000"
775948521,"0,0000000"
77594825,"0,0000000"
77594851,"1,0000018"
775947465,"2,0000533"
775947472,"0,0000000"
77594694,"1,0001257"
77594696,"0,9999718"
77594695,"0,9999604"
77594693,"1,0000756"
775947494,"1,0000579"
77758937,"2,9999979"
7775895,"4,9998135"
77758936,"3,0004425"
7775897,"5,0000912"
77758941,"5,0032418"
77758942,"4,9999671"
77758943,"4,9908520"
77758935,"2,9998955"
77758991,"5,0025533"
77758932,"2,9996595"
77758933,"2,9997554"
77758931,"3,0000625"
7775886,"5,0000778"
7775882,"2,9998803"
7775891,"2,9995724"
77758921,"2,9966273"
7774521,"2,9999551"
7774262,"2,9997003"
777435,"4,9988887"
777451,"4,9998992"
7774523,"4,9999487"
7774522,"5,0003781"
7774263,"2,9990176"
7774524,"4,9998083"
777455,"4,9994978"
777453,"5,0001763"
777454,"4,9999215"
777434,"5,0004729"
777431,"5,0001800"
777433,"4,9994303"
777432,"4,9997738"
7774432,"5,0008270"
777441,"5,0003260"
77582184,"3,0003162"
77582186,"1,9998904"
77584523,"2,0000148"
77584522,"0,9998838"
77582322,"0,9999987"
77584527,"0,9999865"
77584525,"2,0003623"
77584526,"1,0000325"
77584524,"1,0000680"
7758447,"1,0000652"
7758448,"0,9999448"
77582185,"2,0000923"
77582196,"2,9999537"
77582183,"1,9998561"
77582181,"2,0000612"
775823123,"2,9999640"
775823122,"3,0000983"
775823121,"1,0000214"
775821992,"2,9998075"
77582323,"0,9999734"
77582321,"0,9994918"
77582326,"1,0000743"
77582325,"1,0000366"
77582324,"1,0000648"
7758449,"1,0000377"
77582332,"3,0000832"
77582327,"0,9999495"
77612184,"0,9999236"
77612183,"0,9997064"
77612182,"0,9999931"
77594893,"0,9999561"
77594892,"1,0000147"
776121563,"0,9999984"
775948623,"0,9999618"
776121562,"2,0000482"
776121561,"2,0003036"
77594865,"0,9999572"
77594864,"1,0000461"
7759487,"1,0000958"
77594891,"1,0001356"
77594882,"0,9999854"
77594883,"1,0000302"
77594881,"0,9996313"
77594885,"1,0000270"
775949262,"1,0000124"
77594884,"1,0000740"
77594914,"0,9999887"
77594863,"0,9999532"
775948621,"0,9999653"
775948622,"0,9999423"
775949263,"1,0000405"
77594861,"0,9998120"
77594923,"1,0002224"
77594922,"1,0000491"
77594925,"0,9999862"
77594921,"0,9993794"
775949261,"1,0037669"
77594915,"1,0004506"
775949136,"0,9999514"
775949137,"0,9999176"
775949134,"1,0000097"
777413,"2,9993901"
777415,"2,9991694"
7774121,"3,0013268"
7774122,"5,0011342"
7775296,"2,9999308"
7774125,"3,0004330"
7775123,"5,0001836"
7775122,"4,9999415"
7774124,"4,9998382"
7775297,"5,0012248"
7775295,"2,9995761"
7774123,"3,0021716"
777411,"3,0721722"
776197,"2,9997115"
7761962,"5,0006744"
776198,"4,9995300"
776211,"3,0001826"
7763316,"1,9998642"
7762211,"2,9998971"
7763313,"2,9999837"
7762122,"5,0000313"
776217,"2,9999006"
776215,"3,0070839"
7763315,"2,9997252"
776311,"5,0004321"
7762121,"3,0000128"
776315,"3,0004248"
776316,"2,9998757"
7762221,"2,9997534"
776213,"2,9999450"
7763311,"3,0007793"
7762123,"5,0000668"
776317,"3,0001012"
776216,"5,0000679"
7762314,"2,9998514"
776313,"2,9992400"
776314,"3,0000081"
776214,"3,0001191"
776312,"1,0000184"
7761965,"4,9995206"
7762124,"4,9999532"
7761967,"5,0001654"
7762222,"4,9997205"
776199,"2,9917135"
77622681,"3,0004908"
77622675,"1,9999933"
77622691,"1,9994892"
7762265,"3,0000168"
7762284,"4,9997712"
77622633,"2,9998451"
77622671,"3,0015788"
77622683,"3,0000707"
77622672,"5,0002977"
77622673,"3,0000641"
77622674,"3,0000799"
776244383,"3,0000786"
77622682,"4,9998272"
7762215,"2,9883951"
7762231,"3,0001990"
7762213,"2,9999485"
7762214,"4,9997378"
7762232,"4,9998356"
7762311,"3,0014406"
7762243,"2,9999603"
7762313,"3,0001326"
7762245,"2,9999098"
7762233,"2,9998638"
7762312,"5,0001755"
7762342,"1,9999722"
7762225,"3,0000582"
7762223,"2,9997411"
7762252,"4,9997189"
7762229,"1,0000399"
7762224,"4,9996391"
7762244,"2,9999192"
7762242,"3,0001479"
7762251,"3,0013594"
776227,"3,0001000"
7762255,"3,0004087"
7762292,"5,0000913"
7762291,"3,0002207"
7762253,"3,0014219"
7762241,"3,0012037"
77622994,"4,9993029"
77624418,"2,9999206"
77622945,"5,0000119"
77622941,"4,9998908"
77622991,"5,0007031"
77622944,"4,9996197"
776244323,"3,0002280"
77622993,"4,9993365"
77622942,"4,9998842"
776244325,"3,0001618"
77622943,"4,9997664"
77622992,"4,9999490"
7762297,"4,9852745"
7762298,"3,0000568"
7762293,"4,9996049"
77622995,"5,0004398"
7762295,"5,0002326"
7762296,"4,9997152"
7762261,"3,0000957"
7762282,"5,0003062"
77622832,"1,0000479"
77622833,"2,9999436"
7762281,"3,0001247"
77622831,"3,0013743"
7762254,"1,0000296"
77622623,"5,0001628"
77622622,"1,9999597"
77622621,"3,0148421"
7763212,"4,9999014"
776179842,"1,0000726"
776179841,"3,0013182"
77617985,"3,0000098"
7763211,"3,0002604"
77617986,"3,0000571"
77617983,"2,9997368"
7762285,"3,0002779"
77624436,"2,9999796"
7762289,"2,9999683"
776244324,"2,9998502"
7762288,"5,0000381"
7762286,"5,0002124"
7762287,"3,0000642"
776244322,"2,9998193"
7778995,"4,9996708"
7778996,"5,0001475"
7778997,"5,0123248"
77789935,"4,9997619"
7762884,"4,9997642"
7762886,"4,9999081"
7762887,"4,9999032"
77789934,"5,0002765"
77624993,"5,0007767"
7778994,"4,9998233"
77789913,"4,9996472"
7778999,"4,9998951"
77789933,"5,0008931"
77789931,"5,0022293"
77789932,"4,9995970"
7778992,"4,9994552"
7778985,"4,9999525"
7778983,"4,0048896"
77789912,"4,9992118"
77628963,"4,9997953"
77586171,"2,9978719"
77586173,"3,0002118"
77586172,"3,0000694"
77586181,"3,0000812"
775856991,"2,9974630"
77585697,"3,0000622"
77586185,"2,9998942"
77585694,"2,9998339"
77564842,"2,9998203"
77564822,"3,0002944"
77585682,"2,9998668"
775856996,"2,9998724"
77585696,"3,0000276"
77586182,"2,9997493"
77585698,"2,9998957"
775856994,"3,0001984"
77585695,"3,0005417"
77586122,"2,9998235"
77564892,"2,9996945"
775856992,"3,0002351"
7758563,"2,9997255"
7756488,"2,9999385"
7756462,"2,9999677"
77564843,"2,9998795"
77585693,"2,9984453"
775856913,"2,9999721"
775856995,"3,0292537"
77564893,"2,9999662"
77564812,"3,0000583"
77564823,"2,9999556"
77585651,"2,9967900"
775856911,"2,9997847"
77585683,"2,9998682"
7758567,"2,9998779"
77585641,"2,9999690"
77585643,"2,9998525"
77585642,"2,9998947"
77585681,"3,0026303"
775856993,"2,9996109"
77585653,"2,9998798"
775856997,"3,0000353"
7756465,"3,0000698"
7756449,"3,0000037"
77585692,"2,9998698"
77585732,"3,0001118"
7758561,"2,9999433"
775856912,"2,9999202"
7758566,"2,9999621"
77585622,"2,9998709"
7758578,"3,0001194"
77585652,"2,9999258"
77585621,"2,9997890"
77586131,"3,0000215"
77586152,"3,0001330"
77586134,"3,0003416"
77586153,"3,0002694"
77586151,"2,9999476"
77586141,"3,0000605"
77586121,"2,9998577"
77585792,"3,0001306"
77586161,"2,9997193"
77586111,"2,9999126"
77586132,"2,9999760"
77586154,"3,0001887"
77586135,"3,0091067"
77586113,"3,0004870"
77586123,"2,9999441"
77586155,"2,9990106"
77586133,"2,9996449"
77586112,"2,9999479"
775873,"2,9999762"
7758742,"3,0000185"
77586143,"3,0001261"
7758714,"2,9998539"
7758712,"3,0000222"
77586142,"3,0001106"
7758825,"2,9998005"
77586162,"3,0001761"
77586163,"3,0001240"
7758822,"3,0000521"
7758652,"2,9998343"
7758657,"2,9991739"
7758656,"2,9994717"
7758651,"3,0001109"
7758653,"3,0003247"
7758626,"3,0001992"
7758619,"3,0000139"
775863,"3,0000806"
7758623,"2,9959056"
7758627,"2,9999162"
7758622,"2,9999438"
7758625,"3,0000989"
7758624,"3,0002278"
7758655,"3,0007223"
7758621,"2,9999372"
7758662,"3,0001349"
7758642,"2,9999448"
7758645,"2,9988835"
77566529,"3,0002164"
7758641,"3,0003737"
77586462,"3,0004740"
7756497,"3,0000457"
77586183,"2,9998755"
7758647,"2,9998914"
7758643,"2,9998252"
7758644,"2,9997259"
77586184,"2,9998959"
7758761,"2,9999907"
7758817,"2,9996969"
7758813,"2,9998321"
7758791,"3,0038330"
7758741,"3,0000104"
7758745,"2,9998841"
7758823,"2,9999549"
77587921,"3,0009611"
7758821,"2,9997115"
7758744,"2,9998724"
7758816,"2,9998603"
77587923,"3,0002065"
77587922,"2,9999891"
775877,"3,0001738"
7758815,"3,0002173"
7758824,"3,0000886"
7758743,"2,9999977"
775875,"2,9999915"
7758919,"2,9886912"
77589163,"3,0001150"
7758931,"2,9998460"
77588337,"2,9996187"
7758835,"3,0001540"
77588336,"2,9998491"
7758934,"2,9960642"
7758918,"3,0001906"
77588363,"0,0000000"
77589161,"3,0030030"
7758917,"3,0000722"
77588361,"1,9770515"
77588332,"2,9999856"
7758831,"2,9147059"
77588335,"3,0000267"
77588343,"3,0000252"
7758665,"3,0002412"
77588334,"2,9997358"
77588331,"3,0263746"
77588341,"2,9997587"
77588333,"2,9996358"
77588321,"3,0000000"
77588322,"2,9997391"
77588323,"3,0001869"
7758664,"2,9998799"
7758814,"2,9998625"
77589162,"2,9998556"
7758785,"3,0000910"
7758793,"3,0000869"
7758915,"3,0001304"
7758913,"2,9998479"
7758783,"2,9999619"
7758911,"3,0000050"
7758811,"2,9981635"
7758914,"3,0000037"
7758781,"2,9998023"
7758912,"3,0002319"
7758812,"3,0001165"
77587273,"3,0019301"
775872763,"2,9999342"
7758765,"2,9999251"
7758763,"3,0000560"
7758762,"3,0000804"
77587272,"3,0000198"
775872762,"2,9997086"
77587271,"2,9999776"
77587274,"2,9999685"
77589222,"3,0002193"
7758764,"2,9998271"
77587264,"3,0001458"
7758782,"3,0000615"
77589223,"2,9999622"
7758784,"2,9998435"
77587293,"2,9996101"
775872951,"2,9995140"
775872941,"3,0016576"
775872952,"2,9998772"
775872943,"2,9999230"
77587297,"3,0004800"
775872953,"3,0005341"
775829693,"3,0001407"
77587296,"3,0001512"
775829643,"2,9999686"
77587298,"0,9999197"
775872993,"2,9992114"
77582966,"3,0002371"
775872991,"3,0002262"
775872992,"3,0062896"
77587285,"2,9998394"
775872761,"3,0001960"
77589243,"2,9999714"
77587283,"3,0001841"
77589256,"2,9999460"
77587275,"2,9997087"
77589263,"3,0000157"
77587291,"2,9999568"
775872823,"2,9998932"
77589242,"3,0000107"
77589262,"3,0000587"
775872822,"3,0001010"
77587277,"3,0033817"
77587284,"3,0003429"
775872821,"2,9624278"
77587281,"3,0000002"
77588342,"3,0001483"
7758692,"2,9688651"
7778935,"5,0000989"
77789341,"3,0000051"
7778936,"5,0011812"
777892,"0,8145238"
7778931,"2,3100454"
7778932,"4,1740478"
7778933,"4,9590963"
77789343,"5,0001646"
77789342,"4,9997084"
77824765,"4,9997580"
77824764,"5,0002585"
77824772,"5,0001563"
7778938,"5,0002727"
7778937,"3,9878453"
77824782,"4,9999859"
77788312,"4,9340854"
7778939,"3,8613659"
7778951,"3,1016621"
7778952,"2,9994065"
7778981,"4,9995764"
7778974,"5,0012052"
7778973,"4,9999878"
77789911,"5,0002253"
7778975,"5,0005662"
7778984,"4,9996413"
7778982,"4,9999656"
77789622,"5,0002847"
7762897,"5,0001390"
77789623,"4,9995961"
77628962,"4,9995362"
77789627,"4,9999023"
77789621,"5,0041953"
77789626,"5,0002136"
7778965,"5,0002324"
77629483,"4,9999521"
77824926,"4,9993985"
7778969,"4,9999821"
77789624,"4,9999739"
7778971,"4,9999361"
77789625,"5,2887368"
77789612,"5,0009429"
77824775,"4,9991773"
77824773,"2,7843724"
77824774,"4,9993820"
77824781,"5,0018987"
77824761,"4,9989875"
77824753,"2,9999637"
778247422,"4,9909485"
77824771,"3,0001422"
77824741,"3,1667927"
77824763,"4,9598483"
77824784,"4,9998046"
77824791,"4,9997034"
77824793,"4,9996844"
77824911,"5,0016438"
77824792,"4,9994625"
77824783,"4,9991354"
778249121,"4,9671571"
77824914,"2,7192775"
77824811,"1,0986943"
778249131,"1,1132325"
77789674,"4,9996451"
778249123,"5,0000761"
77824924,"4,9999979"
778249122,"5,0004751"
77824922,"4,9999727"
778247423,"5,0000977"
77824748,"3,5732597"
77824786,"4,9998160"
77789672,"4,9999907"
7778966,"4,9998057"
77824785,"4,9998320"
7778964,"4,9991383"
77824787,"4,9997607"
77789611,"2,9999845"
777894,"5,0000139"
7756411,"3,0000136"
7756395,"3,0001006"
7756391,"3,0001067"
7756351,"3,0000842"
775633,"2,9992472"
77562112,"3,0000132"
7756352,"3,0000266"
775631,"3,0010300"
775637,"3,0001383"
77562113,"2,9998630"
7756353,"3,0000108"
77562111,"3,0005989"
775632,"3,0000470"
77562121,"2,9996770"
7756199,"2,9997833"
77562115,"2,9997285"
77562131,"3,0001925"
7756345,"2,9999363"
77563483,"3,0001383"
77561986,"2,9999808"
7756343,"3,0000472"
77561672,"0,9999865"
7756347,"2,9998904"
77563481,"2,9997916"
7756341,"2,9995499"
7756381,"2,9999932"
77561981,"2,9999285"
7756349,"2,9999608"
7756382,"2,9999648"
77561983,"3,0001959"
7756383,"3,0002164"
77561674,"2,9998169"
7756394,"3,0002250"
77563482,"3,0000863"
7756344,"3,0000688"
7756342,"3,0000521"
77561987,"3,0001044"
7756346,"2,9998738"
77561985,"3,0000448"
7756413,"2,9999416"
77564143,"3,0002631"
77561694,"3,0001131"
7756421,"2,9999283"
7756422,"2,9997797"
77564142,"3,0000865"
77564141,"2,9991292"
77561695,"2,9999890"
7756384,"3,0001388"
7756385,"2,9999622"
7756387,"2,9999295"
77561691,"3,0001071"
7756386,"2,9998666"
7756424,"2,9998954"
7756415,"2,9998788"
7756423,"2,9997895"
7756431,"2,9999721"
77565633,"2,9999803"
7756435,"3,0001166"
7756436,"3,0000187"
77565634,"3,0000450"
77565632,"0,0000000"
77564121,"3,0000858"
77564123,"2,9999768"
7756437,"2,9992961"
7756562,"0,0000000"
7756434,"3,0001624"
77564122,"2,9998984"
7756433,"2,9998384"
775617871,"2,9996724"
77561786,"2,9998233"
77561781,"3,0009023"
77561783,"2,9998473"
77561789,"3,0001787"
7756179,"3,0004193"
775617875,"3,0000068"
77561656,"3,0000697"
77561912,"2,9998826"
77561785,"2,9999284"
7756192,"3,0000540"
7756197,"3,0000149"
77561941,"3,0001872"
7756193,"2,9889043"
77561984,"3,0001490"
77561913,"2,9998959"
7756196,"3,0001003"
77561982,"2,9999791"
7756195,"2,9993511"
775617874,"2,9999972"
77561788,"2,9998620"
775617873,"3,0000279"
77561911,"2,9994678"
7756432,"3,0000099"
7756445,"2,9997265"
7756442,"3,0000417"
7756444,"3,0001370"
7756443,"3,0000232"
77564461,"2,9998010"
7756441,"2,9999780"
7756451,"3,0001350"
7756491,"3,0000639"
77564811,"3,0014841"
7756477,"3,0025272"
7756454,"2,9999870"
7756479,"3,0000752"
7756447,"3,0002258"
7756472,"2,9999940"
7756461,"2,9997438"
7756463,"2,9997462"
7756478,"3,0000527"
7756564,"3,0000869"
77565654,"3,0000981"
7756474,"3,0000262"
7756464,"2,9998935"
7756453,"2,9999675"
7756455,"3,0018139"
7756566,"3,0000083"
7756471,"2,9989105"
7756476,"2,9999084"
7756473,"2,9997900"
7756452,"2,9999501"
7756475,"3,0004365"
77564841,"3,0002553"
7756485,"2,9998428"
7756487,"3,0019255"
77564891,"3,0001633"
77564821,"3,0043072"
7756483,"3,0000272"
7756486,"2,9999978"
7756493,"3,0001202"
7756495,"3,0020114"
77564813,"3,0006398"
77564921,"3,0000194"
7756496,"2,9998921"
7756494,"2,9999912"
7756568,"3,0001425"
77564922,"3,0000321"
77565635,"0,0000000"
77565655,"2,9998333"
77565653,"2,9999362"
77565651,"0,0000000"
7756567,"2,9998530"
775829453,"3,0004426"
775829455,"2,9951144"
775829454,"2,9998838"
775829433,"3,0004168"
77582942,"2,9999985"
77582922,"3,0000757"
77582924,"3,0000679"
775829451,"3,0001918"
77582941,"2,9997451"
775829431,"2,9999060"
775829452,"3,0001433"
775829441,"2,9936158"
77582928,"2,9996722"
77582949,"3,0000372"
77582927,"2,9989722"
77582946,"2,9999909"
77638893,"3,0001572"
775829456,"3,0002333"
77638622,"2,9998422"
77638892,"3,0000686"
77638625,"2,9999110"
77582947,"2,9988923"
775829457,"3,0000222"
77582948,"2,9998020"
775829446,"2,9997498"
775829447,"3,0000825"
77638949,"2,9999471"
775829443,"2,9988328"
7758294423,"3,0000901"
7758294421,"3,0014853"
775829444,"2,9998011"
77638946,"2,9996856"
775829445,"3,0000468"
77638624,"2,9998081"
77582812,"2,9995019"
77582923,"2,9998202"
7758293,"3,0010750"
7758291,"2,9999178"
77582921,"2,9998181"
77582811,"3,0001919"
77624633,"3,0001285"
77624632,"4,9996709"
77624631,"2,9964123"
77624621,"4,9998049"
77624656,"4,9998495"
7762475,"5,0000032"
7762461,"5,0003711"
77624721,"2,9996522"
77624651,"4,9997426"
77624652,"4,9998644"
77624913,"5,0003145"
77624654,"4,9997733"
77624655,"4,9996470"
77624641,"4,9997618"
77624912,"4,9993394"
7762473,"5,0003791"
7762471,"5,0001026"
77624653,"4,9995480"
77624911,"4,9989023"
7762477,"4,9995989"
77624583,"5,0000139"
77624642,"3,0000713"
776244267,"3,0002576"
77624622,"4,9999042"
776244266,"4,9999670"
77624623,"4,9990389"
77624593,"5,0001194"
77624591,"5,0005750"
776245692,"2,9996759"
77624624,"5,0001854"
77624625,"5,0000122"
7762442623,"3,0000746"
776244842,"4,9994509"
776244283,"3,0001362"
776244843,"5,0002761"
7762442622,"2,9996866"
77624662,"3,0000187"
77624643,"5,0001660"
77624657,"4,9983083"
77624658,"5,0006628"
776244243,"2,9999284"
77624568,"2,9998347"
776245693,"3,0000854"
776244242,"3,0000255"
77624723,"3,9616089"
77634923,"3,0002400"
77634921,"3,0000973"
7763869,"2,9997953"
7763482,"3,0000550"
7763483,"3,0000267"
7763484,"3,0002135"
77634922,"3,0004070"
7763868,"3,0003053"
77634971,"2,0002781"
7763495,"3,0000870"
7763496,"4,9996430"
77634973,"1,0002606"
7763493,"2,9994589"
77634941,"1,9999908"
7763476,"2,9998949"
77638642,"2,9999308"
7763485,"2,9999132"
77638643,"3,0001366"
7763481,"2,9998582"
7763866,"2,9998620"
7763445,"5,0000773"
77634322,"2,9999757"
7763433,"3,0000148"
77634424,"3,0000008"
7763436,"2,9999235"
7763431,"3,0001356"
77634321,"3,0001383"
77634422,"2,9998330"
77634423,"5,0007203"
7763443,"4,9977790"
77634341,"4,9993611"
7763441,"4,9999601"
77634421,"3,0001856"
7763451,"3,0001249"
7763435,"2,9991857"
7763437,"3,0000726"
7763472,"2,9997998"
7763452,"3,0000569"
77638492,"2,9997858"
7763444,"4,9999168"
77634693,"3,0004444"
77634691,"1,9983905"
77634673,"2,0000424"
77634942,"3,0003932"
77634671,"1,9984013"
77634661,"3,0001404"
7763463,"2,9945536"
77634672,"3,0000397"
77632922,"2,9997282"
7763283,"5,0000801"
7763465,"2,9998043"
77632923,"5,0000499"
7763296,"2,0000236"
7763462,"2,9999749"
7763464,"2,9998869"
77634614,"2,9999993"
77634611,"2,9998355"
7763455,"3,0000567"
7763491,"2,9991621"
77634612,"3,0000537"
77634345,"5,0001103"
7763474,"2,9999545"
7763454,"3,0000171"
7763478,"2,9997295"
77634613,"2,9963160"
77634615,"2,9999571"
77634344,"2,9998630"
77824984,"2,1045355"
77824925,"5,0000686"
77824927,"5,0002540"
7762949,"2,9330601"
7778968,"5,0007939"
77824981,"0,0000000"
77824923,"2,9090849"
77824982,"0,0000000"
77824983,"4,1454933"
77824921,"3,5571351"
77824915,"2,5199500"
77824918,"0,0000000"
77824919,"0,0000000"
778249133,"0,0000000"
7782493,"0,0000000"
77824917,"0,0000000"
77824916,"0,0000000"
77638947,"2,9998905"
77638944,"3,0000532"
77638948,"3,0001517"
775829934,"3,0000145"
775829923,"2,9999764"
7763888,"3,0001200"
77624952,"4,9999364"
77624922,"5,0004248"
77624923,"5,0000137"
77624835,"2,9994357"
77624834,"5,0007215"
77624831,"3,0000448"
77624832,"2,9995108"
77624837,"3,0559065"
7762485,"3,9739462"
77624833,"3,0007634"
77624931,"4,9982787"
77624915,"5,0002319"
77624921,"4,9990816"
77624914,"5,0006703"
77624954,"4,9999446"
77624761,"5,0005488"
77624811,"4,9998854"
77624812,"4,9999561"
77624813,"2,9989028"
77624933,"4,9994282"
77624934,"4,9995754"
77624932,"4,9999174"
77624937,"5,0009491"
776249361,"4,9998179"
77624935,"4,9986320"
7762482,"5,0004736"
7762474,"3,9412305"
77624762,"5,0001243"
77624763,"5,0006428"
776259783,"5,0000706"
776259782,"5,0004020"
776259774,"5,0004169"
77625994,"4,9999147"
77625996,"5,0003678"
77624836,"4,9995862"
7762484,"5,0001920"
7778953,"4,9964226"
77789613,"5,0002541"
7778963,"5,0002449"
77789671,"5,0001308"
77789675,"5,0010193"
77789673,"5,0015709"
7778972,"5,0004124"
7778872,"5,0000091"
7778836,"5,0000862"
7778882,"5,0005577"
7778894,"5,0008530"
77824751,"2,8631785"
7778787,"2,9972956"
778247162,"0,0377963"
7778786,"4,9988962"
77824752,"4,7805183"
7782473,"0,2701325"
778247163,"0,0212883"
77824762,"4,9998000"
77824743,"1,7914232"
778247493,"0,0000000"
778247421,"5,0009818"
77824812,"0,0000000"
7758935,"0,0000000"
7758933,"2,9987646"
7763863,"3,0000247"
7763887,"2,9998938"
77638891,"2,9998709"
7763479,"3,0005264"
7763471,"2,9993568"
7763475,"3,0016667"
7763477,"3,0001947"
77634343,"5,0009389"
7763473,"3,0012730"
7763453,"3,0002146"
775829651,"3,0002689"
775829652,"2,9999577"
775829653,"2,9995114"
775829635,"3,0014667"
77582796,"3,0000269"
7758295,"2,9999780"
775829631,"2,9999036"
775829613,"3,0122685"
775827863,"3,0001285"
775829632,"0,9999663"
775829611,"1,9994441"
775829612,"0,9999994"
775829633,"3,0000614"
775829634,"3,0006852"
775829622,"3,0001970"
775829642,"0,9998916"
775829621,"2,9997070"
775829623,"2,9999183"
775829641,"2,0000393"
77582971,"2,9999601"
77582984,"3,0002458"
775829811,"3,0000105"
77582989,"2,9999025"
775829812,"2,9995777"
77582967,"2,9998732"
77582968,"2,9997422"
775827862,"2,9999631"
77582988,"3,0002259"
775826993,"0,9999893"
775826991,"1,9995563"
775829692,"3,0001476"
775829691,"3,0001825"
77582667,"1,0000020"
77582788,"3,0001301"
7763312,"4,9999440"
7763333,"2,9997411"
776334,"4,9998051"
7763317,"3,0003634"
7763332,"5,0001653"
7763232,"5,0000607"
7763319,"3,0019987"
7763251,"2,9958473"
7763231,"2,9998017"
7763233,"2,9999174"
7763321,"2,9999433"
7763235,"3,0000306"
77632522,"3,0002331"
7763234,"4,9996160"
77632521,"2,9993481"
7763318,"5,0001180"
7763331,"3,0001454"
7763314,"5,0001181"
7763213,"3,0009513"
7763227,"3,0003210"
77632252,"1,0000618"
77632231,"2,0001496"
77632251,"1,9996534"
77632233,"2,0001406"
7763242,"3,0000860"
77632213,"1,9993502"
77632482,"3,0001094"
77632212,"5,0006493"
7763222,"4,9998522"
77632211,"1,9999931"
77632253,"1,9999691"
7763241,"3,0000464"
77632291,"1,9999958"
77632281,"3,0004612"
77632232,"5,0001716"
7763323,"3,0002577"
7763351,"3,0001503"
7763322,"4,9999969"
77624674,"4,9996072"
77624673,"4,9998030"
77624661,"2,9987256"
77624671,"5,0472377"
77624659,"2,9999284"
77624665,"2,9999201"
77624675,"5,0005720"
77624486,"5,0000705"
776244841,"5,0308696"
77624485,"5,0001818"
77624483,"5,0007234"
77624487,"5,0003768"
77624498,"5,0001985"
776244993,"5,0000308"
776244992,"4,9998596"
776244973,"4,9991565"
776244972,"5,0004277"
776244991,"4,9995105"
776244943,"5,0001306"
776244942,"5,0000070"
77624672,"4,9999005"
776249483,"3,0011969"
77624692,"5,0001617"
776249362,"4,9995675"
776249482,"3,0062072"
776249363,"5,0006457"
77624691,"4,9999852"
77624664,"4,9997799"
77624663,"3,0002085"
776244821,"5,0001264"
776244822,"5,0000228"
776244823,"4,9997998"
776244971,"4,9980653"
776244282,"5,0003726"
77624481,"4,9996928"
77624474,"3,0000142"
77624495,"4,9999214"
776244941,"5,0003930"
77624493,"5,0014550"
77624496,"5,0001874"
77624491,"4,9998548"
77629444,"4,8855895"
77629445,"4,9998884"
7762996,"3,4837424"
77629443,"4,9984688"
77629461,"5,0002175"
77629462,"4,9998852"
7762845,"4,9996403"
7762844,"2,9999539"
7762892,"2,9996894"
7762894,"4,0002043"
77629463,"5,0000048"
77629481,"5,0001545"
77629482,"4,9995044"
7762947,"4,0001080"
77824985,"0,0000000"
7762999,"1,1618945"
77629453,"5,0000613"
7762933,"3,0010107"
7762932,"4,9993344"
7762931,"3,0062449"
7762921,"3,5266821"
7762917,"3,0003670"
77628423,"3,9820391"
7762834,"4,9999309"
77629412,"4,9995129"
77628422,"3,0007305"
7762916,"4,9999424"
77629431,"5,0007765"
77629413,"4,9930188"
7762832,"3,0000877"
7762942,"4,9998123"
77629432,"4,9999673"
7762915,"2,9999960"
7762913,"3,0004265"
7762914,"4,1479366"
7762912,"4,9998957"
7762922,"0,1157549"
776262,"2,8106680"
776273,"3,0001411"
7762612,"4,9999957"
776271,"3,0000630"
7762721,"5,0008238"
77625999,"3,1290294"
7762611,"4,9987865"
7762613,"4,9995152"
776263,"1,6282776"
7762951,"2,0935445"
7762911,"2,9993939"
77629411,"4,9804451"
7762952,"0,0018407"
7762953,"1,3148737"
7762972,"4,9506543"
77629433,"4,9994622"
7762971,"0,9319388"
7762973,"1,8919973"
7762974,"2,3694381"
77629441,"5,0004834"
77629451,"5,0014017"
77629452,"5,0006377"
7762992,"0,0421463"
7762979,"0,0032859"
77629442,"4,9210212"
77629952,"0,0513622"
77629951,"0,0401983"
7762841,"2,9984198"
776285,"4,0034718"
776287,"5,0000565"
7762837,"3,9997605"
7762843,"4,0035429"
77628421,"3,0013890"
7762861,"3,0002579"
7762839,"3,9986154"
77628381,"5,0018752"
77628383,"4,9995918"
77628382,"4,9999791"
7762881,"5,0003503"
7762891,"4,9995236"
7762836,"5,0001743"
7762833,"3,9994563"
7762835,"3,9992579"
77624978,"5,0001984"
7762865,"4,9998475"
77624883,"5,0003583"
77624895,"4,9999990"
7762864,"4,9998604"
7762863,"4,9997946"
7762885,"5,0002014"
7762862,"5,0002458"
7762883,"5,0001814"
7762821,"4,9998336"
7762831,"3,9999955"
7762823,"4,9998523"
77582473,"1,9998385"
77582475,"2,0002923"
77582481,"3,0000988"
77582491,"1,9826356"
77582492,"3,0000020"
77582726,"3,0002003"
77582725,"2,9998727"
77582721,"3,0005888"
77582727,"3,0001140"
77582723,"2,9988145"
77582724,"2,9999140"
77582493,"2,0001224"
77582462,"3,0002437"
77582495,"1,0000948"
77582494,"2,9997953"
77582483,"3,0000413"
77582484,"3,0001295"
77582487,"2,9991108"
77582882,"2,9996626"
77582482,"2,9997125"
77582486,"2,9994921"
7758286,"2,9999488"
77582872,"3,0003790"
7758284,"3,0001445"
775827584,"2,9998769"
775827585,"2,9999756"
77582729,"3,0001046"
77582728,"3,0001736"
77582753,"3,0001440"
77582754,"3,0000159"
77582756,"3,0002571"
77582722,"3,0000570"
77582759,"2,9996425"
7758277,"2,9999813"
77582765,"3,0001055"
77582664,"3,0002635"
77582764,"3,0000414"
775827891,"2,9999852"
775827892,"3,0000239"
77582763,"2,9994782"
775827622,"3,0002281"
775827621,"2,9965409"
77582755,"3,0001283"
775827581,"2,9998641"
77582757,"3,0001870"
775827582,"3,0001336"
775827583,"2,9852081"
7758283,"3,0000358"
77582794,"2,9999373"
77582791,"2,9974944"
77582795,"2,9980998"
77582797,"2,9996289"
77582814,"3,0000722"
77582792,"2,9998809"
77582793,"3,0004633"
77582782,"2,9998687"
775827855,"3,0000342"
775827851,"2,9982669"
77582781,"2,9998221"
77582783,"2,9999786"
775827853,"2,9993439"
77582784,"2,9998682"
775827852,"2,9998779"
775827854,"3,0001921"
77582787,"3,0000325"
775827861,"2,9949599"
775827893,"3,0100913"
77582666,"1,0000011"
77624893,"2,9995450"
7762486,"4,9997694"
77624972,"4,9999426"
77624894,"2,9997840"
77624891,"4,0004113"
77624881,"5,0008913"
7762487,"5,0003376"
77624892,"4,9991547"
77624882,"4,9998399"
77627223,"4,9998388"
7762725,"5,0000701"
775829933,"3,0002100"
775829931,"2,9998400"
775829861,"2,9999201"
775829853,"3,0000559"
77582987,"3,0000481"
775829863,"3,0001062"
77589273,"2,9996998"
775829851,"3,0035027"
77582983,"3,0006085"
775829852,"2,9998839"
77582972,"3,0000658"
77582973,"2,9983976"
775829813,"2,9925202"
7758294422,"3,0000175"
77582991,"3,0001834"
775829432,"3,0000147"
775829825,"3,0012593"
775829822,"2,9998059"
775829824,"2,9998172"
775829932,"2,9997164"
775829821,"3,0000689"
775829823,"2,9995687"
775829951,"3,0001024"
775829828,"2,9999183"
775829827,"2,9982731"
775829826,"2,9998295"
775829921,"3,0002301"
775829922,"2,9998777"
775829862,"3,0001010"
7758298291,"2,9998378"
775829952,"0,0000000"
775829935,"0,0000000"
77624419,"3,0000346"
776244311,"3,0001904"
776244211,"3,0009338"
776244122,"3,0002364"
776244132,"2,9998868"
776244171,"2,9999119"
776244173,"3,0001551"
776244315,"3,0005605"
776244314,"3,0001587"
77624433,"3,0000496"
776244313,"3,0007452"
776244321,"3,0033260"
776244351,"3,0009172"
776244353,"2,9996788"
776244213,"2,9979199"
776244226,"2,9999129"
776244312,"5,0000176"
77624451,"2,9999534"
776244223,"2,9985792"
776244221,"3,0015744"
776244224,"2,9999729"
776244222,"5,0006463"
77624434,"2,9999797"
776244352,"3,0000817"
776244274,"2,9998888"
776244293,"3,0001629"
7762442271,"3,0001842"
776244229,"2,9999852"
7762442273,"2,9997627"
7762442272,"2,9996664"
776244225,"3,0003323"
776244231,"2,9995270"
776244228,"3,0001836"
776244272,"3,0000394"
776244235,"3,0003601"
776244291,"3,0003964"
776244234,"2,9998856"
776244275,"3,0002372"
7762442333,"2,9998081"
77624425,"3,0000976"
7762442332,"5,0003067"
776244276,"3,0004120"
7762442331,"2,9997120"
776244239,"3,0050980"
776244271,"2,9796330"
776244277,"3,0037568"
776244279,"2,9987439"
776244273,"2,9996524"
776244237,"2,9987231"
776244172,"2,9998301"
776244236,"3,0002011"
776244212,"2,0000492"
776244232,"3,0000124"
77624471,"2,9999773"
776244241,"3,0005336"
776244238,"2,9998812"
77624468,"3,0001523"
77624466,"2,9998922"
77624492,"2,9998641"
77624464,"4,9999163"
776244763,"3,0000883"
77624473,"3,0000308"
77624472,"2,9999776"
776244762,"3,0002176"
77624477,"5,0000006"
776244761,"3,0000410"
77624475,"5,0012375"
776244614,"3,0000840"
776244632,"2,9998417"
776244612,"3,0001429"
776244292,"2,9997577"
77624441,"3,0001230"
77624439,"2,9999602"
776244381,"2,9985299"
776244631,"3,0001325"
776244613,"2,9996633"
77624437,"3,0004935"
77624453,"3,0005720"
776244615,"2,9998003"
776244611,"3,0000129"
776244382,"2,9997871"
77624446,"3,0000979"
77624445,"2,9994994"
77624443,"2,9992917"
77624444,"2,9999210"
776244633,"3,0015907"
776244651,"2,9995134"
776244261,"2,9998403"
776244264,"3,0000227"
7762442621,"3,0000934"
776244265,"3,0006004"
776244263,"2,9998730"
776244278,"2,9999868"
776244281,"2,9999709"
775615,"3,0002745"
77561397,"2,9999719"
7756141,"2,9996589"
775789262,"2,9998938"
7756171,"3,0001350"
77561393,"2,9999404"
77561641,"2,9998628"
775789263,"4,9999185"
7756162,"2,9999752"
77561383,"3,0001432"
7756176,"3,0000952"
77561372,"4,9999999"
775789242,"5,0001798"
77561721,"2,9999228"
77561632,"2,9999616"
77561396,"3,0001385"
7756173,"2,9999757"
77561642,"3,0000015"
77561382,"3,0000601"
77561782,"3,0000613"
77561391,"3,0000363"
7756175,"2,9999256"
775789243,"4,9999065"
77561395,"3,0001671"
7756174,"3,0001599"
77561381,"3,0001784"
7756161,"3,0003783"
77561633,"3,0000946"
77561631,"3,0000707"
7756177,"2,9992705"
77561373,"3,0000076"
775789261,"2,9998184"
7756181,"2,9980909"
775617222,"3,0003662"
77561723,"2,9984434"
77561422,"2,9998771"
77561725,"2,9999722"
7756183,"2,9999992"
77561429,"3,0000161"
77561724,"3,0000763"
77561851,"3,0000130"
775617221,"3,0008481"
775617223,"3,0000038"
77561426,"2,9999988"
7756143,"2,9998326"
77561421,"2,9995686"
77561451,"2,9999798"
77561428,"3,0000970"
77561423,"3,0000138"
77561427,"2,9994456"
77561425,"2,9997837"
77561424,"3,0000876"
77561441,"2,9994994"
7756184,"2,9999869"
775621221,"2,9996518"
77562114,"2,9998252"
77561943,"3,0000584"
7756182,"2,9999860"
77561942,"2,9999424"
775621223,"2,9999432"
77561663,"3,0001172"
77561665,"3,0000296"
77561677,"3,0000010"
77561681,"3,0000247"
77561671,"2,9999148"
77561692,"3,0000323"
77561675,"2,9998992"
77561659,"2,9998919"
77561657,"3,0864457"
77561683,"3,0000072"
77561682,"3,0000172"
77561667,"3,0046628"
77561673,"3,0000184"
77561666,"2,9998504"
77561676,"2,9998343"
775616691,"3,0015636"
77561653,"3,0002603"
77561668,"2,9998640"
77561693,"2,9990912"
77561662,"2,9999308"
77561654,"3,0001254"
77561652,"2,9998828"
775617872,"3,0001492"
77561784,"2,9999546"
775826981,"2,0003453"
775826992,"1,0000550"
77582665,"0,9999650"
77582692,"0,9999660"
775826952,"2,9999999"
77582661,"1,0002909"
77582663,"2,0000450"
7758663,"2,9991298"
7758691,"3,0001479"
7758661,"2,9998684"
775867,"2,9999942"
7758681,"3,0000528"
7762893,"5,0008010"
7762882,"5,0006999"
7762895,"4,9997879"
77628961,"5,0002791"
7762811,"3,9996221"
7762812,"5,0002255"
7762723,"4,9996780"
77627221,"5,0003392"
77627222,"5,0005946"
7762724,"4,9999453"
776259972,"4,9998292"
776259973,"3,0895794"
7762822,"4,9999649"
7762813,"3,9996587"
7763373,"2,9998393"
77634141,"3,0001827"
77634143,"3,0003364"
77634142,"2,9999937"
7763363,"3,0001207"
7763365,"3,0000314"
7763362,"5,0002066"
7763391,"3,0002138"
77632525,"3,0000091"
77632524,"2,9999384"
7763361,"3,0001266"
7763375,"2,9999661"
77634144,"2,9996780"
7763364,"3,0000667"
7763245,"3,0000777"
77632441,"2,9999868"
776324421,"3,0001353"
7763246,"2,9999122"
77632555,"3,0003267"
7763259,"3,0000609"
77632572,"3,0000066"
7763291,"3,0000283"
7763243,"2,9965722"
7763253,"2,9998820"
77632571,"2,9967416"
77632491,"2,9998287"
77632443,"3,0001069"
7763294,"2,9998780"
7763247,"2,9996802"
77632561,"2,9990554"
77632481,"2,9999789"
776324423,"2,9999574"
77632573,"3,0002113"
77632563,"3,0000043"
77632552,"2,9999314"
77632551,"3,0000082"
77632553,"3,0001622"
77632562,"3,0003576"
7763258,"3,0000332"
77634145,"2,9998383"
7763427,"2,9999057"
77632542,"2,9999135"
77632543,"5,0000291"
77632541,"2,9997648"
77632523,"2,9902107"
7763268,"4,9997457"
7763267,"3,0006887"
7763266,"4,9997559"
7763282,"3,0001606"
7763269,"3,0001143"
77634243,"4,9999812"
7763265,"3,0060610"
7763262,"2,9999678"
7763264,"2,9996321"
7763263,"3,0000095"
77634342,"4,9997975"
7763281,"4,9997323"
776327,"3,0016100"
7763261,"2,9950012"
77632921,"3,0000795"
7763293,"2,9855524"
77632554,"4,9999102"
7763295,"2,9999938"
7763297,"3,0005303"
77634241,"2,9999671"
7763423,"3,0019925"
7763425,"3,0002171"
7763421,"3,0005377"
7763422,"5,0000937"
7763415,"2,9999895"
77634242,"2,9998990"
7763426,"4,9998325"
776324422,"2,9998210"
77632445,"2,9998229"
776259797,"3,0000006"
77625991,"2,9846313"
77625981,"2,9998913"
77625992,"4,9898841"
776259765,"0,0000000"
776259764,"0,0000000"
776259763,"0,0000000"
77625984,"0,0000000"
776259791,"3,0004785"
776259792,"5,0001939"
776259775,"2,9998173"
77625985,"0,0000000"
77625993,"3,0004671"
776259781,"5,0001729"
776259795,"2,9996561"
776259793,"2,9998461"
776259794,"4,9996991"
776259796,"4,9999091"
776259771,"2,9960668"
776259773,"2,9955528"
77625995,"3,0000908"
77625998,"5,0001935"
776259971,"3,0001740"
77625983,"4,9357990"
7762651,"1,2323843"
77625982,"4,9995750"
7762652,"0,0702488"
776259732,"4,9999127"
776259772,"4,9999954"
77589293,"0,0000000"
77582998,"0,0000000"
77589282,"2,9997792"
7758298292,"2,9999444"
7758298293,"3,0000013"
77589283,"3,0002903"
77589281,"2,9999626"
77638641,"3,0000048"
7763865,"2,9998042"
77638623,"2,9998906"
7763867,"3,0002130"
7763846,"2,9999862"
7762997,"0,8659575"
7758285,"3,0002243"
77582873,"2,0019664"
77582821,"3,0000827"
77582871,"2,9997967"
77582823,"2,9975909"
77582815,"2,8805843"
77582813,"3,0004555"
77589291,"2,9999000"
77589292,"0,0000000"
77589258,"2,9551957"
77589271,"2,9994165"
77589272,"2,9325627"
77589255,"2,9999770"
775892511,"3,0002420"
77589259,"2,8807829"
7758923,"2,9998722"
77589254,"2,9651430"
77589211,"2,9991602"
7758932,"2,9815108"
77589253,"0,0000000"
775892512,"0,0000000"
775892513,"3,0002938"
77589252,"0,0000000"
77589257,"3,0000325"
77589213,"3,0001701"
77589212,"2,9999480"
77589261,"2,9987665"
77589241,"3,0000427"
77589221,"3,0001068"
77624722,"4,0001769"
77558293,"2,9749986"
775614423,"2,9998416"
775614422,"2,9998927"
7755828,"2,9999850"
77561445,"3,0001042"
77558292,"5,0000337"
77558278,"5,0001679"
77558291,"2,9809719"
77561443,"3,0002062"
775614421,"3,0001334"
77561394,"2,9999355"
775582794,"2,9934362"
775582793,"2,9906291"
77561392,"2,9999620"
77561444,"2,9999368"
77785721,"5,0001420"
77823786,"2,9999659"
77823787,"2,9999983"
7782394,"3,0001801"
7778592,"4,9998369"
7778594,"4,9999823"
778237822,"3,0003624"
778237825,"2,9999336"
778237824,"5,0000007"
77785722,"4,9999202"
77785723,"5,0000174"
77823784,"2,9998670"
77823764,"2,9999236"
77823765,"3,0002451"
77823727,"2,9997235"
7778596,"5,0000275"
77785972,"4,9999496"
77824293,"3,0000575"
77785976,"4,9998136"
77824272,"2,9999785"
77824292,"2,9995504"
7778552,"5,0001136"
777854,"3,0000058"
7782348,"4,9998460"
77823423,"3,0001474"
77823493,"4,9998865"
77823963,"2,9999191"
7782425,"2,9998903"
7782422,"2,9999069"
77785984,"4,9996623"
77785985,"2,9998580"
77785983,"3,0000976"
77785981,"3,0001692"
7782346,"3,0000147"
77823422,"3,0004089"
77798229,"5,0000269"
7778269,"4,9999469"
778226,"5,0000518"
7778294,"5,0000007"
7778295,"4,9998056"
7778296,"5,0000587"
7778297,"5,0000653"
7778267,"4,9996302"
7778266,"4,9997210"
7778265,"5,0002161"
77782641,"4,9983917"
77782643,"4,9996250"
7778268,"5,0005747"
77798228,"4,9997635"
77798226,"4,9997343"
7779866,"3,0003138"
7779896,"5,0000147"
7779867,"5,0001397"
777982272,"3,0001950"
77782642,"4,9998255"
7778293,"5,0002607"
7782294,"4,9999630"
77822933,"4,9997403"
77822932,"5,0008761"
7782286,"4,9998934"
77822931,"5,0000593"
77822992,"4,9996009"
7782295,"5,0001218"
77822993,"4,9998720"
77822991,"4,9995627"
7782298,"4,9994692"
7782287,"4,9998170"
7782297,"5,0016447"
77823185,"5,0003367"
7782284,"5,0000353"
7782296,"4,9999875"
7778283,"4,9999199"
7782292,"4,9999078"
77782921,"4,9998396"
7778291,"5,0002128"
7778532,"4,9998319"
7778281,"5,0000897"
7778512,"4,9999458"
77782922,"4,9996370"
77782923,"5,0001203"
7778282,"4,9997039"
77823324,"2,9999426"
77823914,"2,9999703"
77823916,"3,0001862"
7782416,"2,9999770"
7782421,"2,9998187"
77823785,"2,9997201"
77823783,"3,0001328"
778237821,"2,9998585"
7782377,"2,9996142"
778237823,"2,9982824"
7782343,"3,0000170"
77823421,"5,0001407"
77823492,"2,9997839"
77823491,"4,9936717"
7782347,"5,0015898"
77823725,"3,0066106"
77823723,"2,9999420"
77823724,"4,9998567"
77823722,"2,9998915"
77823726,"2,9999797"
77823721,"2,9996752"
77823763,"2,9995208"
77823762,"2,9997111"
77823751,"3,0000375"
77824511,"3,0010486"
77824512,"3,0004801"
7782433,"3,0004415"
7782437,"3,0001996"
7782439,"2,9995867"
77824421,"3,0000719"
77824422,"2,9999612"
77824443,"3,0001048"
77824442,"2,9999962"
7782443,"2,9999156"
7782445,"4,8570119"
77824265,"3,0000405"
77824423,"2,9997268"
77824441,"3,0051477"
7782441,"3,0002267"
77824262,"2,9998918"
7782424,"3,0001424"
7782438,"3,0000852"
77824513,"3,0009751"
7782434,"2,9998896"
77824531,"2,9998624"
77824533,"3,0006924"
77824551,"2,9995759"
77824532,"3,0000915"
77824552,"4,9999062"
77824583,"4,8714760"
77824273,"2,9999504"
7782428,"3,0001622"
77824261,"2,9982847"
77824263,"3,0003414"
77824291,"2,9993434"
77824271,"2,9982701"
77824264,"5,0001894"
7782423,"2,9995031"
7782457,"2,9985744"
77824591,"3,0032931"
77824592,"5,0005488"
77824553,"3,0001400"
77824593,"0,9264399"
77824581,"4,8748641"
77824582,"2,3479752"
77824594,"0,0000000"
77824714,"0,0062296"
7782447,"4,3966163"
7782446,"4,9999141"
7782449,"3,0000246"
77785987,"3,0000806"
7778745,"4,9997124"
7782448,"4,8124466"
7778784,"2,9999557"
7778785,"2,9988291"
7778742,"5,0002481"
7778743,"4,9996328"
7778783,"3,0001146"
7778794,"4,8876993"
7778782,"3,0002631"
77798422,"2,9999912"
7779821,"2,9997992"
7779831,"3,0000058"
7779813,"3,0057517"
77798424,"3,0000003"
77798425,"4,9998879"
7779847,"2,9993101"
7779848,"3,0001195"
77798491,"3,0001200"
77798493,"2,9998070"
77798492,"3,0002197"
7779812,"4,9997843"
7779811,"0,0000000"
77798222,"2,9998226"
77798224,"2,9999467"
777982251,"3,0000655"
77798223,"3,0008829"
77798221,"2,9993803"
77798252,"5,0004474"
7779823,"5,0000257"
77798251,"4,9984795"
777942,"4,9993688"
777943,"5,0003606"
77796,"2,9995886"
777941,"4,9967698"
777949,"4,9999192"
777948,"4,9998987"
77792,"4,9983920"
777947,"5,0002073"
777946,"4,9999918"
7778221,"5,0174447"
7778224,"4,9993334"
7778231,"4,9999038"
7778222,"4,9998470"
7778225,"5,0000458"
7778223,"4,9988018"
777944,"5,0005649"
777945,"4,9994853"
777972,"2,9996979"
7778123,"4,9996361"
777912,"5,0001764"
7778122,"5,0006810"
7779824,"5,0001585"
77798253,"5,0000709"
7779826,"5,0002712"
77798255,"4,9995007"
7778227,"4,9997763"
7778232,"5,0000335"
77798254,"5,0004384"
7779828,"5,0001134"
777982253,"2,9998698"
77798293,"4,9998823"
77798291,"5,0004412"
77798292,"4,9998168"
777982252,"5,0002859"
7778242,"4,9990785"
7778241,"3,0000076"
777982271,"3,0001698"
777982273,"4,9986212"
7778243,"3,0000685"
7778263,"4,9994961"
7778262,"4,9997939"
7778252,"5,0000212"
77782612,"4,9994487"
7778271,"5,0000527"
77782723,"5,0000115"
77782722,"4,9997622"
77782721,"4,9906804"
7779827,"4,9994413"
7778226,"5,0002319"
7778253,"4,9999803"
77782611,"5,0009617"
77782613,"4,9994952"
7778251,"5,0000760"
77785982,"5,0000212"
77785986,"4,9998066"
77785992,"4,9994233"
7778744,"4,9998363"
775611,"2,9986753"
77561253,"3,0001406"
7756126,"0,9999193"
77561251,"2,9996081"
77558263,"2,9999178"
77558264,"1,0000285"
77561271,"3,0000290"
77558261,"3,0000786"
77558262,"4,9994810"
77561319,"2,9994487"
77561318,"5,0001025"
77561343,"5,0001121"
77561222,"5,0005527"
77561223,"4,9993822"
77561321,"5,0002053"
77561323,"5,0001742"
77561272,"5,0000069"
77561221,"4,9998637"
77561252,"5,0000180"
77561275,"2,9993104"
77561314,"4,9999106"
77561316,"1,0000850"
77572242,"0,9999842"
775613511,"2,9998491"
77572223,"0,9999848"
77578443,"2,9999070"
775613512,"4,9995936"
775724,"5,0000025"
775728,"4,9999878"
7757642,"4,9996313"
7757262,"5,0003202"
77578442,"0,9999641"
775747,"4,9998830"
77561353,"3,0001101"
77561355,"3,0001884"
775725,"4,9999679"
77561352,"4,9999837"
775727,"4,9996154"
775613513,"2,9997125"
7757641,"5,0000190"
7757643,"5,0000319"
775613571,"3,0000642"
7757261,"5,0000180"
77561356,"5,0000721"
775729,"5,0000482"
7757263,"4,9998069"
77561317,"3,0001749"
77561315,"3,0000964"
775741,"4,9929607"
775743,"5,0013880"
7757233,"4,9998415"
7757522,"4,9996647"
775754,"4,9984254"
775745,"5,0003339"
7757521,"4,9999244"
7757523,"5,0001397"
775746,"5,0001320"
775721,"2,9356328"
775744,"4,9998597"
7757231,"4,9994576"
775742,"5,0002499"
7757232,"5,0000300"
7757225,"5,0001535"
77561312,"5,0001989"
77561332,"5,0004414"
77561333,"3,0000950"
77561331,"2,9986672"
7757228,"4,9998473"
77572221,"2,0000140"
77572241,"2,9993739"
7757223,"2,9999356"
7757226,"5,0001819"
7757229,"4,9999905"
77572243,"4,9999031"
7757227,"4,9996042"
77572222,"4,9996480"
7757221,"2,9962751"
77561342,"5,0001637"
77561341,"5,0231106"
77561322,"5,0000090"
77561354,"4,9998458"
775582795,"2,9887798"
77561359,"3,0000791"
7756135782,"5,0006971"
775582756,"2,9998637"
775582758,"4,9999506"
77558276,"3,0001211"
775582755,"3,0000164"
77558277,"3,0002707"
77558828,"3,0000303"
775582792,"4,9998963"
77561358,"4,9997616"
775582759,"3,0001915"
775613579,"2,9996569"
775582791,"3,0007288"
775582757,"3,0000898"
77561371,"2,9999959"
77558829,"3,0000228"
775588275,"5,0001405"
77558862,"5,0001422"
77561274,"0,9999188"
77561291,"3,0003740"
77561273,"3,0012154"
775784451,"2,9999567"
775613572,"5,0002514"
77561293,"2,9999224"
77561282,"5,0000426"
77561292,"4,9999231"
775613574,"5,0000166"
77578444,"4,9999812"
775613573,"2,9999967"
77561281,"5,0000560"
775613575,"2,9999117"
77561283,"5,0002096"
77561363,"4,9995001"
775613576,"3,0001334"
77578467,"4,9996192"
775784472,"3,0001930"
7756135781,"5,0170896"
77578786,"4,9999526"
77561362,"4,9998076"
775613577,"3,0003952"
775784471,"2,9999196"
77578785,"4,9998616"
77578448,"1,0000935"
77578449,"5,0001594"
775784473,"3,0000150"
77561361,"4,9982626"
77561365,"2,9998577"
775787295,"2,9992388"
77561364,"4,9998002"
77578446,"0,9999855"
77578787,"4,9999193"
775787292,"4,9998774"
77578466,"4,9996805"
775784453,"3,0001362"
775784452,"5,0002249"
775588274,"3,0002229"
775582753,"2,9998505"
77558266,"5,0002574"
775588273,"2,9998031"
775582754,"3,0000143"
77558267,"2,9999926"
77558824,"3,0001718"
7756135783,"5,0002630"
77558265,"2,9999335"
775582752,"4,9998783"